stem,frame_id,temporal_block,split,status,exclude_reason,source_image_path,source_annotation_path,source_mask_path,source_mask_scope,yolo_image_path,yolo_label_path,ego_track_count,total_track_count,switch_count,polygon_points,polygon_area_px,tags
nlb_fall_000039,39,0,test,usable,,images/nlb_fall_000039.png,annotations/nlb_fall_000039.json,masks/nlb_fall_000039.png,all_tracks,images/test/nlb_fall_000039.png,labels/test/nlb_fall_000039.txt,1,1,0,28,101513.0,"[""environment:station"", ""environment:urban"", ""light:auto_bright_dark"", ""light:natural"", ""time_of_day:twilight"", ""track_layout:curve"", ""weather:cloudy""]"
nlb_fall_000040,40,0,test,usable,,images/nlb_fall_000040.png,annotations/nlb_fall_000040.json,masks/nlb_fall_000040.png,all_tracks,images/test/nlb_fall_000040.png,labels/test/nlb_fall_000040.txt,1,2,0,22,103233.5,"[""environment:station"", ""environment:urban"", ""light:auto_bright_dark"", ""light:dark"", ""light:natural"", ""time_of_day:twilight"", ""track_layout:curve"", ""track_layout:straight"", ""weather:cloudy""]"
nlb_fall_000041,41,0,test,usable,,images/nlb_fall_000041.png,annotations/nlb_fall_000041.json,masks/nlb_fall_000041.png,all_tracks,images/test/nlb_fall_000041.png,labels/test/nlb_fall_000041.txt,1,5,4,16,100771.5,"[""environment:urban"", ""light:auto_bright_dark"", ""light:dark"", ""light:natural"", ""time_of_day:twilight"", ""track_layout:straight"", ""weather:cloudy""]"
nlb_fall_000042,42,0,test,usable,,images/nlb_fall_000042.png,annotations/nlb_fall_000042.json,masks/nlb_fall_000042.png,all_tracks,images/test/nlb_fall_000042.png,labels/test/nlb_fall_000042.txt,1,5,3,16,100879.0,"[""environment:urban"", ""light:auto_bright_dark"", ""light:dark"", ""light:natural"", ""time_of_day:twilight"", ""track_layout:straight"", ""weather:cloudy""]"
nlb_fall_000043,43,0,test,usable,,images/nlb_fall_000043.png,annotations/nlb_fall_000043.json,masks/nlb_fall_000043.png,all_tracks,images/test/nlb_fall_000043.png,labels/test/nlb_fall_000043.txt,1,6,4,14,99744.0,"[""environment:urban"", ""light:auto_bright_dark"", ""light:dark"", ""light:natural"", ""time_of_day:twilight"", ""track_layout:straight"", ""weather:cloudy""]"
nlb_fall_000044,44,0,test,usable,,images/nlb_fall_000044.png,annotations/nlb_fall_000044.json,masks/nlb_fall_000044.png,all_tracks,images/test/nlb_fall_000044.png,labels/test/nlb_fall_000044.txt,1,3,1,12,100326.5,"[""environment:urban"", ""light:auto_bright_dark"", ""light:dark"", ""light:natural"", ""time_of_day:twilight"", ""track_layout:straight"", ""weather:cloudy""]"
nlb_fall_000045,45,0,test,usable,,images/nlb_fall_000045.png,annotations/nlb_fall_000045.json,masks/nlb_fall_000045.png,all_tracks,images/test/nlb_fall_000045.png,labels/test/nlb_fall_000045.txt,1,2,0,16,97295.5,"[""environment:urban"", ""light:auto_bright_dark"", ""light:dark"", ""light:natural"", ""time_of_day:twilight"", ""track_layout:straight"", ""weather:cloudy""]"
nlb_fall_000046,46,0,test,usable,,images/nlb_fall_000046.png,annotations/nlb_fall_000046.json,masks/nlb_fall_000046.png,all_tracks,images/test/nlb_fall_000046.png,labels/test/nlb_fall_000046.txt,1,2,0,14,100853.0,"[""environment:urban"", ""light:auto_bright_dark"", ""light:dark"", ""light:natural"", ""time_of_day:twilight"", ""track_layout:straight"", ""weather:cloudy""]"
nlb_fall_000047,47,0,test,usable,,images/nlb_fall_000047.png,annotations/nlb_fall_000047.json,masks/nlb_fall_000047.png,all_tracks,images/test/nlb_fall_000047.png,labels/test/nlb_fall_000047.txt,1,2,0,12,101531.0,"[""environment:urban"", ""light:auto_bright_dark"", ""light:dark"", ""light:natural"", ""time_of_day:twilight"", ""track_layout:straight"", ""weather:cloudy""]"
nlb_fall_000048,48,0,test,usable,,images/nlb_fall_000048.png,annotations/nlb_fall_000048.json,masks/nlb_fall_000048.png,all_tracks,images/test/nlb_fall_000048.png,labels/test/nlb_fall_000048.txt,1,2,0,16,102351.5,"[""environment:urban"", ""light:auto_bright_dark"", ""light:dark"", ""light:natural"", ""time_of_day:twilight"", ""track_layout:straight"", ""weather:cloudy""]"
nlb_fall_000049,49,0,test,usable,,images/nlb_fall_000049.png,annotations/nlb_fall_000049.json,masks/nlb_fall_000049.png,all_tracks,images/test/nlb_fall_000049.png,labels/test/nlb_fall_000049.txt,1,2,0,14,104097.5,"[""environment:urban"", ""light:auto_bright_dark"", ""light:dark"", ""light:natural"", ""time_of_day:twilight"", ""track_layout:straight"", ""weather:cloudy""]"
nlb_fall_000050,50,0,test,usable,,images/nlb_fall_000050.png,annotations/nlb_fall_000050.json,masks/nlb_fall_000050.png,all_tracks,images/test/nlb_fall_000050.png,labels/test/nlb_fall_000050.txt,1,2,0,12,101158.5,"[""environment:urban"", ""light:auto_bright_dark"", ""light:dark"", ""light:natural"", ""time_of_day:twilight"", ""track_layout:straight"", ""weather:cloudy""]"
nlb_fall_000051,51,0,test,usable,,images/nlb_fall_000051.png,annotations/nlb_fall_000051.json,masks/nlb_fall_000051.png,all_tracks,images/test/nlb_fall_000051.png,labels/test/nlb_fall_000051.txt,1,2,0,12,99917.0,"[""environment:urban"", ""light:auto_bright_dark"", ""light:dark"", ""light:natural"", ""time_of_day:twilight"", ""track_layout:parallel structures"", ""track_layout:straight"", ""weather:cloudy""]"
nlb_fall_000052,52,0,test,usable,,images/nlb_fall_000052.png,annotations/nlb_fall_000052.json,masks/nlb_fall_000052.png,all_tracks,images/test/nlb_fall_000052.png,labels/test/nlb_fall_000052.txt,1,2,0,12,97799.0,"[""environment:urban"", ""light:auto_bright_dark"", ""light:dark"", ""light:natural"", ""time_of_day:twilight"", ""track_layout:parallel structures"", ""track_layout:straight"", ""weather:cloudy""]"
nlb_fall_000053,53,0,test,usable,,images/nlb_fall_000053.png,annotations/nlb_fall_000053.json,masks/nlb_fall_000053.png,all_tracks,images/test/nlb_fall_000053.png,labels/test/nlb_fall_000053.txt,1,2,0,12,101717.0,"[""environment:station"", ""environment:urban"", ""light:auto_bright_dark"", ""light:natural"", ""time_of_day:twilight"", ""track_layout:parallel structures"", ""track_layout:straight"", ""weather:cloudy""]"
nlb_fall_000054,54,0,test,usable,,images/nlb_fall_000054.png,annotations/nlb_fall_000054.json,masks/nlb_fall_000054.png,all_tracks,images/test/nlb_fall_000054.png,labels/test/nlb_fall_000054.txt,1,2,0,14,99876.0,"[""environment:station"", ""environment:urban"", ""light:auto_bright_dark"", ""light:dark"", ""light:natural"", ""time_of_day:twilight"", ""track_layout:curve"", ""track_layout:straight"", ""weather:cloudy""]"
nlb_fall_000055,55,0,test,usable,,images/nlb_fall_000055.png,annotations/nlb_fall_000055.json,masks/nlb_fall_000055.png,all_tracks,images/test/nlb_fall_000055.png,labels/test/nlb_fall_000055.txt,1,2,0,12,100410.0,"[""environment:station"", ""environment:urban"", ""light:auto_bright_dark"", ""light:dark"", ""light:natural"", ""time_of_day:twilight"", ""track_layout:curve"", ""track_layout:straight"", ""weather:cloudy""]"
nlb_fall_000056,56,0,test,usable,,images/nlb_fall_000056.png,annotations/nlb_fall_000056.json,masks/nlb_fall_000056.png,all_tracks,images/test/nlb_fall_000056.png,labels/test/nlb_fall_000056.txt,1,1,0,18,100393.5,"[""environment:urban"", ""light:auto_bright_dark"", ""light:dark"", ""light:natural"", ""time_of_day:twilight"", ""track_layout:curve"", ""weather:cloudy""]"
nlb_fall_000057,57,0,test,usable,,images/nlb_fall_000057.png,annotations/nlb_fall_000057.json,masks/nlb_fall_000057.png,all_tracks,images/test/nlb_fall_000057.png,labels/test/nlb_fall_000057.txt,1,1,0,16,106038.0,"[""environment:urban"", ""light:auto_bright_dark"", ""light:dark"", ""light:natural"", ""time_of_day:twilight"", ""track_layout:curve"", ""weather:cloudy""]"
nlb_fall_000058,58,0,test,usable,,images/nlb_fall_000058.png,annotations/nlb_fall_000058.json,masks/nlb_fall_000058.png,all_tracks,images/test/nlb_fall_000058.png,labels/test/nlb_fall_000058.txt,1,1,0,16,101820.0,"[""environment:urban"", ""light:auto_bright_dark"", ""light:dark"", ""light:natural"", ""time_of_day:twilight"", ""track_layout:curve"", ""weather:cloudy""]"
nlb_fall_000059,59,0,test,usable,,images/nlb_fall_000059.png,annotations/nlb_fall_000059.json,masks/nlb_fall_000059.png,all_tracks,images/test/nlb_fall_000059.png,labels/test/nlb_fall_000059.txt,1,1,0,14,102355.5,"[""environment:urban"", ""light:auto_bright_dark"", ""light:dark"", ""light:natural"", ""time_of_day:twilight"", ""track_layout:curve"", ""weather:cloudy""]"
nlb_fall_000060,60,0,test,usable,,images/nlb_fall_000060.png,annotations/nlb_fall_000060.json,masks/nlb_fall_000060.png,all_tracks,images/test/nlb_fall_000060.png,labels/test/nlb_fall_000060.txt,1,1,0,18,102246.0,"[""environment:urban"", ""light:auto_bright_dark"", ""light:dark"", ""light:natural"", ""time_of_day:twilight"", ""track_layout:curve"", ""weather:cloudy""]"
nlb_fall_000061,61,0,test,usable,,images/nlb_fall_000061.png,annotations/nlb_fall_000061.json,masks/nlb_fall_000061.png,all_tracks,images/test/nlb_fall_000061.png,labels/test/nlb_fall_000061.txt,1,1,0,16,101951.0,"[""environment:urban"", ""light:auto_bright_dark"", ""light:dark"", ""light:natural"", ""time_of_day:twilight"", ""track_layout:curve"", ""weather:cloudy""]"
nlb_fall_000062,62,0,test,usable,,images/nlb_fall_000062.png,annotations/nlb_fall_000062.json,masks/nlb_fall_000062.png,all_tracks,images/test/nlb_fall_000062.png,labels/test/nlb_fall_000062.txt,1,1,0,14,100439.0,"[""environment:urban"", ""light:auto_bright_dark"", ""light:dark"", ""light:natural"", ""time_of_day:twilight"", ""track_layout:curve"", ""weather:cloudy""]"
nlb_fall_000063,63,0,test,usable,,images/nlb_fall_000063.png,annotations/nlb_fall_000063.json,masks/nlb_fall_000063.png,all_tracks,images/test/nlb_fall_000063.png,labels/test/nlb_fall_000063.txt,1,1,0,16,100467.0,"[""environment:rural"", ""environment:station"", ""light:auto_bright_dark"", ""light:dark"", ""light:natural"", ""time_of_day:twilight"", ""track_layout:curve"", ""weather:cloudy""]"
nlb_fall_000064,64,0,test,usable,,images/nlb_fall_000064.png,annotations/nlb_fall_000064.json,masks/nlb_fall_000064.png,all_tracks,images/test/nlb_fall_000064.png,labels/test/nlb_fall_000064.txt,1,1,0,18,99706.0,"[""environment:station"", ""environment:urban"", ""light:auto_bright_dark"", ""light:dark"", ""light:natural"", ""time_of_day:twilight"", ""track_layout:curve"", ""weather:cloudy""]"
nlb_fall_000065,65,0,test,usable,,images/nlb_fall_000065.png,annotations/nlb_fall_000065.json,masks/nlb_fall_000065.png,all_tracks,images/test/nlb_fall_000065.png,labels/test/nlb_fall_000065.txt,1,1,0,14,102323.5,"[""environment:rural"", ""environment:urban"", ""light:auto_bright_dark"", ""light:dark"", ""light:natural"", ""time_of_day:twilight"", ""track_layout:curve"", ""weather:cloudy""]"
nlb_fall_000066,66,0,test,usable,,images/nlb_fall_000066.png,annotations/nlb_fall_000066.json,masks/nlb_fall_000066.png,all_tracks,images/test/nlb_fall_000066.png,labels/test/nlb_fall_000066.txt,1,1,0,14,100557.5,"[""environment:rural"", ""environment:urban"", ""light:auto_bright_dark"", ""light:dark"", ""light:natural"", ""time_of_day:twilight"", ""track_layout:curve"", ""weather:cloudy""]"
nlb_fall_000067,67,0,test,usable,,images/nlb_fall_000067.png,annotations/nlb_fall_000067.json,masks/nlb_fall_000067.png,all_tracks,images/test/nlb_fall_000067.png,labels/test/nlb_fall_000067.txt,1,1,0,16,101470.0,"[""environment:rural"", ""environment:urban"", ""light:auto_bright_dark"", ""light:dark"", ""light:natural"", ""time_of_day:twilight"", ""track_layout:curve"", ""weather:cloudy""]"
nlb_fall_000068,68,0,test,usable,,images/nlb_fall_000068.png,annotations/nlb_fall_000068.json,masks/nlb_fall_000068.png,all_tracks,images/test/nlb_fall_000068.png,labels/test/nlb_fall_000068.txt,1,1,0,14,101455.5,"[""environment:rural"", ""environment:urban"", ""light:auto_bright_dark"", ""light:dark"", ""light:natural"", ""time_of_day:twilight"", ""track_layout:curve"", ""weather:cloudy""]"
nlb_fall_000069,69,0,test,usable,,images/nlb_fall_000069.png,annotations/nlb_fall_000069.json,masks/nlb_fall_000069.png,all_tracks,images/test/nlb_fall_000069.png,labels/test/nlb_fall_000069.txt,1,1,0,16,98459.0,"[""environment:rural"", ""environment:urban"", ""light:auto_bright_dark"", ""light:dark"", ""light:natural"", ""time_of_day:twilight"", ""track_layout:curve"", ""weather:cloudy""]"
nlb_fall_000070,70,0,test,usable,,images/nlb_fall_000070.png,annotations/nlb_fall_000070.json,masks/nlb_fall_000070.png,all_tracks,images/test/nlb_fall_000070.png,labels/test/nlb_fall_000070.txt,1,1,0,14,101779.0,"[""environment:rural"", ""environment:urban"", ""light:auto_bright_dark"", ""light:dark"", ""light:natural"", ""time_of_day:twilight"", ""track_layout:curve"", ""weather:cloudy""]"
nlb_fall_000071,71,0,test,usable,,images/nlb_fall_000071.png,annotations/nlb_fall_000071.json,masks/nlb_fall_000071.png,all_tracks,images/test/nlb_fall_000071.png,labels/test/nlb_fall_000071.txt,1,1,0,14,102040.5,"[""environment:rural"", ""environment:urban"", ""light:auto_bright_dark"", ""light:dark"", ""light:natural"", ""time_of_day:twilight"", ""track_layout:curve"", ""weather:cloudy""]"
nlb_fall_000072,72,0,test,usable,,images/nlb_fall_000072.png,annotations/nlb_fall_000072.json,masks/nlb_fall_000072.png,all_tracks,images/test/nlb_fall_000072.png,labels/test/nlb_fall_000072.txt,1,1,0,14,101659.0,"[""environment:rural"", ""environment:urban"", ""light:auto_bright_dark"", ""light:dark"", ""light:natural"", ""time_of_day:twilight"", ""track_layout:curve"", ""weather:cloudy""]"
nlb_fall_000073,73,0,test,usable,,images/nlb_fall_000073.png,annotations/nlb_fall_000073.json,masks/nlb_fall_000073.png,all_tracks,images/test/nlb_fall_000073.png,labels/test/nlb_fall_000073.txt,1,1,0,14,101742.0,"[""environment:rural"", ""environment:urban"", ""light:auto_bright_dark"", ""light:dark"", ""light:natural"", ""time_of_day:twilight"", ""track_layout:curve"", ""weather:cloudy""]"
nlb_fall_000074,74,0,test,usable,,images/nlb_fall_000074.png,annotations/nlb_fall_000074.json,masks/nlb_fall_000074.png,all_tracks,images/test/nlb_fall_000074.png,labels/test/nlb_fall_000074.txt,1,1,0,14,100345.5,"[""environment:rural"", ""environment:urban"", ""light:auto_bright_dark"", ""light:dark"", ""light:natural"", ""time_of_day:twilight"", ""track_layout:curve"", ""weather:cloudy""]"
nlb_fall_000075,75,0,test,usable,,images/nlb_fall_000075.png,annotations/nlb_fall_000075.json,masks/nlb_fall_000075.png,all_tracks,images/test/nlb_fall_000075.png,labels/test/nlb_fall_000075.txt,1,2,1,12,102151.5,"[""environment:rural"", ""environment:urban"", ""light:auto_bright_dark"", ""light:dark"", ""light:natural"", ""time_of_day:twilight"", ""track_layout:straight"", ""weather:cloudy""]"
nlb_fall_000076,76,0,test,usable,,images/nlb_fall_000076.png,annotations/nlb_fall_000076.json,masks/nlb_fall_000076.png,all_tracks,images/test/nlb_fall_000076.png,labels/test/nlb_fall_000076.txt,1,3,3,14,99491.0,"[""environment:rural"", ""environment:urban"", ""light:auto_bright_dark"", ""light:dark"", ""light:natural"", ""time_of_day:twilight"", ""track_layout:curve"", ""track_layout:straight"", ""weather:cloudy""]"
nlb_fall_000077,77,0,test,usable,,images/nlb_fall_000077.png,annotations/nlb_fall_000077.json,masks/nlb_fall_000077.png,all_tracks,images/test/nlb_fall_000077.png,labels/test/nlb_fall_000077.txt,1,5,2,14,100418.0,"[""environment:rural"", ""light:auto_bright_dark"", ""light:dark"", ""light:natural"", ""time_of_day:twilight"", ""track_layout:straight"", ""weather:cloudy""]"
nlb_fall_000078,78,0,test,usable,,images/nlb_fall_000078.png,annotations/nlb_fall_000078.json,masks/nlb_fall_000078.png,all_tracks,images/test/nlb_fall_000078.png,labels/test/nlb_fall_000078.txt,1,2,0,16,99248.5,"[""environment:rural"", ""environment:urban"", ""light:auto_bright_dark"", ""light:dark"", ""light:natural"", ""time_of_day:twilight"", ""track_layout:straight"", ""weather:cloudy""]"
nlb_fall_000079,79,0,test,usable,,images/nlb_fall_000079.png,annotations/nlb_fall_000079.json,masks/nlb_fall_000079.png,all_tracks,images/test/nlb_fall_000079.png,labels/test/nlb_fall_000079.txt,1,2,0,14,102852.5,"[""environment:rural"", ""environment:urban"", ""light:auto_bright_dark"", ""light:dark"", ""light:natural"", ""time_of_day:twilight"", ""track_layout:curve"", ""weather:cloudy""]"
nlb_fall_000080,80,0,test,usable,,images/nlb_fall_000080.png,annotations/nlb_fall_000080.json,masks/nlb_fall_000080.png,all_tracks,images/test/nlb_fall_000080.png,labels/test/nlb_fall_000080.txt,1,5,4,14,102651.5,"[""environment:rural"", ""light:auto_bright_dark"", ""light:natural"", ""time_of_day:twilight"", ""track_layout:curve"", ""weather:cloudy""]"
nlb_fall_000081,81,0,test,usable,,images/nlb_fall_000081.png,annotations/nlb_fall_000081.json,masks/nlb_fall_000081.png,all_tracks,images/test/nlb_fall_000081.png,labels/test/nlb_fall_000081.txt,1,1,0,16,100539.0,"[""environment:rural"", ""light:auto_bright_dark"", ""light:dark"", ""light:natural"", ""time_of_day:twilight"", ""track_layout:curve"", ""weather:cloudy""]"
nlb_fall_000082,82,0,test,usable,,images/nlb_fall_000082.png,annotations/nlb_fall_000082.json,masks/nlb_fall_000082.png,all_tracks,images/test/nlb_fall_000082.png,labels/test/nlb_fall_000082.txt,1,1,0,18,100997.5,"[""environment:rural"", ""light:auto_bright_dark"", ""light:natural"", ""time_of_day:twilight"", ""track_layout:curve"", ""weather:cloudy""]"
nlb_fall_000083,83,0,test,usable,,images/nlb_fall_000083.png,annotations/nlb_fall_000083.json,masks/nlb_fall_000083.png,all_tracks,images/test/nlb_fall_000083.png,labels/test/nlb_fall_000083.txt,1,1,0,16,100878.5,"[""environment:rural"", ""light:auto_bright_dark"", ""light:dark"", ""light:natural"", ""time_of_day:twilight"", ""track_layout:straight"", ""weather:cloudy"", ""weather:rainy""]"
nlb_fall_000084,84,0,test,usable,,images/nlb_fall_000084.png,annotations/nlb_fall_000084.json,masks/nlb_fall_000084.png,all_tracks,images/test/nlb_fall_000084.png,labels/test/nlb_fall_000084.txt,1,1,0,20,101461.5,"[""environment:rural"", ""light:auto_bright_dark"", ""light:dark"", ""light:natural"", ""time_of_day:twilight"", ""track_layout:curve"", ""weather:cloudy""]"
nlb_fall_000085,85,0,test,usable,,images/nlb_fall_000085.png,annotations/nlb_fall_000085.json,masks/nlb_fall_000085.png,all_tracks,images/test/nlb_fall_000085.png,labels/test/nlb_fall_000085.txt,1,1,0,16,100931.0,"[""environment:rural"", ""environment:station"", ""light:auto_bright_dark"", ""light:dark"", ""light:natural"", ""time_of_day:twilight"", ""track_layout:curve"", ""weather:cloudy""]"
nlb_fall_000086,86,0,test,usable,,images/nlb_fall_000086.png,annotations/nlb_fall_000086.json,masks/nlb_fall_000086.png,all_tracks,images/test/nlb_fall_000086.png,labels/test/nlb_fall_000086.txt,1,1,0,16,101565.5,"[""environment:rural"", ""light:auto_bright_dark"", ""light:dark"", ""light:natural"", ""time_of_day:twilight"", ""track_layout:curve"", ""weather:cloudy""]"
nlb_fall_000087,87,0,test,usable,,images/nlb_fall_000087.png,annotations/nlb_fall_000087.json,masks/nlb_fall_000087.png,all_tracks,images/test/nlb_fall_000087.png,labels/test/nlb_fall_000087.txt,1,1,0,18,101456.0,"[""environment:rural"", ""light:auto_bright_dark"", ""light:dark"", ""light:natural"", ""time_of_day:twilight"", ""track_layout:curve"", ""weather:cloudy""]"
nlb_fall_000088,88,0,test,usable,,images/nlb_fall_000088.png,annotations/nlb_fall_000088.json,masks/nlb_fall_000088.png,all_tracks,images/test/nlb_fall_000088.png,labels/test/nlb_fall_000088.txt,1,1,0,18,100602.0,"[""environment:rural"", ""light:auto_bright_dark"", ""light:dark"", ""light:natural"", ""time_of_day:twilight"", ""track_layout:curve"", ""weather:cloudy""]"
nlb_fall_000089,89,0,test,usable,,images/nlb_fall_000089.png,annotations/nlb_fall_000089.json,masks/nlb_fall_000089.png,all_tracks,images/test/nlb_fall_000089.png,labels/test/nlb_fall_000089.txt,1,1,0,18,101505.5,"[""environment:rural"", ""light:auto_bright_dark"", ""light:dark"", ""light:natural"", ""time_of_day:twilight"", ""track_layout:curve"", ""weather:cloudy""]"
nlb_fall_000090,90,0,test,usable,,images/nlb_fall_000090.png,annotations/nlb_fall_000090.json,masks/nlb_fall_000090.png,all_tracks,images/test/nlb_fall_000090.png,labels/test/nlb_fall_000090.txt,1,1,0,18,100140.0,"[""environment:rural"", ""light:auto_bright_dark"", ""light:dark"", ""light:natural"", ""time_of_day:twilight"", ""track_layout:curve"", ""weather:cloudy""]"
nlb_fall_000091,91,0,test,usable,,images/nlb_fall_000091.png,annotations/nlb_fall_000091.json,masks/nlb_fall_000091.png,all_tracks,images/test/nlb_fall_000091.png,labels/test/nlb_fall_000091.txt,1,1,0,16,104509.5,"[""environment:rural"", ""light:auto_bright_dark"", ""light:dark"", ""light:natural"", ""time_of_day:twilight"", ""track_layout:curve"", ""weather:cloudy""]"
nlb_fall_000092,92,0,test,usable,,images/nlb_fall_000092.png,annotations/nlb_fall_000092.json,masks/nlb_fall_000092.png,all_tracks,images/test/nlb_fall_000092.png,labels/test/nlb_fall_000092.txt,1,1,0,16,102392.5,"[""environment:rural"", ""light:auto_bright_dark"", ""light:dark"", ""light:natural"", ""time_of_day:twilight"", ""track_layout:curve"", ""weather:cloudy""]"
nlb_fall_000093,93,0,test,usable,,images/nlb_fall_000093.png,annotations/nlb_fall_000093.json,masks/nlb_fall_000093.png,all_tracks,images/test/nlb_fall_000093.png,labels/test/nlb_fall_000093.txt,1,1,0,16,104797.5,"[""environment:rural"", ""light:auto_bright_dark"", ""light:dark"", ""light:natural"", ""time_of_day:twilight"", ""track_layout:curve"", ""weather:cloudy""]"
nlb_fall_000094,94,0,test,usable,,images/nlb_fall_000094.png,annotations/nlb_fall_000094.json,masks/nlb_fall_000094.png,all_tracks,images/test/nlb_fall_000094.png,labels/test/nlb_fall_000094.txt,1,1,0,18,102818.5,"[""environment:rural"", ""environment:urban"", ""light:auto_bright_dark"", ""light:dark"", ""light:natural"", ""time_of_day:twilight"", ""track_layout:curve"", ""weather:cloudy""]"
nlb_fall_000095,95,0,test,usable,,images/nlb_fall_000095.png,annotations/nlb_fall_000095.json,masks/nlb_fall_000095.png,all_tracks,images/test/nlb_fall_000095.png,labels/test/nlb_fall_000095.txt,1,1,0,18,99020.0,"[""environment:rural"", ""environment:urban"", ""light:auto_bright_dark"", ""light:dark"", ""light:natural"", ""time_of_day:twilight"", ""track_layout:curve"", ""weather:cloudy""]"
nlb_fall_000096,96,0,test,usable,,images/nlb_fall_000096.png,annotations/nlb_fall_000096.json,masks/nlb_fall_000096.png,all_tracks,images/test/nlb_fall_000096.png,labels/test/nlb_fall_000096.txt,1,1,0,16,101516.5,"[""environment:rural"", ""light:auto_bright_dark"", ""light:dark"", ""light:natural"", ""time_of_day:twilight"", ""track_layout:curve"", ""weather:cloudy""]"
nlb_fall_000097,97,0,test,usable,,images/nlb_fall_000097.png,annotations/nlb_fall_000097.json,masks/nlb_fall_000097.png,all_tracks,images/test/nlb_fall_000097.png,labels/test/nlb_fall_000097.txt,1,1,0,16,100594.0,"[""environment:rural"", ""environment:urban"", ""light:auto_bright_dark"", ""light:dark"", ""light:natural"", ""time_of_day:twilight"", ""track_layout:straight"", ""weather:cloudy""]"
nlb_fall_000098,98,0,test,usable,,images/nlb_fall_000098.png,annotations/nlb_fall_000098.json,masks/nlb_fall_000098.png,all_tracks,images/test/nlb_fall_000098.png,labels/test/nlb_fall_000098.txt,1,1,0,14,101228.5,"[""environment:rural"", ""environment:urban"", ""light:auto_bright_dark"", ""light:dark"", ""light:natural"", ""time_of_day:twilight"", ""track_layout:straight"", ""weather:cloudy""]"
nlb_fall_000099,99,0,test,usable,,images/nlb_fall_000099.png,annotations/nlb_fall_000099.json,masks/nlb_fall_000099.png,all_tracks,images/test/nlb_fall_000099.png,labels/test/nlb_fall_000099.txt,1,1,0,16,102142.5,"[""environment:rural"", ""light:auto_bright_dark"", ""light:dark"", ""light:natural"", ""time_of_day:twilight"", ""track_layout:curve"", ""weather:cloudy"", ""weather:rainy""]"
nlb_fall_000100,100,0,test,usable,,images/nlb_fall_000100.png,annotations/nlb_fall_000100.json,masks/nlb_fall_000100.png,all_tracks,images/test/nlb_fall_000100.png,labels/test/nlb_fall_000100.txt,1,1,0,16,101021.5,"[""environment:rural"", ""light:auto_bright_dark"", ""light:dark"", ""light:natural"", ""time_of_day:twilight"", ""track_layout:curve"", ""weather:cloudy""]"
nlb_fall_000101,101,0,test,usable,,images/nlb_fall_000101.png,annotations/nlb_fall_000101.json,masks/nlb_fall_000101.png,all_tracks,images/test/nlb_fall_000101.png,labels/test/nlb_fall_000101.txt,1,1,0,14,99907.0,"[""environment:rural"", ""light:auto_bright_dark"", ""light:dark"", ""light:natural"", ""light:uniform"", ""time_of_day:twilight"", ""track_layout:curve"", ""weather:cloudy""]"
nlb_fall_000102,102,0,test,usable,,images/nlb_fall_000102.png,annotations/nlb_fall_000102.json,masks/nlb_fall_000102.png,all_tracks,images/test/nlb_fall_000102.png,labels/test/nlb_fall_000102.txt,1,1,0,14,101050.0,"[""environment:rural"", ""light:auto_bright_dark"", ""light:dark"", ""light:natural"", ""light:uniform"", ""time_of_day:twilight"", ""track_layout:straight"", ""weather:cloudy""]"
nlb_fall_000103,103,0,test,usable,,images/nlb_fall_000103.png,annotations/nlb_fall_000103.json,masks/nlb_fall_000103.png,all_tracks,images/test/nlb_fall_000103.png,labels/test/nlb_fall_000103.txt,1,1,0,12,101380.0,"[""environment:rural"", ""environment:urban"", ""light:auto_bright_dark"", ""light:dark"", ""light:natural"", ""light:uniform"", ""time_of_day:twilight"", ""track_layout:curve"", ""weather:cloudy""]"
nlb_fall_000104,104,0,test,usable,,images/nlb_fall_000104.png,annotations/nlb_fall_000104.json,masks/nlb_fall_000104.png,all_tracks,images/test/nlb_fall_000104.png,labels/test/nlb_fall_000104.txt,1,1,0,10,102261.0,"[""environment:rural"", ""light:auto_bright_dark"", ""light:dark"", ""light:natural"", ""light:uniform"", ""time_of_day:twilight"", ""track_layout:curve"", ""weather:cloudy""]"
nlb_fall_000105,105,0,test,usable,,images/nlb_fall_000105.png,annotations/nlb_fall_000105.json,masks/nlb_fall_000105.png,all_tracks,images/test/nlb_fall_000105.png,labels/test/nlb_fall_000105.txt,1,1,0,10,102997.0,"[""environment:rural"", ""light:auto_bright_dark"", ""light:dark"", ""light:natural"", ""light:uniform"", ""time_of_day:twilight"", ""track_layout:curve"", ""weather:cloudy""]"
nlb_fall_000106,106,0,test,usable,,images/nlb_fall_000106.png,annotations/nlb_fall_000106.json,masks/nlb_fall_000106.png,all_tracks,images/test/nlb_fall_000106.png,labels/test/nlb_fall_000106.txt,1,1,0,10,105048.5,"[""environment:rural"", ""environment:urban"", ""light:auto_bright_dark"", ""light:dark"", ""light:natural"", ""light:uniform"", ""time_of_day:twilight"", ""track_layout:curve"", ""weather:cloudy""]"
nlb_fall_000107,107,0,test,usable,,images/nlb_fall_000107.png,annotations/nlb_fall_000107.json,masks/nlb_fall_000107.png,all_tracks,images/test/nlb_fall_000107.png,labels/test/nlb_fall_000107.txt,1,1,1,8,101535.0,"[""environment:rural"", ""environment:urban"", ""light:auto_bright_dark"", ""light:dark"", ""light:natural"", ""light:uniform"", ""time_of_day:twilight"", ""track_layout:curve"", ""weather:cloudy""]"
nlb_fall_000108,108,0,test,usable,,images/nlb_fall_000108.png,annotations/nlb_fall_000108.json,masks/nlb_fall_000108.png,all_tracks,images/test/nlb_fall_000108.png,labels/test/nlb_fall_000108.txt,1,2,1,13,99853.0,"[""environment:rural"", ""environment:urban"", ""light:auto_bright_dark"", ""light:natural"", ""light:uniform"", ""time_of_day:twilight"", ""track_layout:curve"", ""track_layout:parallel structures"", ""track_layout:straight"", ""weather:cloudy""]"
nlb_fall_000109,109,0,test,usable,,images/nlb_fall_000109.png,annotations/nlb_fall_000109.json,masks/nlb_fall_000109.png,all_tracks,images/test/nlb_fall_000109.png,labels/test/nlb_fall_000109.txt,1,5,0,8,102880.5,"[""environment:rural"", ""environment:urban"", ""light:auto_bright_dark"", ""light:natural"", ""light:uniform"", ""time_of_day:twilight"", ""track_layout:straight"", ""weather:cloudy""]"
nlb_fall_000110,110,0,test,usable,,images/nlb_fall_000110.png,annotations/nlb_fall_000110.json,masks/nlb_fall_000110.png,all_tracks,images/test/nlb_fall_000110.png,labels/test/nlb_fall_000110.txt,1,5,1,10,101172.0,"[""environment:rural"", ""environment:urban"", ""light:auto_bright_dark"", ""light:dark"", ""light:natural"", ""light:uniform"", ""time_of_day:twilight"", ""track_layout:straight"", ""weather:cloudy""]"
nlb_fall_000111,111,0,test,usable,,images/nlb_fall_000111.png,annotations/nlb_fall_000111.json,masks/nlb_fall_000111.png,all_tracks,images/test/nlb_fall_000111.png,labels/test/nlb_fall_000111.txt,1,3,1,10,97124.5,"[""environment:rural"", ""light:auto_bright_dark"", ""light:dark"", ""light:natural"", ""light:uniform"", ""time_of_day:twilight"", ""track_layout:curve"", ""track_layout:straight"", ""weather:cloudy""]"
nlb_fall_000112,112,0,test,usable,,images/nlb_fall_000112.png,annotations/nlb_fall_000112.json,masks/nlb_fall_000112.png,all_tracks,images/test/nlb_fall_000112.png,labels/test/nlb_fall_000112.txt,1,2,1,8,100640.0,"[""environment:rural"", ""environment:urban"", ""light:auto_bright_dark"", ""light:dark"", ""light:natural"", ""light:uniform"", ""time_of_day:twilight"", ""track_layout:curve"", ""track_layout:straight"", ""weather:cloudy""]"
nlb_fall_000113,113,0,test,usable,,images/nlb_fall_000113.png,annotations/nlb_fall_000113.json,masks/nlb_fall_000113.png,all_tracks,images/test/nlb_fall_000113.png,labels/test/nlb_fall_000113.txt,1,1,0,16,99917.0,"[""environment:rural"", ""environment:urban"", ""light:auto_bright_dark"", ""light:dark"", ""light:natural"", ""light:uniform"", ""time_of_day:twilight"", ""track_layout:curve"", ""weather:cloudy""]"
nlb_fall_000114,114,0,test,usable,,images/nlb_fall_000114.png,annotations/nlb_fall_000114.json,masks/nlb_fall_000114.png,all_tracks,images/test/nlb_fall_000114.png,labels/test/nlb_fall_000114.txt,1,1,0,11,99077.5,"[""environment:rural"", ""environment:urban"", ""light:auto_bright_dark"", ""light:natural"", ""light:uniform"", ""time_of_day:twilight"", ""track_layout:curve"", ""weather:cloudy""]"
nlb_fall_000115,115,0,test,usable,,images/nlb_fall_000115.png,annotations/nlb_fall_000115.json,masks/nlb_fall_000115.png,all_tracks,images/test/nlb_fall_000115.png,labels/test/nlb_fall_000115.txt,1,1,0,10,103298.5,"[""environment:rural"", ""light:auto_bright_dark"", ""light:dark"", ""light:natural"", ""light:uniform"", ""time_of_day:twilight"", ""track_layout:curve"", ""weather:cloudy""]"
nlb_fall_000116,116,0,test,usable,,images/nlb_fall_000116.png,annotations/nlb_fall_000116.json,masks/nlb_fall_000116.png,all_tracks,images/test/nlb_fall_000116.png,labels/test/nlb_fall_000116.txt,1,1,0,14,103617.0,"[""environment:rural"", ""environment:urban"", ""light:auto_bright_dark"", ""light:dark"", ""light:natural"", ""light:uniform"", ""time_of_day:twilight"", ""track_layout:curve"", ""weather:cloudy""]"
nlb_fall_000117,117,0,test,usable,,images/nlb_fall_000117.png,annotations/nlb_fall_000117.json,masks/nlb_fall_000117.png,all_tracks,images/test/nlb_fall_000117.png,labels/test/nlb_fall_000117.txt,1,1,0,18,103409.5,"[""environment:rural"", ""environment:urban"", ""light:auto_bright_dark"", ""light:dark"", ""light:natural"", ""light:uniform"", ""time_of_day:twilight"", ""track_layout:curve"", ""weather:cloudy""]"
nlb_fall_000118,118,0,test,usable,,images/nlb_fall_000118.png,annotations/nlb_fall_000118.json,masks/nlb_fall_000118.png,all_tracks,images/test/nlb_fall_000118.png,labels/test/nlb_fall_000118.txt,1,1,0,8,103630.0,"[""environment:rural"", ""environment:urban"", ""light:auto_bright_dark"", ""light:dark"", ""light:natural"", ""light:uniform"", ""time_of_day:twilight"", ""track_layout:curve"", ""track_layout:orthogonal structures"", ""weather:cloudy""]"
nlb_fall_000119,119,0,test,usable,,images/nlb_fall_000119.png,annotations/nlb_fall_000119.json,masks/nlb_fall_000119.png,all_tracks,images/test/nlb_fall_000119.png,labels/test/nlb_fall_000119.txt,1,1,0,10,102658.0,"[""environment:rural"", ""environment:urban"", ""light:auto_bright_dark"", ""light:dark"", ""light:natural"", ""light:uniform"", ""time_of_day:twilight"", ""track_layout:curve"", ""weather:cloudy""]"
nlb_fall_000120,120,0,test,usable,,images/nlb_fall_000120.png,annotations/nlb_fall_000120.json,masks/nlb_fall_000120.png,all_tracks,images/test/nlb_fall_000120.png,labels/test/nlb_fall_000120.txt,1,1,0,15,103375.0,"[""environment:rural"", ""light:auto_bright_dark"", ""light:natural"", ""light:uniform"", ""time_of_day:twilight"", ""track_layout:curve"", ""weather:cloudy""]"
nlb_fall_000121,121,0,test,usable,,images/nlb_fall_000121.png,annotations/nlb_fall_000121.json,masks/nlb_fall_000121.png,all_tracks,images/test/nlb_fall_000121.png,labels/test/nlb_fall_000121.txt,1,1,0,12,101975.0,"[""environment:rural"", ""light:auto_bright_dark"", ""light:natural"", ""light:uniform"", ""time_of_day:twilight"", ""track_layout:curve"", ""weather:cloudy""]"
nlb_fall_000122,122,0,test,usable,,images/nlb_fall_000122.png,annotations/nlb_fall_000122.json,masks/nlb_fall_000122.png,all_tracks,images/test/nlb_fall_000122.png,labels/test/nlb_fall_000122.txt,1,1,0,21,103986.0,"[""environment:rural"", ""light:auto_bright_dark"", ""light:natural"", ""light:uniform"", ""time_of_day:twilight"", ""track_layout:curve"", ""weather:cloudy""]"
nlb_fall_000123,123,0,test,usable,,images/nlb_fall_000123.png,annotations/nlb_fall_000123.json,masks/nlb_fall_000123.png,all_tracks,images/test/nlb_fall_000123.png,labels/test/nlb_fall_000123.txt,1,1,0,12,97903.5,"[""environment:rural"", ""environment:urban"", ""light:auto_bright_dark"", ""light:natural"", ""light:uniform"", ""time_of_day:twilight"", ""track_layout:curve"", ""weather:cloudy""]"
nlb_fall_000124,124,0,test,usable,,images/nlb_fall_000124.png,annotations/nlb_fall_000124.json,masks/nlb_fall_000124.png,all_tracks,images/test/nlb_fall_000124.png,labels/test/nlb_fall_000124.txt,1,1,0,14,97192.0,"[""environment:rural"", ""environment:urban"", ""light:auto_bright_dark"", ""light:natural"", ""light:uniform"", ""time_of_day:twilight"", ""track_layout:curve"", ""track_layout:orthogonal structures"", ""weather:cloudy""]"
nlb_fall_000125,125,0,test,usable,,images/nlb_fall_000125.png,annotations/nlb_fall_000125.json,masks/nlb_fall_000125.png,all_tracks,images/test/nlb_fall_000125.png,labels/test/nlb_fall_000125.txt,1,1,0,13,100164.5,"[""environment:rural"", ""light:auto_bright_dark"", ""light:dark"", ""light:natural"", ""light:uniform"", ""time_of_day:twilight"", ""track_layout:curve"", ""weather:cloudy""]"
nlb_fall_000126,126,0,test,usable,,images/nlb_fall_000126.png,annotations/nlb_fall_000126.json,masks/nlb_fall_000126.png,all_tracks,images/test/nlb_fall_000126.png,labels/test/nlb_fall_000126.txt,1,1,0,10,100505.0,"[""environment:rural"", ""environment:urban"", ""light:auto_bright_dark"", ""light:natural"", ""light:uniform"", ""time_of_day:twilight"", ""track_layout:curve"", ""weather:cloudy""]"
nlb_fall_000127,127,0,test,usable,,images/nlb_fall_000127.png,annotations/nlb_fall_000127.json,masks/nlb_fall_000127.png,all_tracks,images/test/nlb_fall_000127.png,labels/test/nlb_fall_000127.txt,1,1,0,10,99159.0,"[""environment:rural"", ""light:auto_bright_dark"", ""light:dark"", ""light:natural"", ""light:uniform"", ""time_of_day:twilight"", ""track_layout:curve"", ""weather:cloudy""]"
nlb_fall_000128,128,0,test,usable,,images/nlb_fall_000128.png,annotations/nlb_fall_000128.json,masks/nlb_fall_000128.png,all_tracks,images/test/nlb_fall_000128.png,labels/test/nlb_fall_000128.txt,1,1,0,11,101519.0,"[""environment:rural"", ""environment:urban"", ""light:auto_bright_dark"", ""light:natural"", ""light:uniform"", ""time_of_day:twilight"", ""track_layout:curve"", ""track_layout:orthogonal structures"", ""weather:cloudy""]"
nlb_fall_000129,129,0,test,usable,,images/nlb_fall_000129.png,annotations/nlb_fall_000129.json,masks/nlb_fall_000129.png,all_tracks,images/test/nlb_fall_000129.png,labels/test/nlb_fall_000129.txt,1,1,0,10,100644.0,"[""environment:rural"", ""environment:urban"", ""light:auto_bright_dark"", ""light:natural"", ""light:uniform"", ""time_of_day:twilight"", ""track_layout:curve"", ""track_layout:straight"", ""weather:cloudy""]"
nlb_fall_000130,130,0,test,usable,,images/nlb_fall_000130.png,annotations/nlb_fall_000130.json,masks/nlb_fall_000130.png,all_tracks,images/test/nlb_fall_000130.png,labels/test/nlb_fall_000130.txt,1,1,0,10,101184.5,"[""environment:rural"", ""light:auto_bright_dark"", ""light:natural"", ""light:uniform"", ""time_of_day:twilight"", ""track_layout:curve"", ""track_layout:straight"", ""weather:cloudy""]"
nlb_fall_000131,131,0,test,usable,,images/nlb_fall_000131.png,annotations/nlb_fall_000131.json,masks/nlb_fall_000131.png,all_tracks,images/test/nlb_fall_000131.png,labels/test/nlb_fall_000131.txt,1,1,0,10,100046.0,"[""environment:rural"", ""light:auto_bright_dark"", ""light:natural"", ""light:uniform"", ""time_of_day:twilight"", ""track_layout:curve"", ""track_layout:straight"", ""weather:cloudy""]"
nlb_fall_000132,132,0,test,usable,,images/nlb_fall_000132.png,annotations/nlb_fall_000132.json,masks/nlb_fall_000132.png,all_tracks,images/test/nlb_fall_000132.png,labels/test/nlb_fall_000132.txt,1,1,0,12,99504.5,"[""environment:rural"", ""light:auto_bright_dark"", ""light:natural"", ""light:uniform"", ""time_of_day:twilight"", ""track_layout:curve"", ""weather:cloudy""]"
nlb_fall_000133,133,0,test,usable,,images/nlb_fall_000133.png,annotations/nlb_fall_000133.json,masks/nlb_fall_000133.png,all_tracks,images/test/nlb_fall_000133.png,labels/test/nlb_fall_000133.txt,1,1,0,10,100383.0,"[""environment:rural"", ""light:auto_bright_dark"", ""light:natural"", ""light:uniform"", ""time_of_day:twilight"", ""track_layout:straight"", ""weather:cloudy""]"
nlb_fall_000134,134,0,test,usable,,images/nlb_fall_000134.png,annotations/nlb_fall_000134.json,masks/nlb_fall_000134.png,all_tracks,images/test/nlb_fall_000134.png,labels/test/nlb_fall_000134.txt,1,1,0,6,99524.5,"[""environment:rural"", ""environment:urban"", ""light:auto_bright_dark"", ""light:natural"", ""light:uniform"", ""time_of_day:twilight"", ""track_layout:parallel structures"", ""track_layout:straight"", ""weather:cloudy""]"
nlb_fall_000135,135,0,test,usable,,images/nlb_fall_000135.png,annotations/nlb_fall_000135.json,masks/nlb_fall_000135.png,all_tracks,images/test/nlb_fall_000135.png,labels/test/nlb_fall_000135.txt,1,1,0,6,100314.0,"[""environment:rural"", ""light:auto_bright_dark"", ""light:dark"", ""light:natural"", ""light:uniform"", ""time_of_day:twilight"", ""track_layout:straight"", ""weather:cloudy""]"
nlb_fall_000136,136,0,test,usable,,images/nlb_fall_000136.png,annotations/nlb_fall_000136.json,masks/nlb_fall_000136.png,all_tracks,images/test/nlb_fall_000136.png,labels/test/nlb_fall_000136.txt,1,1,0,11,102634.0,"[""environment:rural"", ""light:auto_bright_dark"", ""light:dark"", ""light:natural"", ""light:uniform"", ""time_of_day:twilight"", ""track_layout:straight"", ""weather:cloudy""]"
nlb_fall_000137,137,0,test,usable,,images/nlb_fall_000137.png,annotations/nlb_fall_000137.json,masks/nlb_fall_000137.png,all_tracks,images/test/nlb_fall_000137.png,labels/test/nlb_fall_000137.txt,1,1,0,15,100881.0,"[""environment:rural"", ""light:auto_bright_dark"", ""light:natural"", ""light:uniform"", ""time_of_day:twilight"", ""track_layout:curve"", ""track_layout:straight"", ""weather:cloudy""]"
nlb_fall_000138,138,0,test,usable,,images/nlb_fall_000138.png,annotations/nlb_fall_000138.json,masks/nlb_fall_000138.png,all_tracks,images/test/nlb_fall_000138.png,labels/test/nlb_fall_000138.txt,1,1,0,18,102078.5,"[""environment:rural"", ""light:auto_bright_dark"", ""light:dark"", ""light:natural"", ""light:uniform"", ""time_of_day:twilight"", ""track_layout:curve"", ""track_layout:straight"", ""weather:cloudy""]"
nlb_fall_000139,139,0,test,usable,,images/nlb_fall_000139.png,annotations/nlb_fall_000139.json,masks/nlb_fall_000139.png,all_tracks,images/test/nlb_fall_000139.png,labels/test/nlb_fall_000139.txt,1,1,0,13,101294.5,"[""environment:rural"", ""environment:urban"", ""light:auto_bright_dark"", ""light:natural"", ""light:uniform"", ""time_of_day:twilight"", ""track_layout:straight"", ""weather:cloudy""]"
nlb_fall_000140,140,0,test,usable,,images/nlb_fall_000140.png,annotations/nlb_fall_000140.json,masks/nlb_fall_000140.png,all_tracks,images/test/nlb_fall_000140.png,labels/test/nlb_fall_000140.txt,1,1,0,14,102758.0,"[""environment:rural"", ""environment:urban"", ""light:auto_bright_dark"", ""light:natural"", ""light:uniform"", ""time_of_day:twilight"", ""track_layout:curve"", ""weather:cloudy""]"
nlb_fall_000141,141,0,test,usable,,images/nlb_fall_000141.png,annotations/nlb_fall_000141.json,masks/nlb_fall_000141.png,all_tracks,images/test/nlb_fall_000141.png,labels/test/nlb_fall_000141.txt,1,1,0,12,102882.0,"[""environment:rural"", ""light:auto_bright_dark"", ""light:dark"", ""light:natural"", ""light:uniform"", ""time_of_day:twilight"", ""track_layout:curve"", ""weather:cloudy""]"
nlb_fall_000142,142,0,test,usable,,images/nlb_fall_000142.png,annotations/nlb_fall_000142.json,masks/nlb_fall_000142.png,all_tracks,images/test/nlb_fall_000142.png,labels/test/nlb_fall_000142.txt,1,1,0,12,100018.0,"[""environment:rural"", ""light:auto_bright_dark"", ""light:dark"", ""light:natural"", ""light:uniform"", ""time_of_day:twilight"", ""track_layout:curve"", ""weather:cloudy""]"
nlb_fall_000143,143,0,test,usable,,images/nlb_fall_000143.png,annotations/nlb_fall_000143.json,masks/nlb_fall_000143.png,all_tracks,images/test/nlb_fall_000143.png,labels/test/nlb_fall_000143.txt,1,1,0,12,100991.5,"[""environment:rural"", ""light:auto_bright_dark"", ""light:dark"", ""light:natural"", ""light:uniform"", ""time_of_day:twilight"", ""track_layout:curve"", ""track_layout:straight"", ""weather:cloudy""]"
nlb_fall_000144,144,0,test,usable,,images/nlb_fall_000144.png,annotations/nlb_fall_000144.json,masks/nlb_fall_000144.png,all_tracks,images/test/nlb_fall_000144.png,labels/test/nlb_fall_000144.txt,1,1,0,12,101532.0,"[""environment:rural"", ""environment:urban"", ""light:auto_bright_dark"", ""light:natural"", ""light:uniform"", ""time_of_day:twilight"", ""track_layout:curve"", ""weather:cloudy""]"
nlb_fall_000145,145,0,test,usable,,images/nlb_fall_000145.png,annotations/nlb_fall_000145.json,masks/nlb_fall_000145.png,all_tracks,images/test/nlb_fall_000145.png,labels/test/nlb_fall_000145.txt,1,1,0,8,100665.0,"[""environment:rural"", ""environment:urban"", ""light:auto_bright_dark"", ""light:dark"", ""light:natural"", ""light:uniform"", ""time_of_day:twilight"", ""track_layout:curve"", ""track_layout:straight"", ""weather:cloudy""]"
nlb_fall_000146,146,0,test,usable,,images/nlb_fall_000146.png,annotations/nlb_fall_000146.json,masks/nlb_fall_000146.png,all_tracks,images/test/nlb_fall_000146.png,labels/test/nlb_fall_000146.txt,1,1,0,18,104131.0,"[""environment:rural"", ""environment:urban"", ""light:auto_bright_dark"", ""light:dark"", ""light:natural"", ""light:uniform"", ""time_of_day:twilight"", ""track_layout:curve"", ""weather:cloudy""]"
nlb_fall_000147,147,0,test,usable,,images/nlb_fall_000147.png,annotations/nlb_fall_000147.json,masks/nlb_fall_000147.png,all_tracks,images/test/nlb_fall_000147.png,labels/test/nlb_fall_000147.txt,1,1,0,16,106597.0,"[""environment:rural"", ""environment:urban"", ""light:auto_bright_dark"", ""light:dark"", ""light:natural"", ""light:uniform"", ""time_of_day:twilight"", ""track_layout:curve"", ""weather:cloudy""]"
nlb_fall_000148,148,0,test,usable,,images/nlb_fall_000148.png,annotations/nlb_fall_000148.json,masks/nlb_fall_000148.png,all_tracks,images/test/nlb_fall_000148.png,labels/test/nlb_fall_000148.txt,1,1,0,18,105514.5,"[""environment:rural"", ""environment:urban"", ""light:auto_bright_dark"", ""light:dark"", ""light:natural"", ""light:uniform"", ""time_of_day:twilight"", ""track_layout:curve"", ""weather:cloudy""]"
nlb_fall_000149,149,0,test,usable,,images/nlb_fall_000149.png,annotations/nlb_fall_000149.json,masks/nlb_fall_000149.png,all_tracks,images/test/nlb_fall_000149.png,labels/test/nlb_fall_000149.txt,1,1,0,12,103015.0,"[""environment:rural"", ""environment:urban"", ""light:auto_bright_dark"", ""light:dark"", ""light:natural"", ""light:uniform"", ""time_of_day:twilight"", ""track_layout:curve"", ""weather:cloudy""]"
nlb_fall_000150,150,0,test,usable,,images/nlb_fall_000150.png,annotations/nlb_fall_000150.json,masks/nlb_fall_000150.png,all_tracks,images/test/nlb_fall_000150.png,labels/test/nlb_fall_000150.txt,1,2,1,16,103686.5,"[""environment:rural"", ""environment:urban"", ""light:auto_bright_dark"", ""light:dark"", ""light:natural"", ""light:uniform"", ""time_of_day:twilight"", ""track_layout:curve"", ""weather:cloudy""]"
nlb_fall_000151,151,0,test,usable,,images/nlb_fall_000151.png,annotations/nlb_fall_000151.json,masks/nlb_fall_000151.png,all_tracks,images/test/nlb_fall_000151.png,labels/test/nlb_fall_000151.txt,1,2,1,8,101592.5,"[""environment:rural"", ""light:auto_bright_dark"", ""light:natural"", ""light:uniform"", ""time_of_day:twilight"", ""track_layout:curve"", ""track_layout:straight"", ""weather:cloudy""]"
nlb_fall_000152,152,0,test,usable,,images/nlb_fall_000152.png,annotations/nlb_fall_000152.json,masks/nlb_fall_000152.png,all_tracks,images/test/nlb_fall_000152.png,labels/test/nlb_fall_000152.txt,1,2,0,4,99587.5,"[""environment:rural"", ""light:auto_bright_dark"", ""light:dark"", ""light:natural"", ""light:uniform"", ""time_of_day:twilight"", ""track_layout:straight"", ""weather:cloudy""]"
nlb_fall_000153,153,0,test,usable,,images/nlb_fall_000153.png,annotations/nlb_fall_000153.json,masks/nlb_fall_000153.png,all_tracks,images/test/nlb_fall_000153.png,labels/test/nlb_fall_000153.txt,1,2,0,6,98701.5,"[""environment:rural"", ""environment:station"", ""environment:urban"", ""light:auto_bright_dark"", ""light:dark"", ""light:natural"", ""light:uniform"", ""time_of_day:twilight"", ""track_layout:orthogonal structures"", ""track_layout:straight"", ""weather:cloudy""]"
nlb_fall_000154,154,0,test,usable,,images/nlb_fall_000154.png,annotations/nlb_fall_000154.json,masks/nlb_fall_000154.png,all_tracks,images/test/nlb_fall_000154.png,labels/test/nlb_fall_000154.txt,1,2,0,8,101021.0,"[""environment:rural"", ""environment:station"", ""environment:urban"", ""light:auto_bright_dark"", ""light:natural"", ""light:uniform"", ""time_of_day:twilight"", ""track_layout:orthogonal structures"", ""track_layout:straight"", ""weather:cloudy""]"
nlb_fall_000155,155,0,test,usable,,images/nlb_fall_000155.png,annotations/nlb_fall_000155.json,masks/nlb_fall_000155.png,all_tracks,images/test/nlb_fall_000155.png,labels/test/nlb_fall_000155.txt,1,2,0,10,99720.0,"[""environment:rural"", ""environment:urban"", ""light:auto_bright_dark"", ""light:dark"", ""light:natural"", ""light:uniform"", ""time_of_day:twilight"", ""track_layout:curve"", ""track_layout:orthogonal structures"", ""track_layout:straight"", ""weather:cloudy""]"
nlb_fall_000156,156,0,test,usable,,images/nlb_fall_000156.png,annotations/nlb_fall_000156.json,masks/nlb_fall_000156.png,all_tracks,images/test/nlb_fall_000156.png,labels/test/nlb_fall_000156.txt,1,2,0,10,102528.0,"[""environment:rural"", ""environment:urban"", ""light:auto_bright_dark"", ""light:dark"", ""light:natural"", ""light:uniform"", ""time_of_day:twilight"", ""track_layout:curve"", ""track_layout:straight"", ""weather:cloudy""]"
nlb_fall_000157,157,0,test,usable,,images/nlb_fall_000157.png,annotations/nlb_fall_000157.json,masks/nlb_fall_000157.png,all_tracks,images/test/nlb_fall_000157.png,labels/test/nlb_fall_000157.txt,1,2,0,10,104609.0,"[""environment:rural"", ""environment:urban"", ""light:auto_bright_dark"", ""light:natural"", ""light:uniform"", ""time_of_day:twilight"", ""track_layout:curve"", ""track_layout:straight"", ""weather:cloudy""]"
nlb_fall_000158,158,0,test,usable,,images/nlb_fall_000158.png,annotations/nlb_fall_000158.json,masks/nlb_fall_000158.png,all_tracks,images/test/nlb_fall_000158.png,labels/test/nlb_fall_000158.txt,1,2,1,8,100385.0,"[""environment:rural"", ""environment:urban"", ""light:auto_bright_dark"", ""light:natural"", ""light:uniform"", ""time_of_day:twilight"", ""track_layout:curve"", ""track_layout:straight"", ""weather:cloudy""]"
nlb_fall_000159,159,0,test,usable,,images/nlb_fall_000159.png,annotations/nlb_fall_000159.json,masks/nlb_fall_000159.png,all_tracks,images/test/nlb_fall_000159.png,labels/test/nlb_fall_000159.txt,1,1,0,16,101456.5,"[""environment:rural"", ""environment:urban"", ""light:auto_bright_dark"", ""light:natural"", ""light:uniform"", ""time_of_day:twilight"", ""track_layout:curve"", ""weather:cloudy""]"
nlb_fall_000160,160,0,test,usable,,images/nlb_fall_000160.png,annotations/nlb_fall_000160.json,masks/nlb_fall_000160.png,all_tracks,images/test/nlb_fall_000160.png,labels/test/nlb_fall_000160.txt,1,1,0,15,104951.5,"[""environment:rural"", ""light:auto_bright_dark"", ""light:natural"", ""light:uniform"", ""time_of_day:twilight"", ""track_layout:curve"", ""weather:cloudy""]"
nlb_fall_000161,161,0,test,usable,,images/nlb_fall_000161.png,annotations/nlb_fall_000161.json,masks/nlb_fall_000161.png,all_tracks,images/test/nlb_fall_000161.png,labels/test/nlb_fall_000161.txt,1,1,0,11,101392.0,"[""environment:rural"", ""light:auto_bright_dark"", ""light:dark"", ""light:natural"", ""light:uniform"", ""time_of_day:twilight"", ""track_layout:curve"", ""weather:cloudy""]"
nlb_fall_000162,162,0,test,usable,,images/nlb_fall_000162.png,annotations/nlb_fall_000162.json,masks/nlb_fall_000162.png,all_tracks,images/test/nlb_fall_000162.png,labels/test/nlb_fall_000162.txt,1,1,0,16,103503.5,"[""environment:rural"", ""light:auto_bright_dark"", ""light:dark"", ""light:natural"", ""light:uniform"", ""time_of_day:twilight"", ""track_layout:curve"", ""weather:cloudy""]"
nlb_fall_000163,163,0,test,usable,,images/nlb_fall_000163.png,annotations/nlb_fall_000163.json,masks/nlb_fall_000163.png,all_tracks,images/test/nlb_fall_000163.png,labels/test/nlb_fall_000163.txt,1,1,0,13,101289.5,"[""environment:rural"", ""light:auto_bright_dark"", ""light:dark"", ""light:natural"", ""light:uniform"", ""time_of_day:twilight"", ""track_layout:curve"", ""weather:cloudy""]"
nlb_fall_000164,164,0,test,usable,,images/nlb_fall_000164.png,annotations/nlb_fall_000164.json,masks/nlb_fall_000164.png,all_tracks,images/test/nlb_fall_000164.png,labels/test/nlb_fall_000164.txt,1,1,0,14,100853.5,"[""environment:rural"", ""environment:urban"", ""light:auto_bright_dark"", ""light:dark"", ""light:natural"", ""light:uniform"", ""time_of_day:twilight"", ""track_layout:curve"", ""weather:cloudy""]"
nlb_fall_000165,165,0,test,usable,,images/nlb_fall_000165.png,annotations/nlb_fall_000165.json,masks/nlb_fall_000165.png,all_tracks,images/test/nlb_fall_000165.png,labels/test/nlb_fall_000165.txt,1,1,0,17,102581.0,"[""environment:rural"", ""environment:urban"", ""light:auto_bright_dark"", ""light:dark"", ""light:natural"", ""light:uniform"", ""time_of_day:twilight"", ""track_layout:curve"", ""weather:cloudy""]"
nlb_fall_000166,166,0,test,usable,,images/nlb_fall_000166.png,annotations/nlb_fall_000166.json,masks/nlb_fall_000166.png,all_tracks,images/test/nlb_fall_000166.png,labels/test/nlb_fall_000166.txt,1,1,0,12,104542.5,"[""environment:rural"", ""environment:urban"", ""light:auto_bright_dark"", ""light:dark"", ""light:natural"", ""light:uniform"", ""time_of_day:twilight"", ""track_layout:curve"", ""weather:cloudy""]"
nlb_fall_000167,167,0,test,usable,,images/nlb_fall_000167.png,annotations/nlb_fall_000167.json,masks/nlb_fall_000167.png,all_tracks,images/test/nlb_fall_000167.png,labels/test/nlb_fall_000167.txt,1,1,0,18,101983.0,"[""environment:rural"", ""light:auto_bright_dark"", ""light:dark"", ""light:natural"", ""light:uniform"", ""time_of_day:twilight"", ""track_layout:curve"", ""weather:cloudy""]"
nlb_fall_000168,168,0,test,usable,,images/nlb_fall_000168.png,annotations/nlb_fall_000168.json,masks/nlb_fall_000168.png,all_tracks,images/test/nlb_fall_000168.png,labels/test/nlb_fall_000168.txt,1,1,0,15,101198.0,"[""environment:rural"", ""light:auto_bright_dark"", ""light:dark"", ""light:natural"", ""light:uniform"", ""time_of_day:twilight"", ""track_layout:curve"", ""weather:cloudy""]"
nlb_fall_000169,169,0,test,usable,,images/nlb_fall_000169.png,annotations/nlb_fall_000169.json,masks/nlb_fall_000169.png,all_tracks,images/test/nlb_fall_000169.png,labels/test/nlb_fall_000169.txt,1,1,0,15,102847.5,"[""environment:rural"", ""light:auto_bright_dark"", ""light:dark"", ""light:natural"", ""light:uniform"", ""time_of_day:twilight"", ""track_layout:curve"", ""weather:cloudy""]"
nlb_fall_000170,170,0,test,usable,,images/nlb_fall_000170.png,annotations/nlb_fall_000170.json,masks/nlb_fall_000170.png,all_tracks,images/test/nlb_fall_000170.png,labels/test/nlb_fall_000170.txt,1,1,0,16,103334.5,"[""environment:rural"", ""light:auto_bright_dark"", ""light:dark"", ""light:natural"", ""light:uniform"", ""time_of_day:twilight"", ""track_layout:curve"", ""weather:cloudy""]"
nlb_fall_000171,171,0,test,usable,,images/nlb_fall_000171.png,annotations/nlb_fall_000171.json,masks/nlb_fall_000171.png,all_tracks,images/test/nlb_fall_000171.png,labels/test/nlb_fall_000171.txt,1,1,0,13,103269.0,"[""environment:rural"", ""environment:urban"", ""light:auto_bright_dark"", ""light:natural"", ""light:uniform"", ""time_of_day:twilight"", ""track_layout:curve"", ""weather:cloudy""]"
nlb_fall_000172,172,0,test,usable,,images/nlb_fall_000172.png,annotations/nlb_fall_000172.json,masks/nlb_fall_000172.png,all_tracks,images/test/nlb_fall_000172.png,labels/test/nlb_fall_000172.txt,1,1,0,8,100949.0,"[""environment:rural"", ""environment:urban"", ""light:auto_bright_dark"", ""light:dark"", ""light:natural"", ""light:uniform"", ""time_of_day:twilight"", ""track_layout:orthogonal structures"", ""track_layout:straight"", ""weather:cloudy""]"
nlb_fall_000173,173,0,test,usable,,images/nlb_fall_000173.png,annotations/nlb_fall_000173.json,masks/nlb_fall_000173.png,all_tracks,images/test/nlb_fall_000173.png,labels/test/nlb_fall_000173.txt,1,1,0,14,102510.5,"[""environment:rural"", ""environment:urban"", ""light:auto_bright_dark"", ""light:dark"", ""light:natural"", ""light:uniform"", ""time_of_day:twilight"", ""track_layout:curve"", ""track_layout:orthogonal structures"", ""weather:cloudy""]"
nlb_fall_000174,174,0,test,usable,,images/nlb_fall_000174.png,annotations/nlb_fall_000174.json,masks/nlb_fall_000174.png,all_tracks,images/test/nlb_fall_000174.png,labels/test/nlb_fall_000174.txt,1,1,0,16,104978.0,"[""environment:rural"", ""environment:urban"", ""light:auto_bright_dark"", ""light:natural"", ""light:uniform"", ""time_of_day:twilight"", ""track_layout:curve"", ""weather:cloudy""]"
nlb_fall_000175,175,0,test,usable,,images/nlb_fall_000175.png,annotations/nlb_fall_000175.json,masks/nlb_fall_000175.png,all_tracks,images/test/nlb_fall_000175.png,labels/test/nlb_fall_000175.txt,1,1,0,16,105472.5,"[""environment:rural"", ""environment:urban"", ""light:auto_bright_dark"", ""light:natural"", ""light:uniform"", ""time_of_day:twilight"", ""track_layout:curve"", ""weather:cloudy""]"
nlb_fall_000176,176,0,test,usable,,images/nlb_fall_000176.png,annotations/nlb_fall_000176.json,masks/nlb_fall_000176.png,all_tracks,images/test/nlb_fall_000176.png,labels/test/nlb_fall_000176.txt,1,1,0,10,100801.5,"[""environment:rural"", ""light:auto_bright_dark"", ""light:natural"", ""light:uniform"", ""time_of_day:twilight"", ""track_layout:curve"", ""weather:cloudy""]"
nlb_fall_000177,177,0,test,usable,,images/nlb_fall_000177.png,annotations/nlb_fall_000177.json,masks/nlb_fall_000177.png,all_tracks,images/test/nlb_fall_000177.png,labels/test/nlb_fall_000177.txt,1,1,0,10,103203.5,"[""environment:rural"", ""light:auto_bright_dark"", ""light:natural"", ""light:uniform"", ""time_of_day:twilight"", ""track_layout:curve"", ""weather:cloudy""]"
nlb_fall_000178,178,0,test,usable,,images/nlb_fall_000178.png,annotations/nlb_fall_000178.json,masks/nlb_fall_000178.png,all_tracks,images/test/nlb_fall_000178.png,labels/test/nlb_fall_000178.txt,1,1,0,13,99518.0,"[""environment:rural"", ""light:auto_bright_dark"", ""light:natural"", ""light:uniform"", ""time_of_day:twilight"", ""track_layout:curve"", ""weather:cloudy""]"
nlb_fall_000179,179,0,test,usable,,images/nlb_fall_000179.png,annotations/nlb_fall_000179.json,masks/nlb_fall_000179.png,all_tracks,images/test/nlb_fall_000179.png,labels/test/nlb_fall_000179.txt,1,1,0,13,99914.0,"[""environment:rural"", ""light:auto_bright_dark"", ""light:natural"", ""light:uniform"", ""time_of_day:twilight"", ""track_layout:curve"", ""weather:cloudy""]"
nlb_fall_000180,180,0,test,usable,,images/nlb_fall_000180.png,annotations/nlb_fall_000180.json,masks/nlb_fall_000180.png,all_tracks,images/test/nlb_fall_000180.png,labels/test/nlb_fall_000180.txt,1,1,0,13,100947.0,"[""environment:rural"", ""environment:urban"", ""light:auto_bright_dark"", ""light:dark"", ""light:natural"", ""light:uniform"", ""time_of_day:twilight"", ""track_layout:curve"", ""weather:cloudy""]"
nlb_fall_000181,181,0,test,usable,,images/nlb_fall_000181.png,annotations/nlb_fall_000181.json,masks/nlb_fall_000181.png,all_tracks,images/test/nlb_fall_000181.png,labels/test/nlb_fall_000181.txt,1,1,0,14,99326.5,"[""environment:rural"", ""light:auto_bright_dark"", ""light:natural"", ""light:uniform"", ""time_of_day:twilight"", ""track_layout:curve"", ""weather:cloudy""]"
nlb_fall_000182,182,0,test,usable,,images/nlb_fall_000182.png,annotations/nlb_fall_000182.json,masks/nlb_fall_000182.png,all_tracks,images/test/nlb_fall_000182.png,labels/test/nlb_fall_000182.txt,1,1,0,8,98831.5,"[""environment:rural"", ""light:auto_bright_dark"", ""light:natural"", ""light:uniform"", ""time_of_day:twilight"", ""track_layout:straight"", ""weather:cloudy""]"
nlb_fall_000183,183,0,test,usable,,images/nlb_fall_000183.png,annotations/nlb_fall_000183.json,masks/nlb_fall_000183.png,all_tracks,images/test/nlb_fall_000183.png,labels/test/nlb_fall_000183.txt,1,1,0,9,100443.0,"[""environment:rural"", ""environment:urban"", ""light:auto_bright_dark"", ""light:natural"", ""light:uniform"", ""time_of_day:twilight"", ""track_layout:straight"", ""weather:cloudy""]"
nlb_fall_000184,184,0,test,usable,,images/nlb_fall_000184.png,annotations/nlb_fall_000184.json,masks/nlb_fall_000184.png,all_tracks,images/test/nlb_fall_000184.png,labels/test/nlb_fall_000184.txt,1,1,0,8,100060.0,"[""environment:rural"", ""light:auto_bright_dark"", ""light:natural"", ""light:uniform"", ""time_of_day:twilight"", ""track_layout:straight"", ""weather:cloudy""]"
nlb_fall_000185,185,0,test,usable,,images/nlb_fall_000185.png,annotations/nlb_fall_000185.json,masks/nlb_fall_000185.png,all_tracks,images/test/nlb_fall_000185.png,labels/test/nlb_fall_000185.txt,1,1,0,8,101118.0,"[""environment:rural"", ""environment:urban"", ""light:auto_bright_dark"", ""light:natural"", ""light:uniform"", ""time_of_day:twilight"", ""track_layout:orthogonal structures"", ""track_layout:straight"", ""weather:cloudy""]"
nlb_fall_000186,186,0,test,usable,,images/nlb_fall_000186.png,annotations/nlb_fall_000186.json,masks/nlb_fall_000186.png,all_tracks,images/test/nlb_fall_000186.png,labels/test/nlb_fall_000186.txt,1,1,0,9,100799.0,"[""environment:rural"", ""environment:urban"", ""light:auto_bright_dark"", ""light:natural"", ""light:uniform"", ""time_of_day:twilight"", ""track_layout:straight"", ""weather:cloudy""]"
nlb_fall_000187,187,0,test,usable,,images/nlb_fall_000187.png,annotations/nlb_fall_000187.json,masks/nlb_fall_000187.png,all_tracks,images/test/nlb_fall_000187.png,labels/test/nlb_fall_000187.txt,1,1,0,9,99916.0,"[""environment:rural"", ""light:auto_bright_dark"", ""light:natural"", ""light:uniform"", ""time_of_day:twilight"", ""track_layout:straight"", ""weather:cloudy""]"
nlb_fall_000188,188,0,test,usable,,images/nlb_fall_000188.png,annotations/nlb_fall_000188.json,masks/nlb_fall_000188.png,all_tracks,images/test/nlb_fall_000188.png,labels/test/nlb_fall_000188.txt,1,1,0,14,100587.5,"[""environment:rural"", ""environment:urban"", ""light:auto_bright_dark"", ""light:natural"", ""light:uniform"", ""time_of_day:twilight"", ""track_layout:curve"", ""track_layout:parallel structures"", ""track_layout:straight"", ""weather:cloudy""]"
nlb_fall_000189,189,0,test,usable,,images/nlb_fall_000189.png,annotations/nlb_fall_000189.json,masks/nlb_fall_000189.png,all_tracks,images/test/nlb_fall_000189.png,labels/test/nlb_fall_000189.txt,1,1,0,10,100607.0,"[""environment:rural"", ""light:auto_bright_dark"", ""light:natural"", ""light:uniform"", ""time_of_day:twilight"", ""track_layout:curve"", ""track_layout:straight"", ""weather:cloudy""]"
nlb_fall_000190,190,0,test,usable,,images/nlb_fall_000190.png,annotations/nlb_fall_000190.json,masks/nlb_fall_000190.png,all_tracks,images/test/nlb_fall_000190.png,labels/test/nlb_fall_000190.txt,1,1,0,12,100596.5,"[""environment:rural"", ""light:auto_bright_dark"", ""light:natural"", ""light:uniform"", ""time_of_day:twilight"", ""track_layout:curve"", ""track_layout:straight"", ""weather:cloudy""]"
nlb_fall_000191,191,0,test,usable,,images/nlb_fall_000191.png,annotations/nlb_fall_000191.json,masks/nlb_fall_000191.png,all_tracks,images/test/nlb_fall_000191.png,labels/test/nlb_fall_000191.txt,1,1,0,10,101062.5,"[""environment:rural"", ""light:auto_bright_dark"", ""light:natural"", ""light:uniform"", ""time_of_day:twilight"", ""track_layout:straight"", ""weather:cloudy""]"
nlb_fall_000192,192,0,test,usable,,images/nlb_fall_000192.png,annotations/nlb_fall_000192.json,masks/nlb_fall_000192.png,all_tracks,images/test/nlb_fall_000192.png,labels/test/nlb_fall_000192.txt,1,1,0,8,100799.0,"[""environment:rural"", ""light:auto_bright_dark"", ""light:dark"", ""light:natural"", ""light:uniform"", ""time_of_day:twilight"", ""track_layout:straight"", ""weather:cloudy""]"
nlb_fall_000193,193,0,test,usable,,images/nlb_fall_000193.png,annotations/nlb_fall_000193.json,masks/nlb_fall_000193.png,all_tracks,images/test/nlb_fall_000193.png,labels/test/nlb_fall_000193.txt,1,1,0,9,100675.5,"[""environment:rural"", ""light:auto_bright_dark"", ""light:dark"", ""light:natural"", ""light:uniform"", ""time_of_day:twilight"", ""track_layout:orthogonal structures"", ""track_layout:straight"", ""weather:cloudy""]"
nlb_fall_000194,194,0,test,usable,,images/nlb_fall_000194.png,annotations/nlb_fall_000194.json,masks/nlb_fall_000194.png,all_tracks,images/test/nlb_fall_000194.png,labels/test/nlb_fall_000194.txt,1,1,0,10,101899.5,"[""environment:rural"", ""light:auto_bright_dark"", ""light:dark"", ""light:natural"", ""light:uniform"", ""time_of_day:twilight"", ""track_layout:straight"", ""weather:cloudy""]"
nlb_fall_000195,195,0,test,usable,,images/nlb_fall_000195.png,annotations/nlb_fall_000195.json,masks/nlb_fall_000195.png,all_tracks,images/test/nlb_fall_000195.png,labels/test/nlb_fall_000195.txt,1,1,0,14,100649.5,"[""environment:rural"", ""light:auto_bright_dark"", ""light:dark"", ""light:natural"", ""light:uniform"", ""time_of_day:twilight"", ""track_layout:curve"", ""weather:cloudy""]"
nlb_fall_000196,196,0,test,usable,,images/nlb_fall_000196.png,annotations/nlb_fall_000196.json,masks/nlb_fall_000196.png,all_tracks,images/test/nlb_fall_000196.png,labels/test/nlb_fall_000196.txt,1,1,0,14,102335.0,"[""environment:rural"", ""light:auto_bright_dark"", ""light:dark"", ""light:natural"", ""light:uniform"", ""time_of_day:twilight"", ""track_layout:curve"", ""weather:cloudy""]"
nlb_fall_000197,197,0,test,usable,,images/nlb_fall_000197.png,annotations/nlb_fall_000197.json,masks/nlb_fall_000197.png,all_tracks,images/test/nlb_fall_000197.png,labels/test/nlb_fall_000197.txt,1,1,0,14,103372.5,"[""environment:rural"", ""environment:urban"", ""light:auto_bright_dark"", ""light:dark"", ""light:natural"", ""light:uniform"", ""time_of_day:twilight"", ""track_layout:curve"", ""weather:cloudy""]"
nlb_fall_000198,198,0,test,usable,,images/nlb_fall_000198.png,annotations/nlb_fall_000198.json,masks/nlb_fall_000198.png,all_tracks,images/test/nlb_fall_000198.png,labels/test/nlb_fall_000198.txt,1,1,0,10,101746.0,"[""environment:rural"", ""environment:urban"", ""light:auto_bright_dark"", ""light:natural"", ""light:uniform"", ""time_of_day:twilight"", ""track_layout:curve"", ""weather:cloudy""]"
nlb_fall_000199,199,0,test,usable,,images/nlb_fall_000199.png,annotations/nlb_fall_000199.json,masks/nlb_fall_000199.png,all_tracks,images/test/nlb_fall_000199.png,labels/test/nlb_fall_000199.txt,1,1,0,15,102922.5,"[""environment:rural"", ""environment:urban"", ""light:auto_bright_dark"", ""light:dark"", ""light:natural"", ""light:uniform"", ""time_of_day:twilight"", ""track_layout:curve"", ""weather:cloudy""]"
nlb_fall_000200,200,0,test,usable,,images/nlb_fall_000200.png,annotations/nlb_fall_000200.json,masks/nlb_fall_000200.png,all_tracks,images/test/nlb_fall_000200.png,labels/test/nlb_fall_000200.txt,1,2,1,6,101890.0,"[""environment:rural"", ""environment:urban"", ""light:auto_bright_dark"", ""light:natural"", ""light:uniform"", ""time_of_day:twilight"", ""track_layout:curve"", ""track_layout:straight"", ""weather:cloudy""]"
nlb_fall_000201,201,0,test,usable,,images/nlb_fall_000201.png,annotations/nlb_fall_000201.json,masks/nlb_fall_000201.png,all_tracks,images/test/nlb_fall_000201.png,labels/test/nlb_fall_000201.txt,1,2,0,8,98851.0,"[""environment:rural"", ""light:auto_bright_dark"", ""light:natural"", ""light:uniform"", ""time_of_day:twilight"", ""track_layout:straight"", ""weather:cloudy""]"
nlb_fall_000202,202,0,test,usable,,images/nlb_fall_000202.png,annotations/nlb_fall_000202.json,masks/nlb_fall_000202.png,all_tracks,images/test/nlb_fall_000202.png,labels/test/nlb_fall_000202.txt,1,2,0,8,100499.0,"[""environment:rural"", ""light:auto_bright_dark"", ""light:natural"", ""light:uniform"", ""time_of_day:twilight"", ""track_layout:straight"", ""weather:cloudy""]"
nlb_fall_000203,203,0,test,usable,,images/nlb_fall_000203.png,annotations/nlb_fall_000203.json,masks/nlb_fall_000203.png,all_tracks,images/test/nlb_fall_000203.png,labels/test/nlb_fall_000203.txt,1,2,0,8,99066.5,"[""environment:rural"", ""light:auto_bright_dark"", ""light:natural"", ""light:uniform"", ""time_of_day:twilight"", ""track_layout:straight"", ""weather:cloudy""]"
nlb_fall_000204,204,0,test,usable,,images/nlb_fall_000204.png,annotations/nlb_fall_000204.json,masks/nlb_fall_000204.png,all_tracks,images/test/nlb_fall_000204.png,labels/test/nlb_fall_000204.txt,1,2,0,6,98851.5,"[""environment:rural"", ""light:auto_bright_dark"", ""light:natural"", ""light:uniform"", ""time_of_day:twilight"", ""track_layout:straight"", ""weather:cloudy""]"
nlb_fall_000205,205,0,test,usable,,images/nlb_fall_000205.png,annotations/nlb_fall_000205.json,masks/nlb_fall_000205.png,all_tracks,images/test/nlb_fall_000205.png,labels/test/nlb_fall_000205.txt,1,2,0,4,100655.0,"[""environment:rural"", ""light:auto_bright_dark"", ""light:natural"", ""light:uniform"", ""time_of_day:twilight"", ""track_layout:straight"", ""weather:cloudy""]"
nlb_fall_000206,206,0,test,usable,,images/nlb_fall_000206.png,annotations/nlb_fall_000206.json,masks/nlb_fall_000206.png,all_tracks,images/test/nlb_fall_000206.png,labels/test/nlb_fall_000206.txt,1,2,0,10,100223.5,"[""environment:rural"", ""light:auto_bright_dark"", ""light:natural"", ""light:uniform"", ""time_of_day:twilight"", ""track_layout:curve"", ""track_layout:straight"", ""weather:cloudy""]"
nlb_fall_000207,207,0,test,usable,,images/nlb_fall_000207.png,annotations/nlb_fall_000207.json,masks/nlb_fall_000207.png,all_tracks,images/test/nlb_fall_000207.png,labels/test/nlb_fall_000207.txt,1,2,0,12,99983.0,"[""environment:rural"", ""light:auto_bright_dark"", ""light:natural"", ""light:uniform"", ""time_of_day:twilight"", ""track_layout:curve"", ""weather:cloudy""]"
nlb_fall_000208,208,0,test,usable,,images/nlb_fall_000208.png,annotations/nlb_fall_000208.json,masks/nlb_fall_000208.png,all_tracks,images/test/nlb_fall_000208.png,labels/test/nlb_fall_000208.txt,1,2,1,16,101115.0,"[""environment:rural"", ""light:auto_bright_dark"", ""light:natural"", ""light:uniform"", ""time_of_day:twilight"", ""track_layout:curve"", ""weather:cloudy""]"
nlb_fall_000209,209,0,test,usable,,images/nlb_fall_000209.png,annotations/nlb_fall_000209.json,masks/nlb_fall_000209.png,all_tracks,images/test/nlb_fall_000209.png,labels/test/nlb_fall_000209.txt,1,1,0,16,100217.5,"[""environment:rural"", ""environment:urban"", ""light:auto_bright_dark"", ""light:natural"", ""light:uniform"", ""time_of_day:twilight"", ""track_layout:curve"", ""weather:cloudy""]"
nlb_fall_000210,210,0,test,usable,,images/nlb_fall_000210.png,annotations/nlb_fall_000210.json,masks/nlb_fall_000210.png,all_tracks,images/test/nlb_fall_000210.png,labels/test/nlb_fall_000210.txt,1,1,0,14,102019.0,"[""environment:rural"", ""environment:urban"", ""light:auto_bright_dark"", ""light:natural"", ""light:uniform"", ""time_of_day:twilight"", ""track_layout:curve"", ""weather:cloudy""]"
nlb_fall_000211,211,0,test,usable,,images/nlb_fall_000211.png,annotations/nlb_fall_000211.json,masks/nlb_fall_000211.png,all_tracks,images/test/nlb_fall_000211.png,labels/test/nlb_fall_000211.txt,1,1,0,18,100740.0,"[""environment:rural"", ""light:auto_bright_dark"", ""light:natural"", ""light:uniform"", ""time_of_day:twilight"", ""track_layout:curve"", ""weather:cloudy""]"
nlb_fall_000212,212,0,test,usable,,images/nlb_fall_000212.png,annotations/nlb_fall_000212.json,masks/nlb_fall_000212.png,all_tracks,images/test/nlb_fall_000212.png,labels/test/nlb_fall_000212.txt,1,1,0,18,102767.5,"[""environment:rural"", ""light:auto_bright_dark"", ""light:natural"", ""light:uniform"", ""time_of_day:twilight"", ""track_layout:curve"", ""weather:cloudy""]"
nlb_fall_000213,213,0,test,usable,,images/nlb_fall_000213.png,annotations/nlb_fall_000213.json,masks/nlb_fall_000213.png,all_tracks,images/test/nlb_fall_000213.png,labels/test/nlb_fall_000213.txt,1,1,0,10,100327.5,"[""environment:rural"", ""light:auto_bright_dark"", ""light:natural"", ""light:uniform"", ""time_of_day:twilight"", ""track_layout:straight"", ""weather:cloudy""]"
nlb_fall_000214,214,0,test,usable,,images/nlb_fall_000214.png,annotations/nlb_fall_000214.json,masks/nlb_fall_000214.png,all_tracks,images/test/nlb_fall_000214.png,labels/test/nlb_fall_000214.txt,1,1,0,6,99379.5,"[""environment:rural"", ""light:auto_bright_dark"", ""light:dark"", ""light:natural"", ""light:uniform"", ""time_of_day:twilight"", ""track_layout:straight"", ""weather:cloudy""]"
nlb_fall_000215,215,0,test,usable,,images/nlb_fall_000215.png,annotations/nlb_fall_000215.json,masks/nlb_fall_000215.png,all_tracks,images/test/nlb_fall_000215.png,labels/test/nlb_fall_000215.txt,1,1,0,10,99512.5,"[""environment:rural"", ""light:auto_bright_dark"", ""light:dark"", ""light:natural"", ""light:uniform"", ""time_of_day:twilight"", ""track_layout:straight"", ""weather:cloudy""]"
nlb_fall_000216,216,0,test,usable,,images/nlb_fall_000216.png,annotations/nlb_fall_000216.json,masks/nlb_fall_000216.png,all_tracks,images/test/nlb_fall_000216.png,labels/test/nlb_fall_000216.txt,1,1,0,12,100290.5,"[""environment:rural"", ""light:auto_bright_dark"", ""light:dark"", ""light:natural"", ""light:uniform"", ""time_of_day:twilight"", ""track_layout:curve"", ""weather:cloudy""]"
nlb_fall_000217,217,0,test,usable,,images/nlb_fall_000217.png,annotations/nlb_fall_000217.json,masks/nlb_fall_000217.png,all_tracks,images/test/nlb_fall_000217.png,labels/test/nlb_fall_000217.txt,1,1,0,18,100102.0,"[""environment:rural"", ""light:auto_bright_dark"", ""light:natural"", ""light:uniform"", ""time_of_day:twilight"", ""track_layout:curve"", ""weather:cloudy""]"
nlb_fall_000218,218,0,test,usable,,images/nlb_fall_000218.png,annotations/nlb_fall_000218.json,masks/nlb_fall_000218.png,all_tracks,images/test/nlb_fall_000218.png,labels/test/nlb_fall_000218.txt,1,1,0,14,99869.5,"[""environment:rural"", ""light:auto_bright_dark"", ""light:dark"", ""light:natural"", ""light:uniform"", ""time_of_day:twilight"", ""track_layout:curve"", ""weather:cloudy""]"
nlb_fall_000219,219,0,test,usable,,images/nlb_fall_000219.png,annotations/nlb_fall_000219.json,masks/nlb_fall_000219.png,all_tracks,images/test/nlb_fall_000219.png,labels/test/nlb_fall_000219.txt,1,1,0,12,100813.0,"[""environment:rural"", ""light:auto_bright_dark"", ""light:natural"", ""light:uniform"", ""time_of_day:twilight"", ""track_layout:curve"", ""weather:cloudy""]"
nlb_fall_000220,220,0,test,usable,,images/nlb_fall_000220.png,annotations/nlb_fall_000220.json,masks/nlb_fall_000220.png,all_tracks,images/test/nlb_fall_000220.png,labels/test/nlb_fall_000220.txt,1,1,0,16,99538.5,"[""environment:rural"", ""light:auto_bright_dark"", ""light:dark"", ""light:natural"", ""light:uniform"", ""time_of_day:twilight"", ""track_layout:curve"", ""weather:cloudy""]"
nlb_fall_000221,221,0,test,usable,,images/nlb_fall_000221.png,annotations/nlb_fall_000221.json,masks/nlb_fall_000221.png,all_tracks,images/test/nlb_fall_000221.png,labels/test/nlb_fall_000221.txt,1,1,0,10,100624.5,"[""environment:rural"", ""light:auto_bright_dark"", ""light:dark"", ""light:natural"", ""light:uniform"", ""time_of_day:twilight"", ""track_layout:curve"", ""weather:cloudy""]"
nlb_fall_000222,222,0,test,usable,,images/nlb_fall_000222.png,annotations/nlb_fall_000222.json,masks/nlb_fall_000222.png,all_tracks,images/test/nlb_fall_000222.png,labels/test/nlb_fall_000222.txt,1,1,0,6,100972.5,"[""environment:rural"", ""light:auto_bright_dark"", ""light:dark"", ""light:natural"", ""light:uniform"", ""time_of_day:twilight"", ""track_layout:straight"", ""weather:cloudy""]"
nlb_fall_000223,223,0,test,usable,,images/nlb_fall_000223.png,annotations/nlb_fall_000223.json,masks/nlb_fall_000223.png,all_tracks,images/test/nlb_fall_000223.png,labels/test/nlb_fall_000223.txt,1,1,0,6,99421.5,"[""environment:rural"", ""light:auto_bright_dark"", ""light:natural"", ""light:uniform"", ""time_of_day:twilight"", ""track_layout:straight"", ""weather:cloudy""]"
nlb_fall_000224,224,0,test,usable,,images/nlb_fall_000224.png,annotations/nlb_fall_000224.json,masks/nlb_fall_000224.png,all_tracks,images/test/nlb_fall_000224.png,labels/test/nlb_fall_000224.txt,1,1,0,10,100021.5,"[""environment:rural"", ""light:auto_bright_dark"", ""light:dark"", ""light:natural"", ""light:uniform"", ""time_of_day:twilight"", ""track_layout:straight"", ""weather:cloudy""]"
nlb_fall_000225,225,0,test,usable,,images/nlb_fall_000225.png,annotations/nlb_fall_000225.json,masks/nlb_fall_000225.png,all_tracks,images/test/nlb_fall_000225.png,labels/test/nlb_fall_000225.txt,1,1,0,14,100344.5,"[""environment:rural"", ""light:auto_bright_dark"", ""light:dark"", ""light:natural"", ""light:uniform"", ""time_of_day:twilight"", ""track_layout:curve"", ""weather:cloudy""]"
nlb_fall_000226,226,0,test,usable,,images/nlb_fall_000226.png,annotations/nlb_fall_000226.json,masks/nlb_fall_000226.png,all_tracks,images/test/nlb_fall_000226.png,labels/test/nlb_fall_000226.txt,1,1,0,16,99948.0,"[""environment:rural"", ""light:auto_bright_dark"", ""light:dark"", ""light:natural"", ""light:uniform"", ""time_of_day:twilight"", ""track_layout:curve"", ""weather:cloudy""]"
nlb_fall_000227,227,0,test,usable,,images/nlb_fall_000227.png,annotations/nlb_fall_000227.json,masks/nlb_fall_000227.png,all_tracks,images/test/nlb_fall_000227.png,labels/test/nlb_fall_000227.txt,1,1,0,12,100642.0,"[""environment:rural"", ""light:auto_bright_dark"", ""light:natural"", ""light:uniform"", ""time_of_day:twilight"", ""track_layout:curve"", ""weather:cloudy""]"
nlb_fall_000228,228,0,test,usable,,images/nlb_fall_000228.png,annotations/nlb_fall_000228.json,masks/nlb_fall_000228.png,all_tracks,images/test/nlb_fall_000228.png,labels/test/nlb_fall_000228.txt,1,1,0,10,101111.5,"[""environment:rural"", ""light:auto_bright_dark"", ""light:dark"", ""light:natural"", ""light:uniform"", ""time_of_day:twilight"", ""track_layout:curve"", ""weather:cloudy""]"
nlb_fall_000229,229,0,test,usable,,images/nlb_fall_000229.png,annotations/nlb_fall_000229.json,masks/nlb_fall_000229.png,all_tracks,images/test/nlb_fall_000229.png,labels/test/nlb_fall_000229.txt,1,1,0,8,99182.5,"[""environment:rural"", ""light:auto_bright_dark"", ""light:dark"", ""light:natural"", ""light:uniform"", ""time_of_day:twilight"", ""track_layout:curve"", ""weather:cloudy""]"
nlb_fall_000230,230,0,test,usable,,images/nlb_fall_000230.png,annotations/nlb_fall_000230.json,masks/nlb_fall_000230.png,all_tracks,images/test/nlb_fall_000230.png,labels/test/nlb_fall_000230.txt,1,1,0,14,102746.5,"[""environment:rural"", ""light:auto_bright_dark"", ""light:dark"", ""light:natural"", ""light:uniform"", ""time_of_day:twilight"", ""track_layout:curve"", ""weather:cloudy""]"
nlb_fall_000231,231,0,test,usable,,images/nlb_fall_000231.png,annotations/nlb_fall_000231.json,masks/nlb_fall_000231.png,all_tracks,images/test/nlb_fall_000231.png,labels/test/nlb_fall_000231.txt,1,1,0,18,100225.0,"[""environment:rural"", ""light:auto_bright_dark"", ""light:dark"", ""light:natural"", ""light:uniform"", ""time_of_day:twilight"", ""track_layout:curve"", ""weather:cloudy""]"
nlb_fall_000232,232,0,test,usable,,images/nlb_fall_000232.png,annotations/nlb_fall_000232.json,masks/nlb_fall_000232.png,all_tracks,images/test/nlb_fall_000232.png,labels/test/nlb_fall_000232.txt,1,1,0,12,100913.0,"[""environment:rural"", ""light:auto_bright_dark"", ""light:dark"", ""light:natural"", ""light:uniform"", ""time_of_day:twilight"", ""track_layout:curve"", ""weather:cloudy""]"
nlb_fall_000233,233,0,test,usable,,images/nlb_fall_000233.png,annotations/nlb_fall_000233.json,masks/nlb_fall_000233.png,all_tracks,images/test/nlb_fall_000233.png,labels/test/nlb_fall_000233.txt,1,1,0,4,99580.5,"[""environment:rural"", ""light:auto_bright_dark"", ""light:dark"", ""light:natural"", ""light:uniform"", ""time_of_day:twilight"", ""track_layout:straight"", ""weather:cloudy""]"
nlb_fall_000234,234,0,test,usable,,images/nlb_fall_000234.png,annotations/nlb_fall_000234.json,masks/nlb_fall_000234.png,all_tracks,images/test/nlb_fall_000234.png,labels/test/nlb_fall_000234.txt,1,1,0,6,98128.5,"[""environment:rural"", ""light:auto_bright_dark"", ""light:dark"", ""light:natural"", ""light:uniform"", ""time_of_day:twilight"", ""track_layout:straight"", ""weather:cloudy""]"
nlb_fall_000235,235,0,test,usable,,images/nlb_fall_000235.png,annotations/nlb_fall_000235.json,masks/nlb_fall_000235.png,all_tracks,images/test/nlb_fall_000235.png,labels/test/nlb_fall_000235.txt,1,1,0,10,99634.5,"[""environment:rural"", ""environment:urban"", ""light:auto_bright_dark"", ""light:dark"", ""light:natural"", ""light:uniform"", ""time_of_day:twilight"", ""track_layout:curve"", ""weather:cloudy""]"
nlb_fall_000236,236,0,test,usable,,images/nlb_fall_000236.png,annotations/nlb_fall_000236.json,masks/nlb_fall_000236.png,all_tracks,images/test/nlb_fall_000236.png,labels/test/nlb_fall_000236.txt,1,1,0,10,101881.0,"[""environment:rural"", ""light:auto_bright_dark"", ""light:dark"", ""light:natural"", ""light:uniform"", ""time_of_day:twilight"", ""track_layout:curve"", ""weather:cloudy""]"
nlb_fall_000237,237,0,test,usable,,images/nlb_fall_000237.png,annotations/nlb_fall_000237.json,masks/nlb_fall_000237.png,all_tracks,images/test/nlb_fall_000237.png,labels/test/nlb_fall_000237.txt,1,1,0,12,103880.0,"[""environment:rural"", ""light:auto_bright_dark"", ""light:dark"", ""light:natural"", ""light:uniform"", ""time_of_day:twilight"", ""track_layout:curve"", ""weather:cloudy""]"
nlb_fall_000238,238,0,test,usable,,images/nlb_fall_000238.png,annotations/nlb_fall_000238.json,masks/nlb_fall_000238.png,all_tracks,images/test/nlb_fall_000238.png,labels/test/nlb_fall_000238.txt,1,1,0,12,105548.0,"[""environment:rural"", ""light:auto_bright_dark"", ""light:dark"", ""light:natural"", ""light:uniform"", ""time_of_day:twilight"", ""track_layout:curve"", ""weather:cloudy""]"
nlb_fall_000239,239,0,test,usable,,images/nlb_fall_000239.png,annotations/nlb_fall_000239.json,masks/nlb_fall_000239.png,all_tracks,images/test/nlb_fall_000239.png,labels/test/nlb_fall_000239.txt,1,1,0,14,102822.0,"[""environment:rural"", ""light:auto_bright_dark"", ""light:dark"", ""light:natural"", ""light:uniform"", ""time_of_day:twilight"", ""track_layout:curve"", ""weather:cloudy""]"
nlb_fall_000240,240,0,test,usable,,images/nlb_fall_000240.png,annotations/nlb_fall_000240.json,masks/nlb_fall_000240.png,all_tracks,images/test/nlb_fall_000240.png,labels/test/nlb_fall_000240.txt,1,1,1,8,100973.0,"[""environment:rural"", ""light:auto_bright_dark"", ""light:dark"", ""light:natural"", ""light:uniform"", ""time_of_day:twilight"", ""track_layout:curve"", ""weather:cloudy""]"
nlb_fall_000241,241,0,test,usable,,images/nlb_fall_000241.png,annotations/nlb_fall_000241.json,masks/nlb_fall_000241.png,all_tracks,images/test/nlb_fall_000241.png,labels/test/nlb_fall_000241.txt,1,2,1,10,98815.0,"[""environment:rural"", ""environment:urban"", ""light:auto_bright_dark"", ""light:dark"", ""light:natural"", ""light:uniform"", ""time_of_day:twilight"", ""track_layout:curve"", ""weather:cloudy""]"
nlb_fall_000242,242,0,test,usable,,images/nlb_fall_000242.png,annotations/nlb_fall_000242.json,masks/nlb_fall_000242.png,all_tracks,images/test/nlb_fall_000242.png,labels/test/nlb_fall_000242.txt,1,3,2,12,99777.5,"[""environment:rural"", ""environment:urban"", ""light:auto_bright_dark"", ""light:dark"", ""light:natural"", ""light:uniform"", ""time_of_day:twilight"", ""track_layout:curve"", ""weather:cloudy""]"
nlb_fall_000243,243,0,test,usable,,images/nlb_fall_000243.png,annotations/nlb_fall_000243.json,masks/nlb_fall_000243.png,all_tracks,images/test/nlb_fall_000243.png,labels/test/nlb_fall_000243.txt,1,3,2,16,102070.5,"[""environment:rural"", ""environment:urban"", ""light:auto_bright_dark"", ""light:dark"", ""light:natural"", ""light:uniform"", ""time_of_day:twilight"", ""track_layout:curve"", ""weather:cloudy""]"
nlb_fall_000244,244,0,test,usable,,images/nlb_fall_000244.png,annotations/nlb_fall_000244.json,masks/nlb_fall_000244.png,all_tracks,images/test/nlb_fall_000244.png,labels/test/nlb_fall_000244.txt,1,5,2,16,99350.5,"[""environment:rural"", ""environment:urban"", ""light:auto_bright_dark"", ""light:natural"", ""light:uniform"", ""time_of_day:twilight"", ""track_layout:curve"", ""weather:cloudy""]"
nlb_fall_000245,245,0,test,usable,,images/nlb_fall_000245.png,annotations/nlb_fall_000245.json,masks/nlb_fall_000245.png,all_tracks,images/test/nlb_fall_000245.png,labels/test/nlb_fall_000245.txt,1,6,2,14,100813.5,"[""environment:rural"", ""environment:urban"", ""light:auto_bright_dark"", ""light:natural"", ""light:uniform"", ""time_of_day:twilight"", ""track_layout:curve"", ""weather:cloudy""]"
nlb_fall_000246,246,0,test,usable,,images/nlb_fall_000246.png,annotations/nlb_fall_000246.json,masks/nlb_fall_000246.png,all_tracks,images/test/nlb_fall_000246.png,labels/test/nlb_fall_000246.txt,1,5,0,10,96353.0,"[""environment:rural"", ""environment:station"", ""environment:urban"", ""light:auto_bright_dark"", ""light:natural"", ""light:uniform"", ""time_of_day:twilight"", ""track_layout:curve"", ""weather:cloudy""]"
nlb_fall_000247,247,0,test,usable,,images/nlb_fall_000247.png,annotations/nlb_fall_000247.json,masks/nlb_fall_000247.png,all_tracks,images/test/nlb_fall_000247.png,labels/test/nlb_fall_000247.txt,1,5,0,16,102817.0,"[""environment:rural"", ""environment:station"", ""environment:urban"", ""light:auto_bright_dark"", ""light:natural"", ""light:uniform"", ""time_of_day:twilight"", ""track_layout:curve"", ""weather:cloudy""]"
nlb_fall_000248,248,0,test,usable,,images/nlb_fall_000248.png,annotations/nlb_fall_000248.json,masks/nlb_fall_000248.png,all_tracks,images/test/nlb_fall_000248.png,labels/test/nlb_fall_000248.txt,1,4,0,10,100455.0,"[""environment:rural"", ""environment:station"", ""environment:urban"", ""light:auto_bright_dark"", ""light:natural"", ""light:uniform"", ""time_of_day:twilight"", ""track_layout:curve"", ""weather:cloudy""]"
nlb_fall_000249,249,0,test,usable,,images/nlb_fall_000249.png,annotations/nlb_fall_000249.json,masks/nlb_fall_000249.png,all_tracks,images/test/nlb_fall_000249.png,labels/test/nlb_fall_000249.txt,1,5,0,10,100852.0,"[""environment:rural"", ""environment:station"", ""environment:urban"", ""light:auto_bright_dark"", ""light:natural"", ""light:uniform"", ""time_of_day:twilight"", ""track_layout:curve"", ""weather:cloudy""]"
nlb_fall_000250,250,1,train,usable,,images/nlb_fall_000250.png,annotations/nlb_fall_000250.json,masks/nlb_fall_000250.png,all_tracks,images/train/nlb_fall_000250.png,labels/train/nlb_fall_000250.txt,1,5,0,14,100765.5,"[""environment:rural"", ""environment:urban"", ""light:auto_bright_dark"", ""light:natural"", ""light:uniform"", ""time_of_day:twilight"", ""track_layout:curve"", ""weather:cloudy""]"
nlb_fall_000251,251,1,train,usable,,images/nlb_fall_000251.png,annotations/nlb_fall_000251.json,masks/nlb_fall_000251.png,all_tracks,images/train/nlb_fall_000251.png,labels/train/nlb_fall_000251.txt,1,4,0,18,99306.0,"[""environment:rural"", ""environment:urban"", ""light:auto_bright_dark"", ""light:natural"", ""light:uniform"", ""time_of_day:twilight"", ""track_layout:curve"", ""weather:cloudy""]"
nlb_fall_000252,252,1,train,usable,,images/nlb_fall_000252.png,annotations/nlb_fall_000252.json,masks/nlb_fall_000252.png,all_tracks,images/train/nlb_fall_000252.png,labels/train/nlb_fall_000252.txt,1,4,0,12,99783.0,"[""environment:rural"", ""environment:urban"", ""light:auto_bright_dark"", ""light:natural"", ""light:uniform"", ""time_of_day:twilight"", ""track_layout:curve"", ""weather:cloudy""]"
nlb_fall_000253,253,1,train,usable,,images/nlb_fall_000253.png,annotations/nlb_fall_000253.json,masks/nlb_fall_000253.png,all_tracks,images/train/nlb_fall_000253.png,labels/train/nlb_fall_000253.txt,1,5,2,12,103405.0,"[""environment:rural"", ""environment:urban"", ""light:auto_bright_dark"", ""light:natural"", ""light:uniform"", ""time_of_day:twilight"", ""track_layout:curve"", ""weather:cloudy""]"
nlb_fall_000254,254,1,train,usable,,images/nlb_fall_000254.png,annotations/nlb_fall_000254.json,masks/nlb_fall_000254.png,all_tracks,images/train/nlb_fall_000254.png,labels/train/nlb_fall_000254.txt,1,5,3,12,99885.5,"[""environment:rural"", ""environment:urban"", ""light:auto_bright_dark"", ""light:natural"", ""light:uniform"", ""time_of_day:twilight"", ""track_layout:curve"", ""track_layout:straight"", ""weather:cloudy""]"
nlb_fall_000255,255,1,train,usable,,images/nlb_fall_000255.png,annotations/nlb_fall_000255.json,masks/nlb_fall_000255.png,all_tracks,images/train/nlb_fall_000255.png,labels/train/nlb_fall_000255.txt,1,5,3,8,101375.5,"[""environment:rural"", ""environment:urban"", ""light:auto_bright_dark"", ""light:natural"", ""light:uniform"", ""time_of_day:twilight"", ""track_layout:curve"", ""track_layout:straight"", ""weather:cloudy""]"
nlb_fall_000256,256,1,train,usable,,images/nlb_fall_000256.png,annotations/nlb_fall_000256.json,masks/nlb_fall_000256.png,all_tracks,images/train/nlb_fall_000256.png,labels/train/nlb_fall_000256.txt,1,5,3,10,100360.0,"[""environment:rural"", ""environment:urban"", ""light:auto_bright_dark"", ""light:natural"", ""light:uniform"", ""time_of_day:twilight"", ""track_layout:curve"", ""track_layout:straight"", ""weather:cloudy""]"
nlb_fall_000257,257,1,train,usable,,images/nlb_fall_000257.png,annotations/nlb_fall_000257.json,masks/nlb_fall_000257.png,all_tracks,images/train/nlb_fall_000257.png,labels/train/nlb_fall_000257.txt,1,5,4,6,100797.5,"[""environment:rural"", ""environment:urban"", ""light:auto_bright_dark"", ""light:natural"", ""light:uniform"", ""time_of_day:twilight"", ""track_layout:curve"", ""track_layout:straight"", ""weather:cloudy""]"
nlb_fall_000258,258,1,train,usable,,images/nlb_fall_000258.png,annotations/nlb_fall_000258.json,masks/nlb_fall_000258.png,all_tracks,images/train/nlb_fall_000258.png,labels/train/nlb_fall_000258.txt,1,4,3,8,100091.5,"[""environment:rural"", ""environment:urban"", ""light:auto_bright_dark"", ""light:natural"", ""light:uniform"", ""time_of_day:twilight"", ""track_layout:curve"", ""track_layout:straight"", ""weather:cloudy""]"
nlb_fall_000259,259,1,train,usable,,images/nlb_fall_000259.png,annotations/nlb_fall_000259.json,masks/nlb_fall_000259.png,all_tracks,images/train/nlb_fall_000259.png,labels/train/nlb_fall_000259.txt,1,4,3,8,102361.5,"[""environment:rural"", ""environment:urban"", ""light:auto_bright_dark"", ""light:natural"", ""light:uniform"", ""time_of_day:twilight"", ""track_layout:curve"", ""track_layout:straight"", ""weather:cloudy""]"
nlb_fall_000260,260,1,train,usable,,images/nlb_fall_000260.png,annotations/nlb_fall_000260.json,masks/nlb_fall_000260.png,all_tracks,images/train/nlb_fall_000260.png,labels/train/nlb_fall_000260.txt,1,4,3,6,101939.0,"[""environment:rural"", ""environment:urban"", ""light:auto_bright_dark"", ""light:natural"", ""light:uniform"", ""time_of_day:twilight"", ""track_layout:curve"", ""track_layout:straight"", ""weather:cloudy""]"
nlb_fall_000301,301,1,train,usable,,images/nlb_fall_000301.png,annotations/nlb_fall_000301.json,masks/nlb_fall_000301.png,all_tracks,images/train/nlb_fall_000301.png,labels/train/nlb_fall_000301.txt,1,4,3,6,102270.5,"[""environment:rural"", ""environment:urban"", ""light:auto_bright_dark"", ""light:natural"", ""light:uniform"", ""time_of_day:twilight"", ""track_layout:curve"", ""track_layout:straight"", ""weather:cloudy""]"
nlb_fall_000361,361,1,train,usable,,images/nlb_fall_000361.png,annotations/nlb_fall_000361.json,masks/nlb_fall_000361.png,all_tracks,images/train/nlb_fall_000361.png,labels/train/nlb_fall_000361.txt,1,4,3,22,102050.0,"[""environment:rural"", ""environment:urban"", ""light:auto_bright_dark"", ""light:natural"", ""light:uniform"", ""time_of_day:twilight"", ""track_layout:curve"", ""track_layout:straight"", ""weather:cloudy""]"
nlb_fall_000362,362,1,train,usable,,images/nlb_fall_000362.png,annotations/nlb_fall_000362.json,masks/nlb_fall_000362.png,all_tracks,images/train/nlb_fall_000362.png,labels/train/nlb_fall_000362.txt,1,4,3,22,100936.5,"[""environment:rural"", ""environment:urban"", ""light:auto_bright_dark"", ""light:natural"", ""light:uniform"", ""time_of_day:twilight"", ""track_layout:curve"", ""weather:cloudy""]"
nlb_fall_000363,363,1,train,usable,,images/nlb_fall_000363.png,annotations/nlb_fall_000363.json,masks/nlb_fall_000363.png,all_tracks,images/train/nlb_fall_000363.png,labels/train/nlb_fall_000363.txt,1,3,1,12,100993.5,"[""environment:rural"", ""environment:urban"", ""light:auto_bright_dark"", ""light:natural"", ""light:uniform"", ""time_of_day:twilight"", ""track_layout:curve"", ""weather:cloudy""]"
nlb_fall_000364,364,1,train,usable,,images/nlb_fall_000364.png,annotations/nlb_fall_000364.json,masks/nlb_fall_000364.png,all_tracks,images/train/nlb_fall_000364.png,labels/train/nlb_fall_000364.txt,1,3,1,10,98747.5,"[""environment:rural"", ""environment:urban"", ""light:auto_bright_dark"", ""light:natural"", ""light:uniform"", ""time_of_day:twilight"", ""track_layout:curve"", ""track_layout:straight"", ""weather:cloudy""]"
nlb_fall_000365,365,1,train,usable,,images/nlb_fall_000365.png,annotations/nlb_fall_000365.json,masks/nlb_fall_000365.png,all_tracks,images/train/nlb_fall_000365.png,labels/train/nlb_fall_000365.txt,1,1,0,10,99645.0,"[""environment:rural"", ""environment:urban"", ""light:auto_bright_dark"", ""light:dark"", ""light:natural"", ""light:uniform"", ""time_of_day:twilight"", ""track_layout:curve"", ""track_layout:parallel structures"", ""weather:cloudy""]"
nlb_fall_000366,366,1,train,usable,,images/nlb_fall_000366.png,annotations/nlb_fall_000366.json,masks/nlb_fall_000366.png,all_tracks,images/train/nlb_fall_000366.png,labels/train/nlb_fall_000366.txt,1,1,0,10,100466.5,"[""environment:rural"", ""environment:urban"", ""light:auto_bright_dark"", ""light:natural"", ""light:uniform"", ""time_of_day:twilight"", ""track_layout:curve"", ""track_layout:parallel structures"", ""weather:cloudy""]"
nlb_fall_000367,367,1,train,usable,,images/nlb_fall_000367.png,annotations/nlb_fall_000367.json,masks/nlb_fall_000367.png,all_tracks,images/train/nlb_fall_000367.png,labels/train/nlb_fall_000367.txt,1,1,0,10,100207.5,"[""environment:rural"", ""environment:urban"", ""light:auto_bright_dark"", ""light:natural"", ""light:uniform"", ""time_of_day:twilight"", ""track_layout:curve"", ""track_layout:parallel structures"", ""weather:cloudy""]"
nlb_fall_000368,368,1,train,usable,,images/nlb_fall_000368.png,annotations/nlb_fall_000368.json,masks/nlb_fall_000368.png,all_tracks,images/train/nlb_fall_000368.png,labels/train/nlb_fall_000368.txt,1,1,0,10,101954.0,"[""environment:rural"", ""environment:urban"", ""light:auto_bright_dark"", ""light:natural"", ""light:uniform"", ""time_of_day:twilight"", ""track_layout:curve"", ""weather:cloudy""]"
nlb_fall_000369,369,1,train,usable,,images/nlb_fall_000369.png,annotations/nlb_fall_000369.json,masks/nlb_fall_000369.png,all_tracks,images/train/nlb_fall_000369.png,labels/train/nlb_fall_000369.txt,1,1,0,14,100317.0,"[""environment:rural"", ""environment:urban"", ""light:auto_bright_dark"", ""light:natural"", ""light:uniform"", ""time_of_day:twilight"", ""track_layout:curve"", ""weather:cloudy""]"
nlb_fall_000370,370,1,train,usable,,images/nlb_fall_000370.png,annotations/nlb_fall_000370.json,masks/nlb_fall_000370.png,all_tracks,images/train/nlb_fall_000370.png,labels/train/nlb_fall_000370.txt,1,1,0,14,101129.0,"[""environment:rural"", ""environment:urban"", ""light:auto_bright_dark"", ""light:natural"", ""light:uniform"", ""time_of_day:twilight"", ""track_layout:curve"", ""weather:cloudy""]"
nlb_fall_000371,371,1,train,usable,,images/nlb_fall_000371.png,annotations/nlb_fall_000371.json,masks/nlb_fall_000371.png,all_tracks,images/train/nlb_fall_000371.png,labels/train/nlb_fall_000371.txt,1,1,0,14,99924.5,"[""environment:rural"", ""environment:urban"", ""light:auto_bright_dark"", ""light:natural"", ""light:uniform"", ""time_of_day:twilight"", ""track_layout:curve"", ""weather:cloudy""]"
nlb_fall_000372,372,1,train,usable,,images/nlb_fall_000372.png,annotations/nlb_fall_000372.json,masks/nlb_fall_000372.png,all_tracks,images/train/nlb_fall_000372.png,labels/train/nlb_fall_000372.txt,1,1,0,10,102089.0,"[""environment:rural"", ""environment:urban"", ""light:auto_bright_dark"", ""light:natural"", ""light:uniform"", ""time_of_day:twilight"", ""track_layout:curve"", ""weather:cloudy""]"
nlb_fall_000373,373,1,train,usable,,images/nlb_fall_000373.png,annotations/nlb_fall_000373.json,masks/nlb_fall_000373.png,all_tracks,images/train/nlb_fall_000373.png,labels/train/nlb_fall_000373.txt,1,1,0,14,101539.5,"[""environment:rural"", ""environment:urban"", ""light:auto_bright_dark"", ""light:natural"", ""light:uniform"", ""time_of_day:twilight"", ""track_layout:curve"", ""weather:cloudy""]"
nlb_fall_000374,374,1,train,usable,,images/nlb_fall_000374.png,annotations/nlb_fall_000374.json,masks/nlb_fall_000374.png,all_tracks,images/train/nlb_fall_000374.png,labels/train/nlb_fall_000374.txt,1,1,0,14,101282.0,"[""environment:rural"", ""environment:urban"", ""light:auto_bright_dark"", ""light:natural"", ""light:uniform"", ""time_of_day:twilight"", ""track_layout:curve"", ""weather:cloudy""]"
nlb_fall_000375,375,1,train,usable,,images/nlb_fall_000375.png,annotations/nlb_fall_000375.json,masks/nlb_fall_000375.png,all_tracks,images/train/nlb_fall_000375.png,labels/train/nlb_fall_000375.txt,1,1,0,6,100124.0,"[""environment:underground"", ""light:artificial"", ""light:auto_bright_dark"", ""light:dark"", ""time_of_day:unknown"", ""track_layout:curve"", ""weather:unknown""]"
nlb_fall_000376,376,,,excluded,ego_track_count_0,images/nlb_fall_000376.png,annotations/nlb_fall_000376.json,masks/nlb_fall_000376.png,all_tracks,,,0,0,0,0,0,"[""environment:underground"", ""light:artificial"", ""light:auto_bright_dark"", ""light:dark"", ""time_of_day:unknown"", ""track_layout:curve"", ""weather:unknown""]"
nlb_fall_000377,377,,,excluded,ego_track_count_0,images/nlb_fall_000377.png,annotations/nlb_fall_000377.json,masks/nlb_fall_000377.png,all_tracks,,,0,0,0,0,0,"[""environment:underground"", ""light:artificial"", ""light:auto_bright_dark"", ""light:dark"", ""time_of_day:unknown"", ""track_layout:curve"", ""weather:unknown""]"
nlb_fall_000378,378,,,excluded,ego_track_count_0,images/nlb_fall_000378.png,annotations/nlb_fall_000378.json,masks/nlb_fall_000378.png,all_tracks,,,0,0,0,0,0,"[""environment:underground"", ""light:artificial"", ""light:auto_bright_dark"", ""light:dark"", ""time_of_day:unknown"", ""track_layout:curve"", ""weather:unknown""]"
nlb_fall_000379,379,,,excluded,ego_track_count_0,images/nlb_fall_000379.png,annotations/nlb_fall_000379.json,masks/nlb_fall_000379.png,all_tracks,,,0,0,0,0,0,"[""environment:underground"", ""light:artificial"", ""light:auto_bright_dark"", ""light:dark"", ""time_of_day:unknown"", ""track_layout:curve"", ""weather:unknown""]"
nlb_fall_000380,380,,,excluded,ego_track_count_0,images/nlb_fall_000380.png,annotations/nlb_fall_000380.json,masks/nlb_fall_000380.png,all_tracks,,,0,0,0,0,0,"[""environment:underground"", ""light:artificial"", ""light:auto_bright_dark"", ""light:dark"", ""time_of_day:unknown"", ""track_layout:curve"", ""weather:unknown""]"
nlb_fall_000381,381,,,excluded,ego_track_count_0,images/nlb_fall_000381.png,annotations/nlb_fall_000381.json,masks/nlb_fall_000381.png,all_tracks,,,0,0,0,0,0,"[""environment:underground"", ""light:artificial"", ""light:auto_bright_dark"", ""light:dark"", ""time_of_day:unknown"", ""track_layout:straight"", ""weather:unknown""]"
nlb_fall_000382,382,,,excluded,ego_track_count_0,images/nlb_fall_000382.png,annotations/nlb_fall_000382.json,masks/nlb_fall_000382.png,all_tracks,,,0,0,0,0,0,"[""environment:underground"", ""light:artificial"", ""light:auto_bright_dark"", ""light:dark"", ""time_of_day:unknown"", ""track_layout:straight"", ""weather:unknown""]"
nlb_fall_000383,383,,,excluded,ego_track_count_0,images/nlb_fall_000383.png,annotations/nlb_fall_000383.json,masks/nlb_fall_000383.png,all_tracks,,,0,0,0,0,0,"[""environment:underground"", ""light:artificial"", ""light:auto_bright_dark"", ""light:dark"", ""time_of_day:unknown"", ""track_layout:straight"", ""weather:unknown""]"
nlb_fall_000384,384,,,excluded,ego_track_count_0,images/nlb_fall_000384.png,annotations/nlb_fall_000384.json,masks/nlb_fall_000384.png,all_tracks,,,0,0,0,0,0,"[""environment:underground"", ""light:artificial"", ""light:auto_bright_dark"", ""light:dark"", ""time_of_day:unknown"", ""track_layout:straight"", ""weather:unknown""]"
nlb_fall_000385,385,,,excluded,ego_track_count_0,images/nlb_fall_000385.png,annotations/nlb_fall_000385.json,masks/nlb_fall_000385.png,all_tracks,,,0,0,0,0,0,"[""environment:underground"", ""light:artificial"", ""light:auto_bright_dark"", ""light:dark"", ""time_of_day:unknown"", ""track_layout:straight"", ""weather:unknown""]"
nlb_fall_000386,386,,,excluded,ego_track_count_0,images/nlb_fall_000386.png,annotations/nlb_fall_000386.json,masks/nlb_fall_000386.png,all_tracks,,,0,0,0,0,0,"[""environment:underground"", ""light:artificial"", ""light:auto_bright_dark"", ""light:dark"", ""time_of_day:unknown"", ""track_layout:straight"", ""weather:unknown""]"
nlb_fall_000387,387,,,excluded,ego_track_count_0,images/nlb_fall_000387.png,annotations/nlb_fall_000387.json,masks/nlb_fall_000387.png,all_tracks,,,0,0,0,0,0,"[""environment:underground"", ""light:artificial"", ""light:auto_bright_dark"", ""light:dark"", ""time_of_day:unknown"", ""track_layout:straight"", ""weather:unknown""]"
nlb_fall_000388,388,,,excluded,ego_track_count_0,images/nlb_fall_000388.png,annotations/nlb_fall_000388.json,masks/nlb_fall_000388.png,all_tracks,,,0,0,0,0,0,"[""environment:underground"", ""light:artificial"", ""light:auto_bright_dark"", ""light:dark"", ""time_of_day:unknown"", ""track_layout:straight"", ""weather:unknown""]"
nlb_fall_000389,389,,,excluded,ego_track_count_0,images/nlb_fall_000389.png,annotations/nlb_fall_000389.json,masks/nlb_fall_000389.png,all_tracks,,,0,0,0,0,0,"[""environment:underground"", ""light:artificial"", ""light:auto_bright_dark"", ""light:dark"", ""time_of_day:unknown"", ""track_layout:straight"", ""weather:unknown""]"
nlb_fall_000390,390,,,excluded,ego_track_count_0,images/nlb_fall_000390.png,annotations/nlb_fall_000390.json,masks/nlb_fall_000390.png,all_tracks,,,0,0,0,0,0,"[""environment:underground"", ""light:artificial"", ""light:auto_bright_dark"", ""light:dark"", ""time_of_day:unknown"", ""track_layout:straight"", ""weather:unknown""]"
nlb_fall_000391,391,,,excluded,ego_track_count_0,images/nlb_fall_000391.png,annotations/nlb_fall_000391.json,masks/nlb_fall_000391.png,all_tracks,,,0,0,0,0,0,"[""environment:underground"", ""light:artificial"", ""light:auto_bright_dark"", ""light:dark"", ""time_of_day:unknown"", ""track_layout:straight"", ""weather:unknown""]"
nlb_fall_000392,392,,,excluded,ego_track_count_0,images/nlb_fall_000392.png,annotations/nlb_fall_000392.json,masks/nlb_fall_000392.png,all_tracks,,,0,0,0,0,0,"[""environment:underground"", ""light:artificial"", ""light:auto_bright_dark"", ""light:dark"", ""time_of_day:unknown"", ""track_layout:straight"", ""weather:unknown""]"
nlb_fall_000393,393,,,excluded,ego_track_count_0,images/nlb_fall_000393.png,annotations/nlb_fall_000393.json,masks/nlb_fall_000393.png,all_tracks,,,0,0,0,0,0,"[""environment:underground"", ""light:artificial"", ""light:auto_bright_dark"", ""light:dark"", ""time_of_day:unknown"", ""track_layout:curve"", ""weather:unknown""]"
nlb_fall_000394,394,,,excluded,ego_track_count_0,images/nlb_fall_000394.png,annotations/nlb_fall_000394.json,masks/nlb_fall_000394.png,all_tracks,,,0,0,0,0,0,"[""environment:underground"", ""light:artificial"", ""light:auto_bright_dark"", ""light:dark"", ""time_of_day:unknown"", ""track_layout:curve"", ""weather:unknown""]"
nlb_fall_000395,395,,,excluded,ego_track_count_0,images/nlb_fall_000395.png,annotations/nlb_fall_000395.json,masks/nlb_fall_000395.png,all_tracks,,,0,0,0,0,0,"[""environment:underground"", ""light:artificial"", ""light:auto_bright_dark"", ""light:dark"", ""time_of_day:unknown"", ""track_layout:curve"", ""weather:unknown""]"
nlb_fall_000396,396,,,excluded,ego_track_count_0,images/nlb_fall_000396.png,annotations/nlb_fall_000396.json,masks/nlb_fall_000396.png,all_tracks,,,0,0,0,0,0,"[""environment:underground"", ""light:artificial"", ""light:auto_bright_dark"", ""light:dark"", ""time_of_day:unknown"", ""track_layout:curve"", ""weather:unknown""]"
nlb_fall_000397,397,,,excluded,ego_track_count_0,images/nlb_fall_000397.png,annotations/nlb_fall_000397.json,masks/nlb_fall_000397.png,all_tracks,,,0,0,0,0,0,"[""environment:underground"", ""light:artificial"", ""light:auto_bright_dark"", ""light:dark"", ""time_of_day:unknown"", ""track_layout:curve"", ""weather:unknown""]"
nlb_fall_000398,398,,,excluded,ego_track_count_0,images/nlb_fall_000398.png,annotations/nlb_fall_000398.json,masks/nlb_fall_000398.png,all_tracks,,,0,0,0,0,0,"[""environment:underground"", ""light:artificial"", ""light:auto_bright_dark"", ""light:dark"", ""time_of_day:unknown"", ""track_layout:curve"", ""weather:unknown""]"
nlb_fall_000399,399,,,excluded,ego_track_count_0,images/nlb_fall_000399.png,annotations/nlb_fall_000399.json,masks/nlb_fall_000399.png,all_tracks,,,0,0,0,0,0,"[""environment:underground"", ""light:artificial"", ""light:auto_bright_dark"", ""light:dark"", ""time_of_day:unknown"", ""track_layout:curve"", ""weather:unknown""]"
nlb_fall_000400,400,,,excluded,ego_track_count_0,images/nlb_fall_000400.png,annotations/nlb_fall_000400.json,masks/nlb_fall_000400.png,all_tracks,,,0,0,0,0,0,"[""environment:underground"", ""light:artificial"", ""light:auto_bright_dark"", ""light:dark"", ""time_of_day:unknown"", ""track_layout:curve"", ""weather:unknown""]"
nlb_fall_000401,401,,,excluded,ego_track_count_0,images/nlb_fall_000401.png,annotations/nlb_fall_000401.json,masks/nlb_fall_000401.png,all_tracks,,,0,0,0,0,0,"[""environment:underground"", ""light:artificial"", ""light:auto_bright_dark"", ""light:dark"", ""time_of_day:unknown"", ""track_layout:curve"", ""weather:unknown""]"
nlb_fall_000402,402,,,excluded,ego_track_count_0,images/nlb_fall_000402.png,annotations/nlb_fall_000402.json,masks/nlb_fall_000402.png,all_tracks,,,0,0,0,0,0,"[""environment:underground"", ""light:artificial"", ""light:auto_bright_dark"", ""light:dark"", ""time_of_day:unknown"", ""track_layout:curve"", ""weather:unknown""]"
nlb_fall_000403,403,,,excluded,ego_track_count_0,images/nlb_fall_000403.png,annotations/nlb_fall_000403.json,masks/nlb_fall_000403.png,all_tracks,,,0,0,0,0,0,"[""environment:underground"", ""light:artificial"", ""light:auto_bright_dark"", ""light:dark"", ""time_of_day:unknown"", ""track_layout:curve"", ""weather:unknown""]"
nlb_fall_000404,404,,,excluded,ego_track_count_0,images/nlb_fall_000404.png,annotations/nlb_fall_000404.json,masks/nlb_fall_000404.png,all_tracks,,,0,0,0,0,0,"[""environment:underground"", ""light:artificial"", ""light:auto_bright_dark"", ""light:dark"", ""time_of_day:unknown"", ""track_layout:curve"", ""weather:unknown""]"
nlb_fall_000405,405,1,train,usable,,images/nlb_fall_000405.png,annotations/nlb_fall_000405.json,masks/nlb_fall_000405.png,all_tracks,images/train/nlb_fall_000405.png,labels/train/nlb_fall_000405.txt,1,1,0,9,2517.5,"[""environment:underground"", ""light:artificial"", ""light:auto_bright_dark"", ""light:dark"", ""time_of_day:unknown"", ""track_layout:curve"", ""weather:unknown""]"
nlb_fall_000406,406,1,train,usable,,images/nlb_fall_000406.png,annotations/nlb_fall_000406.json,masks/nlb_fall_000406.png,all_tracks,images/train/nlb_fall_000406.png,labels/train/nlb_fall_000406.txt,1,2,1,10,101936.0,"[""environment:underground"", ""light:artificial"", ""light:auto_bright_dark"", ""light:dark"", ""light:natural"", ""time_of_day:twilight"", ""track_layout:curve"", ""weather:cloudy""]"
nlb_fall_000407,407,1,train,usable,,images/nlb_fall_000407.png,annotations/nlb_fall_000407.json,masks/nlb_fall_000407.png,all_tracks,images/train/nlb_fall_000407.png,labels/train/nlb_fall_000407.txt,1,3,2,10,102043.5,"[""environment:rural"", ""light:auto_bright_dark"", ""light:natural"", ""light:uniform"", ""time_of_day:twilight"", ""track_layout:curve"", ""weather:cloudy""]"
nlb_fall_000408,408,1,train,usable,,images/nlb_fall_000408.png,annotations/nlb_fall_000408.json,masks/nlb_fall_000408.png,all_tracks,images/train/nlb_fall_000408.png,labels/train/nlb_fall_000408.txt,1,4,2,8,101851.5,"[""environment:rural"", ""light:auto_bright_dark"", ""light:natural"", ""light:uniform"", ""time_of_day:twilight"", ""track_layout:curve"", ""weather:cloudy""]"
nlb_fall_000409,409,1,train,usable,,images/nlb_fall_000409.png,annotations/nlb_fall_000409.json,masks/nlb_fall_000409.png,all_tracks,images/train/nlb_fall_000409.png,labels/train/nlb_fall_000409.txt,1,4,2,9,103274.5,"[""environment:rural"", ""light:auto_bright_dark"", ""light:natural"", ""light:uniform"", ""time_of_day:twilight"", ""track_layout:curve"", ""weather:cloudy""]"
nlb_fall_000410,410,1,train,usable,,images/nlb_fall_000410.png,annotations/nlb_fall_000410.json,masks/nlb_fall_000410.png,all_tracks,images/train/nlb_fall_000410.png,labels/train/nlb_fall_000410.txt,1,3,0,13,101558.5,"[""environment:rural"", ""light:auto_bright_dark"", ""light:natural"", ""time_of_day:twilight"", ""track_layout:curve"", ""weather:cloudy""]"
nlb_fall_000411,411,1,train,usable,,images/nlb_fall_000411.png,annotations/nlb_fall_000411.json,masks/nlb_fall_000411.png,all_tracks,images/train/nlb_fall_000411.png,labels/train/nlb_fall_000411.txt,1,3,0,12,102411.5,"[""environment:rural"", ""light:auto_bright_dark"", ""light:natural"", ""time_of_day:twilight"", ""track_layout:curve"", ""weather:cloudy""]"
nlb_fall_000412,412,1,train,usable,,images/nlb_fall_000412.png,annotations/nlb_fall_000412.json,masks/nlb_fall_000412.png,all_tracks,images/train/nlb_fall_000412.png,labels/train/nlb_fall_000412.txt,1,3,0,12,101897.0,"[""environment:rural"", ""environment:urban"", ""light:auto_bright_dark"", ""light:dark"", ""light:natural"", ""light:uniform"", ""time_of_day:twilight"", ""track_layout:curve"", ""weather:cloudy""]"
nlb_fall_000413,413,1,train,usable,,images/nlb_fall_000413.png,annotations/nlb_fall_000413.json,masks/nlb_fall_000413.png,all_tracks,images/train/nlb_fall_000413.png,labels/train/nlb_fall_000413.txt,1,3,0,12,100253.5,"[""environment:rural"", ""environment:urban"", ""light:auto_bright_dark"", ""light:natural"", ""light:uniform"", ""time_of_day:twilight"", ""track_layout:straight"", ""weather:cloudy""]"
nlb_fall_000414,414,1,train,usable,,images/nlb_fall_000414.png,annotations/nlb_fall_000414.json,masks/nlb_fall_000414.png,all_tracks,images/train/nlb_fall_000414.png,labels/train/nlb_fall_000414.txt,1,3,0,8,100771.0,"[""environment:rural"", ""environment:station"", ""environment:urban"", ""light:auto_bright_dark"", ""light:natural"", ""light:uniform"", ""time_of_day:twilight"", ""track_layout:straight"", ""weather:cloudy""]"
nlb_fall_000415,415,1,train,usable,,images/nlb_fall_000415.png,annotations/nlb_fall_000415.json,masks/nlb_fall_000415.png,all_tracks,images/train/nlb_fall_000415.png,labels/train/nlb_fall_000415.txt,1,2,0,8,101711.5,"[""environment:rural"", ""environment:station"", ""environment:urban"", ""light:auto_bright_dark"", ""light:natural"", ""light:uniform"", ""time_of_day:twilight"", ""track_layout:straight"", ""weather:cloudy""]"
nlb_fall_000416,416,1,train,usable,,images/nlb_fall_000416.png,annotations/nlb_fall_000416.json,masks/nlb_fall_000416.png,all_tracks,images/train/nlb_fall_000416.png,labels/train/nlb_fall_000416.txt,1,2,0,8,100827.0,"[""environment:rural"", ""environment:station"", ""environment:urban"", ""light:auto_bright_dark"", ""light:natural"", ""light:uniform"", ""time_of_day:twilight"", ""track_layout:straight"", ""weather:cloudy""]"
nlb_fall_000417,417,1,train,usable,,images/nlb_fall_000417.png,annotations/nlb_fall_000417.json,masks/nlb_fall_000417.png,all_tracks,images/train/nlb_fall_000417.png,labels/train/nlb_fall_000417.txt,1,5,6,11,101618.5,"[""environment:rural"", ""light:auto_bright_dark"", ""light:natural"", ""light:uniform"", ""time_of_day:twilight"", ""track_layout:curve"", ""weather:cloudy""]"
nlb_fall_000418,418,1,train,usable,,images/nlb_fall_000418.png,annotations/nlb_fall_000418.json,masks/nlb_fall_000418.png,all_tracks,images/train/nlb_fall_000418.png,labels/train/nlb_fall_000418.txt,1,5,5,18,100372.5,"[""environment:rural"", ""light:auto_bright_dark"", ""light:natural"", ""light:uniform"", ""time_of_day:twilight"", ""track_layout:curve"", ""weather:cloudy""]"
nlb_fall_000419,419,1,train,usable,,images/nlb_fall_000419.png,annotations/nlb_fall_000419.json,masks/nlb_fall_000419.png,all_tracks,images/train/nlb_fall_000419.png,labels/train/nlb_fall_000419.txt,1,6,3,12,102904.0,"[""environment:rural"", ""light:auto_bright_dark"", ""light:natural"", ""light:uniform"", ""time_of_day:twilight"", ""track_layout:curve"", ""weather:cloudy""]"
nlb_fall_000420,420,1,train,usable,,images/nlb_fall_000420.png,annotations/nlb_fall_000420.json,masks/nlb_fall_000420.png,all_tracks,images/train/nlb_fall_000420.png,labels/train/nlb_fall_000420.txt,1,3,0,12,101211.5,"[""environment:rural"", ""light:auto_bright_dark"", ""light:natural"", ""light:uniform"", ""time_of_day:twilight"", ""track_layout:curve"", ""weather:cloudy""]"
nlb_fall_000421,421,1,train,usable,,images/nlb_fall_000421.png,annotations/nlb_fall_000421.json,masks/nlb_fall_000421.png,all_tracks,images/train/nlb_fall_000421.png,labels/train/nlb_fall_000421.txt,1,1,0,15,99892.5,"[""environment:rural"", ""environment:urban"", ""light:auto_bright_dark"", ""light:natural"", ""light:uniform"", ""time_of_day:twilight"", ""track_layout:curve"", ""weather:cloudy""]"
nlb_fall_000422,422,1,train,usable,,images/nlb_fall_000422.png,annotations/nlb_fall_000422.json,masks/nlb_fall_000422.png,all_tracks,images/train/nlb_fall_000422.png,labels/train/nlb_fall_000422.txt,1,1,0,6,100766.5,"[""environment:rural"", ""environment:urban"", ""light:auto_bright_dark"", ""light:natural"", ""light:uniform"", ""time_of_day:twilight"", ""track_layout:parallel structures"", ""track_layout:straight"", ""weather:cloudy""]"
nlb_fall_000423,423,1,train,usable,,images/nlb_fall_000423.png,annotations/nlb_fall_000423.json,masks/nlb_fall_000423.png,all_tracks,images/train/nlb_fall_000423.png,labels/train/nlb_fall_000423.txt,1,1,0,5,100675.5,"[""environment:rural"", ""environment:urban"", ""light:auto_bright_dark"", ""light:natural"", ""light:uniform"", ""time_of_day:twilight"", ""track_layout:parallel structures"", ""track_layout:straight"", ""weather:cloudy""]"
nlb_fall_000424,424,1,train,usable,,images/nlb_fall_000424.png,annotations/nlb_fall_000424.json,masks/nlb_fall_000424.png,all_tracks,images/train/nlb_fall_000424.png,labels/train/nlb_fall_000424.txt,1,1,0,6,98812.0,"[""environment:rural"", ""environment:urban"", ""light:auto_bright_dark"", ""light:natural"", ""light:uniform"", ""time_of_day:twilight"", ""track_layout:parallel structures"", ""track_layout:straight"", ""weather:cloudy""]"
nlb_fall_000425,425,1,train,usable,,images/nlb_fall_000425.png,annotations/nlb_fall_000425.json,masks/nlb_fall_000425.png,all_tracks,images/train/nlb_fall_000425.png,labels/train/nlb_fall_000425.txt,1,1,0,10,104205.0,"[""environment:rural"", ""environment:urban"", ""light:auto_bright_dark"", ""light:natural"", ""light:uniform"", ""time_of_day:twilight"", ""track_layout:curve"", ""track_layout:parallel structures"", ""weather:cloudy""]"
nlb_fall_000426,426,1,train,usable,,images/nlb_fall_000426.png,annotations/nlb_fall_000426.json,masks/nlb_fall_000426.png,all_tracks,images/train/nlb_fall_000426.png,labels/train/nlb_fall_000426.txt,1,1,0,11,101262.0,"[""environment:rural"", ""environment:urban"", ""light:auto_bright_dark"", ""light:natural"", ""light:uniform"", ""time_of_day:twilight"", ""track_layout:curve"", ""weather:cloudy""]"
nlb_fall_000427,427,1,train,usable,,images/nlb_fall_000427.png,annotations/nlb_fall_000427.json,masks/nlb_fall_000427.png,all_tracks,images/train/nlb_fall_000427.png,labels/train/nlb_fall_000427.txt,1,1,0,11,102153.5,"[""environment:rural"", ""environment:urban"", ""light:auto_bright_dark"", ""light:natural"", ""light:uniform"", ""time_of_day:twilight"", ""track_layout:curve"", ""weather:cloudy""]"
nlb_fall_000428,428,1,train,usable,,images/nlb_fall_000428.png,annotations/nlb_fall_000428.json,masks/nlb_fall_000428.png,all_tracks,images/train/nlb_fall_000428.png,labels/train/nlb_fall_000428.txt,1,1,0,16,102883.5,"[""environment:rural"", ""environment:urban"", ""light:auto_bright_dark"", ""light:natural"", ""light:uniform"", ""time_of_day:twilight"", ""track_layout:curve"", ""weather:cloudy""]"
nlb_fall_000429,429,1,train,usable,,images/nlb_fall_000429.png,annotations/nlb_fall_000429.json,masks/nlb_fall_000429.png,all_tracks,images/train/nlb_fall_000429.png,labels/train/nlb_fall_000429.txt,1,1,0,17,103135.5,"[""environment:rural"", ""environment:urban"", ""light:auto_bright_dark"", ""light:natural"", ""light:uniform"", ""time_of_day:twilight"", ""track_layout:curve"", ""weather:cloudy""]"
nlb_fall_000430,430,1,train,usable,,images/nlb_fall_000430.png,annotations/nlb_fall_000430.json,masks/nlb_fall_000430.png,all_tracks,images/train/nlb_fall_000430.png,labels/train/nlb_fall_000430.txt,1,1,0,12,103885.0,"[""environment:rural"", ""environment:urban"", ""light:auto_bright_dark"", ""light:natural"", ""light:uniform"", ""time_of_day:twilight"", ""track_layout:curve"", ""weather:cloudy""]"
nlb_fall_000431,431,1,train,usable,,images/nlb_fall_000431.png,annotations/nlb_fall_000431.json,masks/nlb_fall_000431.png,all_tracks,images/train/nlb_fall_000431.png,labels/train/nlb_fall_000431.txt,1,1,0,12,102449.0,"[""environment:rural"", ""environment:urban"", ""light:auto_bright_dark"", ""light:natural"", ""light:uniform"", ""time_of_day:twilight"", ""track_layout:curve"", ""weather:cloudy""]"
nlb_fall_000432,432,1,train,usable,,images/nlb_fall_000432.png,annotations/nlb_fall_000432.json,masks/nlb_fall_000432.png,all_tracks,images/train/nlb_fall_000432.png,labels/train/nlb_fall_000432.txt,1,1,0,14,105923.5,"[""environment:rural"", ""environment:urban"", ""light:auto_bright_dark"", ""light:natural"", ""light:uniform"", ""time_of_day:twilight"", ""track_layout:curve"", ""weather:cloudy""]"
nlb_fall_000433,433,1,train,usable,,images/nlb_fall_000433.png,annotations/nlb_fall_000433.json,masks/nlb_fall_000433.png,all_tracks,images/train/nlb_fall_000433.png,labels/train/nlb_fall_000433.txt,1,1,0,10,102839.0,"[""environment:rural"", ""environment:urban"", ""light:auto_bright_dark"", ""light:natural"", ""light:uniform"", ""time_of_day:twilight"", ""track_layout:curve"", ""weather:cloudy""]"
nlb_fall_000434,434,1,train,usable,,images/nlb_fall_000434.png,annotations/nlb_fall_000434.json,masks/nlb_fall_000434.png,all_tracks,images/train/nlb_fall_000434.png,labels/train/nlb_fall_000434.txt,1,1,0,14,102296.0,"[""environment:rural"", ""environment:station"", ""environment:urban"", ""light:auto_bright_dark"", ""light:natural"", ""light:uniform"", ""time_of_day:twilight"", ""track_layout:curve"", ""weather:cloudy""]"
nlb_fall_000435,435,1,train,usable,,images/nlb_fall_000435.png,annotations/nlb_fall_000435.json,masks/nlb_fall_000435.png,all_tracks,images/train/nlb_fall_000435.png,labels/train/nlb_fall_000435.txt,1,1,0,10,100874.0,"[""environment:rural"", ""environment:station"", ""environment:urban"", ""light:auto_bright_dark"", ""light:natural"", ""light:uniform"", ""time_of_day:twilight"", ""track_layout:straight"", ""weather:cloudy""]"
nlb_fall_000436,436,1,train,usable,,images/nlb_fall_000436.png,annotations/nlb_fall_000436.json,masks/nlb_fall_000436.png,all_tracks,images/train/nlb_fall_000436.png,labels/train/nlb_fall_000436.txt,1,1,0,6,100101.5,"[""environment:rural"", ""environment:station"", ""environment:urban"", ""light:auto_bright_dark"", ""light:natural"", ""light:uniform"", ""time_of_day:twilight"", ""track_layout:straight"", ""weather:cloudy""]"
nlb_fall_000437,437,1,train,usable,,images/nlb_fall_000437.png,annotations/nlb_fall_000437.json,masks/nlb_fall_000437.png,all_tracks,images/train/nlb_fall_000437.png,labels/train/nlb_fall_000437.txt,1,1,0,6,101193.5,"[""environment:station"", ""environment:urban"", ""light:auto_bright_dark"", ""light:natural"", ""light:uniform"", ""time_of_day:twilight"", ""track_layout:straight"", ""weather:cloudy""]"
nlb_fall_000438,438,1,train,usable,,images/nlb_fall_000438.png,annotations/nlb_fall_000438.json,masks/nlb_fall_000438.png,all_tracks,images/train/nlb_fall_000438.png,labels/train/nlb_fall_000438.txt,1,1,0,4,98457.5,"[""environment:station"", ""environment:urban"", ""light:auto_bright_dark"", ""light:natural"", ""light:uniform"", ""time_of_day:twilight"", ""track_layout:straight"", ""weather:cloudy""]"
nlb_fall_000439,439,1,train,usable,,images/nlb_fall_000439.png,annotations/nlb_fall_000439.json,masks/nlb_fall_000439.png,all_tracks,images/train/nlb_fall_000439.png,labels/train/nlb_fall_000439.txt,1,1,0,7,99928.5,"[""environment:station"", ""environment:urban"", ""light:auto_bright_dark"", ""light:hard shadows"", ""light:natural"", ""time_of_day:twilight"", ""track_layout:straight"", ""weather:cloudy""]"
nlb_fall_000440,440,1,train,usable,,images/nlb_fall_000440.png,annotations/nlb_fall_000440.json,masks/nlb_fall_000440.png,all_tracks,images/train/nlb_fall_000440.png,labels/train/nlb_fall_000440.txt,1,1,0,6,100883.5,"[""environment:station"", ""environment:urban"", ""light:auto_bright_dark"", ""light:dark"", ""light:hard shadows"", ""light:natural"", ""time_of_day:twilight"", ""track_layout:straight"", ""weather:cloudy""]"
nlb_fall_000441,441,1,train,usable,,images/nlb_fall_000441.png,annotations/nlb_fall_000441.json,masks/nlb_fall_000441.png,all_tracks,images/train/nlb_fall_000441.png,labels/train/nlb_fall_000441.txt,1,1,0,6,102315.5,"[""environment:underground"", ""environment:urban"", ""light:artificial"", ""light:auto_bright_dark"", ""light:dark"", ""light:natural"", ""time_of_day:unknown"", ""track_layout:straight"", ""weather:unknown""]"
nlb_fall_000442,442,1,train,usable,,images/nlb_fall_000442.png,annotations/nlb_fall_000442.json,masks/nlb_fall_000442.png,all_tracks,images/train/nlb_fall_000442.png,labels/train/nlb_fall_000442.txt,1,1,0,4,79927.5,"[""environment:underground"", ""light:artificial"", ""light:auto_bright_dark"", ""light:dark"", ""time_of_day:unknown"", ""track_layout:straight"", ""weather:unknown""]"
nlb_fall_000443,443,1,train,usable,,images/nlb_fall_000443.png,annotations/nlb_fall_000443.json,masks/nlb_fall_000443.png,all_tracks,images/train/nlb_fall_000443.png,labels/train/nlb_fall_000443.txt,1,1,0,6,1875.0,"[""environment:underground"", ""light:artificial"", ""light:auto_bright_dark"", ""light:dark"", ""time_of_day:unknown"", ""track_layout:straight"", ""weather:unknown""]"
nlb_fall_000444,444,1,train,usable,,images/nlb_fall_000444.png,annotations/nlb_fall_000444.json,masks/nlb_fall_000444.png,all_tracks,images/train/nlb_fall_000444.png,labels/train/nlb_fall_000444.txt,1,1,0,6,2008.5,"[""environment:underground"", ""light:artificial"", ""light:auto_bright_dark"", ""light:dark"", ""time_of_day:unknown"", ""track_layout:straight"", ""weather:unknown""]"
nlb_fall_000465,465,1,train,usable,,images/nlb_fall_000465.png,annotations/nlb_fall_000465.json,masks/nlb_fall_000465.png,all_tracks,images/train/nlb_fall_000465.png,labels/train/nlb_fall_000465.txt,1,1,0,6,5002.5,"[""environment:underground"", ""light:auto_bright_dark"", ""light:dark"", ""light:natural"", ""time_of_day:unknown"", ""track_layout:straight"", ""weather:unknown""]"
nlb_fall_000466,466,1,train,usable,,images/nlb_fall_000466.png,annotations/nlb_fall_000466.json,masks/nlb_fall_000466.png,all_tracks,images/train/nlb_fall_000466.png,labels/train/nlb_fall_000466.txt,1,1,0,7,16070.5,"[""environment:underground"", ""light:auto_bright_dark"", ""light:dark"", ""light:natural"", ""time_of_day:unknown"", ""track_layout:straight"", ""weather:unknown""]"
nlb_fall_000467,467,1,train,usable,,images/nlb_fall_000467.png,annotations/nlb_fall_000467.json,masks/nlb_fall_000467.png,all_tracks,images/train/nlb_fall_000467.png,labels/train/nlb_fall_000467.txt,1,1,0,8,98073.5,"[""environment:underground"", ""light:auto_bright_dark"", ""light:dark"", ""light:hard shadows"", ""light:natural"", ""time_of_day:unknown"", ""track_layout:straight"", ""weather:unknown""]"
nlb_fall_000468,468,1,train,usable,,images/nlb_fall_000468.png,annotations/nlb_fall_000468.json,masks/nlb_fall_000468.png,all_tracks,images/train/nlb_fall_000468.png,labels/train/nlb_fall_000468.txt,1,1,0,5,101769.5,"[""environment:rural"", ""light:auto_bright_dark"", ""light:hard shadows"", ""light:natural"", ""time_of_day:twilight"", ""track_layout:straight"", ""weather:cloudy""]"
nlb_fall_000469,469,1,train,usable,,images/nlb_fall_000469.png,annotations/nlb_fall_000469.json,masks/nlb_fall_000469.png,all_tracks,images/train/nlb_fall_000469.png,labels/train/nlb_fall_000469.txt,1,1,0,9,103524.0,"[""environment:underground"", ""light:auto_bright_dark"", ""light:dark"", ""light:hard shadows"", ""light:natural"", ""time_of_day:unknown"", ""track_layout:straight"", ""weather:unknown""]"
nlb_fall_000470,470,1,train,usable,,images/nlb_fall_000470.png,annotations/nlb_fall_000470.json,masks/nlb_fall_000470.png,all_tracks,images/train/nlb_fall_000470.png,labels/train/nlb_fall_000470.txt,1,1,0,6,5586.5,"[""environment:underground"", ""light:auto_bright_dark"", ""light:dark"", ""light:hard shadows"", ""light:natural"", ""time_of_day:unknown"", ""track_layout:straight"", ""weather:unknown""]"
nlb_fall_000471,471,1,train,usable,,images/nlb_fall_000471.png,annotations/nlb_fall_000471.json,masks/nlb_fall_000471.png,all_tracks,images/train/nlb_fall_000471.png,labels/train/nlb_fall_000471.txt,1,1,0,6,87788.5,"[""environment:underground"", ""light:auto_bright_dark"", ""light:dark"", ""light:hard shadows"", ""light:natural"", ""time_of_day:unknown"", ""track_layout:straight"", ""weather:unknown""]"
nlb_fall_000472,472,1,train,usable,,images/nlb_fall_000472.png,annotations/nlb_fall_000472.json,masks/nlb_fall_000472.png,all_tracks,images/train/nlb_fall_000472.png,labels/train/nlb_fall_000472.txt,1,1,0,5,100209.5,"[""environment:rural"", ""light:auto_bright_dark"", ""light:natural"", ""light:uniform"", ""time_of_day:day"", ""track_layout:straight"", ""weather:cloudy""]"
nlb_fall_000473,473,1,train,usable,,images/nlb_fall_000473.png,annotations/nlb_fall_000473.json,masks/nlb_fall_000473.png,all_tracks,images/train/nlb_fall_000473.png,labels/train/nlb_fall_000473.txt,1,1,0,6,99923.0,"[""environment:rural"", ""light:auto_bright_dark"", ""light:natural"", ""light:uniform"", ""time_of_day:day"", ""track_layout:straight"", ""weather:cloudy""]"
nlb_fall_000474,474,1,train,usable,,images/nlb_fall_000474.png,annotations/nlb_fall_000474.json,masks/nlb_fall_000474.png,all_tracks,images/train/nlb_fall_000474.png,labels/train/nlb_fall_000474.txt,1,1,0,6,101948.5,"[""environment:rural"", ""light:auto_bright_dark"", ""light:natural"", ""light:uniform"", ""time_of_day:day"", ""track_layout:straight"", ""weather:cloudy""]"
nlb_fall_000475,475,1,train,usable,,images/nlb_fall_000475.png,annotations/nlb_fall_000475.json,masks/nlb_fall_000475.png,all_tracks,images/train/nlb_fall_000475.png,labels/train/nlb_fall_000475.txt,1,1,0,5,99502.0,"[""environment:rural"", ""light:auto_bright_dark"", ""light:natural"", ""light:uniform"", ""time_of_day:day"", ""track_layout:straight"", ""weather:cloudy""]"
nlb_fall_000476,476,1,train,usable,,images/nlb_fall_000476.png,annotations/nlb_fall_000476.json,masks/nlb_fall_000476.png,all_tracks,images/train/nlb_fall_000476.png,labels/train/nlb_fall_000476.txt,1,1,0,6,100247.5,"[""environment:rural"", ""light:auto_bright_dark"", ""light:natural"", ""light:uniform"", ""time_of_day:day"", ""track_layout:straight"", ""weather:cloudy""]"
nlb_fall_000477,477,1,train,usable,,images/nlb_fall_000477.png,annotations/nlb_fall_000477.json,masks/nlb_fall_000477.png,all_tracks,images/train/nlb_fall_000477.png,labels/train/nlb_fall_000477.txt,1,1,0,6,100321.0,"[""environment:rural"", ""light:auto_bright_dark"", ""light:natural"", ""light:uniform"", ""time_of_day:day"", ""track_layout:straight"", ""weather:cloudy""]"
nlb_fall_000478,478,1,train,usable,,images/nlb_fall_000478.png,annotations/nlb_fall_000478.json,masks/nlb_fall_000478.png,all_tracks,images/train/nlb_fall_000478.png,labels/train/nlb_fall_000478.txt,1,1,0,5,99839.0,"[""environment:rural"", ""light:auto_bright_dark"", ""light:natural"", ""light:uniform"", ""time_of_day:day"", ""track_layout:straight"", ""weather:cloudy""]"
nlb_fall_000479,479,1,train,usable,,images/nlb_fall_000479.png,annotations/nlb_fall_000479.json,masks/nlb_fall_000479.png,all_tracks,images/train/nlb_fall_000479.png,labels/train/nlb_fall_000479.txt,1,1,0,6,99794.0,"[""environment:rural"", ""light:auto_bright_dark"", ""light:natural"", ""light:uniform"", ""time_of_day:day"", ""track_layout:straight"", ""weather:cloudy""]"
nlb_fall_000480,480,1,train,usable,,images/nlb_fall_000480.png,annotations/nlb_fall_000480.json,masks/nlb_fall_000480.png,all_tracks,images/train/nlb_fall_000480.png,labels/train/nlb_fall_000480.txt,1,1,0,5,100633.0,"[""environment:rural"", ""light:auto_bright_dark"", ""light:natural"", ""light:uniform"", ""time_of_day:day"", ""track_layout:straight"", ""weather:cloudy""]"
nlb_fall_000481,481,1,train,usable,,images/nlb_fall_000481.png,annotations/nlb_fall_000481.json,masks/nlb_fall_000481.png,all_tracks,images/train/nlb_fall_000481.png,labels/train/nlb_fall_000481.txt,1,1,0,6,98691.5,"[""environment:rural"", ""light:auto_bright_dark"", ""light:natural"", ""light:uniform"", ""time_of_day:day"", ""track_layout:straight"", ""weather:cloudy""]"
nlb_fall_000482,482,1,train,usable,,images/nlb_fall_000482.png,annotations/nlb_fall_000482.json,masks/nlb_fall_000482.png,all_tracks,images/train/nlb_fall_000482.png,labels/train/nlb_fall_000482.txt,1,1,0,12,101714.0,"[""environment:rural"", ""light:auto_bright_dark"", ""light:natural"", ""light:uniform"", ""time_of_day:day"", ""track_layout:curve"", ""weather:cloudy""]"
nlb_fall_000483,483,1,train,usable,,images/nlb_fall_000483.png,annotations/nlb_fall_000483.json,masks/nlb_fall_000483.png,all_tracks,images/train/nlb_fall_000483.png,labels/train/nlb_fall_000483.txt,1,1,0,13,101655.5,"[""environment:rural"", ""light:auto_bright_dark"", ""light:natural"", ""light:uniform"", ""time_of_day:day"", ""track_layout:curve"", ""weather:cloudy""]"
nlb_fall_000484,484,1,train,usable,,images/nlb_fall_000484.png,annotations/nlb_fall_000484.json,masks/nlb_fall_000484.png,all_tracks,images/train/nlb_fall_000484.png,labels/train/nlb_fall_000484.txt,1,1,0,14,102182.0,"[""environment:rural"", ""environment:urban"", ""light:auto_bright_dark"", ""light:natural"", ""light:uniform"", ""time_of_day:day"", ""track_layout:curve"", ""weather:cloudy""]"
nlb_fall_000485,485,1,train,usable,,images/nlb_fall_000485.png,annotations/nlb_fall_000485.json,masks/nlb_fall_000485.png,all_tracks,images/train/nlb_fall_000485.png,labels/train/nlb_fall_000485.txt,1,1,0,14,99262.0,"[""environment:rural"", ""environment:urban"", ""light:auto_bright_dark"", ""light:natural"", ""light:uniform"", ""time_of_day:day"", ""track_layout:curve"", ""weather:cloudy""]"
nlb_fall_000486,486,1,train,usable,,images/nlb_fall_000486.png,annotations/nlb_fall_000486.json,masks/nlb_fall_000486.png,all_tracks,images/train/nlb_fall_000486.png,labels/train/nlb_fall_000486.txt,1,1,0,14,100019.5,"[""environment:rural"", ""environment:urban"", ""light:auto_bright_dark"", ""light:natural"", ""light:uniform"", ""time_of_day:day"", ""track_layout:curve"", ""weather:cloudy""]"
nlb_fall_000487,487,1,train,usable,,images/nlb_fall_000487.png,annotations/nlb_fall_000487.json,masks/nlb_fall_000487.png,all_tracks,images/train/nlb_fall_000487.png,labels/train/nlb_fall_000487.txt,1,1,0,14,99495.0,"[""environment:rural"", ""environment:urban"", ""light:auto_bright_dark"", ""light:natural"", ""light:uniform"", ""time_of_day:day"", ""track_layout:curve"", ""weather:cloudy""]"
nlb_fall_000488,488,1,train,usable,,images/nlb_fall_000488.png,annotations/nlb_fall_000488.json,masks/nlb_fall_000488.png,all_tracks,images/train/nlb_fall_000488.png,labels/train/nlb_fall_000488.txt,1,2,1,16,99973.5,"[""environment:rural"", ""environment:urban"", ""light:auto_bright_dark"", ""light:natural"", ""light:uniform"", ""time_of_day:day"", ""track_layout:curve"", ""weather:cloudy""]"
nlb_fall_000489,489,1,train,usable,,images/nlb_fall_000489.png,annotations/nlb_fall_000489.json,masks/nlb_fall_000489.png,all_tracks,images/train/nlb_fall_000489.png,labels/train/nlb_fall_000489.txt,1,2,1,10,96252.0,"[""environment:rural"", ""environment:urban"", ""light:auto_bright_dark"", ""light:natural"", ""light:uniform"", ""time_of_day:day"", ""track_layout:curve"", ""weather:cloudy""]"
nlb_fall_000490,490,1,train,usable,,images/nlb_fall_000490.png,annotations/nlb_fall_000490.json,masks/nlb_fall_000490.png,all_tracks,images/train/nlb_fall_000490.png,labels/train/nlb_fall_000490.txt,1,3,2,13,100288.5,"[""environment:rural"", ""environment:urban"", ""light:auto_bright_dark"", ""light:natural"", ""light:uniform"", ""time_of_day:day"", ""track_layout:curve"", ""weather:cloudy""]"
nlb_fall_000491,491,1,train,usable,,images/nlb_fall_000491.png,annotations/nlb_fall_000491.json,masks/nlb_fall_000491.png,all_tracks,images/train/nlb_fall_000491.png,labels/train/nlb_fall_000491.txt,1,3,1,9,80586.5,"[""environment:rural"", ""environment:urban"", ""light:auto_bright_dark"", ""light:natural"", ""light:uniform"", ""time_of_day:day"", ""track_layout:curve"", ""weather:cloudy""]"
nlb_fall_000492,492,1,train,usable,,images/nlb_fall_000492.png,annotations/nlb_fall_000492.json,masks/nlb_fall_000492.png,all_tracks,images/train/nlb_fall_000492.png,labels/train/nlb_fall_000492.txt,1,2,0,14,101150.5,"[""environment:rural"", ""environment:urban"", ""light:auto_bright_dark"", ""light:natural"", ""light:uniform"", ""time_of_day:day"", ""track_layout:curve"", ""weather:cloudy""]"
nlb_fall_000493,493,1,train,usable,,images/nlb_fall_000493.png,annotations/nlb_fall_000493.json,masks/nlb_fall_000493.png,all_tracks,images/train/nlb_fall_000493.png,labels/train/nlb_fall_000493.txt,1,3,3,8,99882.5,"[""environment:rural"", ""environment:station"", ""environment:urban"", ""light:auto_bright_dark"", ""light:natural"", ""light:uniform"", ""time_of_day:day"", ""track_layout:straight"", ""weather:cloudy""]"
nlb_fall_000494,494,1,train,usable,,images/nlb_fall_000494.png,annotations/nlb_fall_000494.json,masks/nlb_fall_000494.png,all_tracks,images/train/nlb_fall_000494.png,labels/train/nlb_fall_000494.txt,1,2,1,8,100396.5,"[""environment:rural"", ""environment:station"", ""environment:urban"", ""light:auto_bright_dark"", ""light:natural"", ""light:uniform"", ""time_of_day:day"", ""track_layout:straight"", ""weather:cloudy""]"
nlb_fall_000495,495,1,train,usable,,images/nlb_fall_000495.png,annotations/nlb_fall_000495.json,masks/nlb_fall_000495.png,all_tracks,images/train/nlb_fall_000495.png,labels/train/nlb_fall_000495.txt,1,2,0,5,101156.5,"[""environment:rural"", ""environment:station"", ""environment:urban"", ""light:auto_bright_dark"", ""light:natural"", ""light:uniform"", ""time_of_day:day"", ""track_layout:straight"", ""weather:cloudy""]"
nlb_fall_000496,496,1,train,usable,,images/nlb_fall_000496.png,annotations/nlb_fall_000496.json,masks/nlb_fall_000496.png,all_tracks,images/train/nlb_fall_000496.png,labels/train/nlb_fall_000496.txt,1,1,0,8,100722.5,"[""environment:rural"", ""environment:station"", ""environment:urban"", ""light:auto_bright_dark"", ""light:natural"", ""light:uniform"", ""time_of_day:day"", ""track_layout:straight"", ""weather:cloudy""]"
nlb_fall_000497,497,1,train,usable,,images/nlb_fall_000497.png,annotations/nlb_fall_000497.json,masks/nlb_fall_000497.png,all_tracks,images/train/nlb_fall_000497.png,labels/train/nlb_fall_000497.txt,1,3,0,8,100729.0,"[""environment:rural"", ""environment:station"", ""environment:urban"", ""light:auto_bright_dark"", ""light:natural"", ""light:uniform"", ""time_of_day:day"", ""track_layout:straight"", ""weather:cloudy""]"
nlb_fall_000498,498,1,train,usable,,images/nlb_fall_000498.png,annotations/nlb_fall_000498.json,masks/nlb_fall_000498.png,all_tracks,images/train/nlb_fall_000498.png,labels/train/nlb_fall_000498.txt,1,2,0,8,101367.0,"[""environment:rural"", ""environment:station"", ""environment:urban"", ""light:auto_bright_dark"", ""light:natural"", ""light:uniform"", ""time_of_day:day"", ""track_layout:straight"", ""weather:cloudy""]"
nlb_fall_000499,499,1,train,usable,,images/nlb_fall_000499.png,annotations/nlb_fall_000499.json,masks/nlb_fall_000499.png,all_tracks,images/train/nlb_fall_000499.png,labels/train/nlb_fall_000499.txt,1,2,0,5,99710.5,"[""environment:rural"", ""environment:station"", ""environment:urban"", ""light:auto_bright_dark"", ""light:natural"", ""light:uniform"", ""time_of_day:day"", ""track_layout:straight"", ""weather:cloudy""]"
nlb_fall_000500,500,2,train,usable,,images/nlb_fall_000500.png,annotations/nlb_fall_000500.json,masks/nlb_fall_000500.png,all_tracks,images/train/nlb_fall_000500.png,labels/train/nlb_fall_000500.txt,1,2,0,10,100777.0,"[""environment:rural"", ""environment:station"", ""environment:urban"", ""light:auto_bright_dark"", ""light:natural"", ""light:uniform"", ""time_of_day:day"", ""track_layout:straight"", ""weather:cloudy""]"
nlb_fall_000501,501,2,train,usable,,images/nlb_fall_000501.png,annotations/nlb_fall_000501.json,masks/nlb_fall_000501.png,all_tracks,images/train/nlb_fall_000501.png,labels/train/nlb_fall_000501.txt,1,2,0,8,101648.5,"[""environment:rural"", ""environment:station"", ""environment:urban"", ""light:auto_bright_dark"", ""light:natural"", ""light:uniform"", ""time_of_day:day"", ""track_layout:curve"", ""track_layout:straight"", ""weather:cloudy""]"
nlb_fall_000534,534,2,train,usable,,images/nlb_fall_000534.png,annotations/nlb_fall_000534.json,masks/nlb_fall_000534.png,all_tracks,images/train/nlb_fall_000534.png,labels/train/nlb_fall_000534.txt,1,2,0,8,100697.0,"[""environment:rural"", ""environment:station"", ""environment:urban"", ""light:auto_bright_dark"", ""light:natural"", ""light:uniform"", ""time_of_day:day"", ""track_layout:curve"", ""track_layout:straight"", ""weather:cloudy""]"
nlb_fall_000535,535,2,train,usable,,images/nlb_fall_000535.png,annotations/nlb_fall_000535.json,masks/nlb_fall_000535.png,all_tracks,images/train/nlb_fall_000535.png,labels/train/nlb_fall_000535.txt,1,2,0,5,100958.0,"[""environment:rural"", ""environment:station"", ""environment:urban"", ""light:auto_bright_dark"", ""light:natural"", ""light:uniform"", ""time_of_day:day"", ""track_layout:straight"", ""weather:cloudy""]"
nlb_fall_000536,536,2,train,usable,,images/nlb_fall_000536.png,annotations/nlb_fall_000536.json,masks/nlb_fall_000536.png,all_tracks,images/train/nlb_fall_000536.png,labels/train/nlb_fall_000536.txt,1,2,0,8,101273.0,"[""environment:rural"", ""environment:station"", ""environment:urban"", ""light:auto_bright_dark"", ""light:natural"", ""light:uniform"", ""time_of_day:day"", ""track_layout:straight"", ""weather:cloudy""]"
nlb_fall_000537,537,2,train,usable,,images/nlb_fall_000537.png,annotations/nlb_fall_000537.json,masks/nlb_fall_000537.png,all_tracks,images/train/nlb_fall_000537.png,labels/train/nlb_fall_000537.txt,1,2,0,8,100975.5,"[""environment:rural"", ""environment:urban"", ""light:auto_bright_dark"", ""light:natural"", ""light:uniform"", ""time_of_day:day"", ""track_layout:straight"", ""weather:cloudy""]"
nlb_fall_000538,538,2,train,usable,,images/nlb_fall_000538.png,annotations/nlb_fall_000538.json,masks/nlb_fall_000538.png,all_tracks,images/train/nlb_fall_000538.png,labels/train/nlb_fall_000538.txt,1,2,0,8,101236.0,"[""environment:rural"", ""environment:urban"", ""light:auto_bright_dark"", ""light:natural"", ""light:uniform"", ""time_of_day:day"", ""track_layout:straight"", ""weather:cloudy""]"
nlb_fall_000539,539,2,train,usable,,images/nlb_fall_000539.png,annotations/nlb_fall_000539.json,masks/nlb_fall_000539.png,all_tracks,images/train/nlb_fall_000539.png,labels/train/nlb_fall_000539.txt,1,2,0,6,100156.0,"[""environment:rural"", ""environment:urban"", ""light:auto_bright_dark"", ""light:natural"", ""light:uniform"", ""time_of_day:day"", ""track_layout:straight"", ""weather:cloudy""]"
nlb_fall_000540,540,2,train,usable,,images/nlb_fall_000540.png,annotations/nlb_fall_000540.json,masks/nlb_fall_000540.png,all_tracks,images/train/nlb_fall_000540.png,labels/train/nlb_fall_000540.txt,1,2,1,10,100603.5,"[""environment:rural"", ""environment:urban"", ""light:auto_bright_dark"", ""light:natural"", ""light:uniform"", ""time_of_day:day"", ""track_layout:curve"", ""track_layout:straight"", ""weather:cloudy""]"
nlb_fall_000541,541,2,train,usable,,images/nlb_fall_000541.png,annotations/nlb_fall_000541.json,masks/nlb_fall_000541.png,all_tracks,images/train/nlb_fall_000541.png,labels/train/nlb_fall_000541.txt,1,2,1,10,99377.0,"[""environment:rural"", ""light:auto_bright_dark"", ""light:natural"", ""light:uniform"", ""time_of_day:day"", ""track_layout:curve"", ""track_layout:straight"", ""weather:cloudy""]"
nlb_fall_000542,542,2,train,usable,,images/nlb_fall_000542.png,annotations/nlb_fall_000542.json,masks/nlb_fall_000542.png,all_tracks,images/train/nlb_fall_000542.png,labels/train/nlb_fall_000542.txt,1,2,1,10,99384.0,"[""environment:rural"", ""light:auto_bright_dark"", ""light:natural"", ""light:uniform"", ""time_of_day:day"", ""track_layout:curve"", ""weather:cloudy""]"
nlb_fall_000591,591,2,train,usable,,images/nlb_fall_000591.png,annotations/nlb_fall_000591.json,masks/nlb_fall_000591.png,all_tracks,images/train/nlb_fall_000591.png,labels/train/nlb_fall_000591.txt,1,2,0,7,99333.5,"[""environment:rural"", ""light:auto_bright_dark"", ""light:natural"", ""light:uniform"", ""time_of_day:day"", ""track_layout:curve"", ""track_layout:straight"", ""weather:cloudy""]"
nlb_fall_000592,592,2,train,usable,,images/nlb_fall_000592.png,annotations/nlb_fall_000592.json,masks/nlb_fall_000592.png,all_tracks,images/train/nlb_fall_000592.png,labels/train/nlb_fall_000592.txt,1,2,0,9,100494.0,"[""environment:rural"", ""light:auto_bright_dark"", ""light:natural"", ""light:uniform"", ""time_of_day:day"", ""track_layout:curve"", ""weather:cloudy""]"
nlb_fall_000593,593,2,train,usable,,images/nlb_fall_000593.png,annotations/nlb_fall_000593.json,masks/nlb_fall_000593.png,all_tracks,images/train/nlb_fall_000593.png,labels/train/nlb_fall_000593.txt,1,2,0,12,101741.0,"[""environment:rural"", ""light:auto_bright_dark"", ""light:natural"", ""light:uniform"", ""time_of_day:day"", ""track_layout:curve"", ""weather:cloudy""]"
nlb_fall_000594,594,2,train,usable,,images/nlb_fall_000594.png,annotations/nlb_fall_000594.json,masks/nlb_fall_000594.png,all_tracks,images/train/nlb_fall_000594.png,labels/train/nlb_fall_000594.txt,1,2,0,12,100603.5,"[""environment:rural"", ""light:auto_bright_dark"", ""light:natural"", ""light:uniform"", ""time_of_day:day"", ""track_layout:curve"", ""weather:cloudy""]"
nlb_fall_000595,595,2,train,usable,,images/nlb_fall_000595.png,annotations/nlb_fall_000595.json,masks/nlb_fall_000595.png,all_tracks,images/train/nlb_fall_000595.png,labels/train/nlb_fall_000595.txt,1,2,0,10,102761.0,"[""environment:rural"", ""environment:station"", ""environment:urban"", ""light:auto_bright_dark"", ""light:natural"", ""light:uniform"", ""time_of_day:day"", ""track_layout:curve"", ""track_layout:straight"", ""weather:cloudy""]"
nlb_fall_000596,596,2,train,usable,,images/nlb_fall_000596.png,annotations/nlb_fall_000596.json,masks/nlb_fall_000596.png,all_tracks,images/train/nlb_fall_000596.png,labels/train/nlb_fall_000596.txt,1,1,0,5,100098.0,"[""environment:rural"", ""environment:station"", ""environment:urban"", ""light:auto_bright_dark"", ""light:natural"", ""light:uniform"", ""time_of_day:day"", ""track_layout:straight"", ""weather:cloudy""]"
nlb_fall_000597,597,2,train,usable,,images/nlb_fall_000597.png,annotations/nlb_fall_000597.json,masks/nlb_fall_000597.png,all_tracks,images/train/nlb_fall_000597.png,labels/train/nlb_fall_000597.txt,1,2,0,6,101101.5,"[""environment:rural"", ""light:auto_bright_dark"", ""light:natural"", ""light:uniform"", ""time_of_day:day"", ""track_layout:curve"", ""track_layout:straight"", ""weather:cloudy""]"
nlb_fall_000598,598,2,train,usable,,images/nlb_fall_000598.png,annotations/nlb_fall_000598.json,masks/nlb_fall_000598.png,all_tracks,images/train/nlb_fall_000598.png,labels/train/nlb_fall_000598.txt,1,2,1,8,101010.0,"[""environment:rural"", ""light:auto_bright_dark"", ""light:natural"", ""light:uniform"", ""time_of_day:day"", ""track_layout:curve"", ""track_layout:straight"", ""weather:cloudy""]"
nlb_fall_000670,670,2,train,usable,,images/nlb_fall_000670.png,annotations/nlb_fall_000670.json,masks/nlb_fall_000670.png,all_tracks,images/train/nlb_fall_000670.png,labels/train/nlb_fall_000670.txt,1,2,1,11,99744.5,"[""environment:rural"", ""light:auto_bright_dark"", ""light:natural"", ""light:uniform"", ""time_of_day:day"", ""track_layout:curve"", ""track_layout:straight"", ""weather:cloudy""]"
nlb_fall_000671,671,2,train,usable,,images/nlb_fall_000671.png,annotations/nlb_fall_000671.json,masks/nlb_fall_000671.png,all_tracks,images/train/nlb_fall_000671.png,labels/train/nlb_fall_000671.txt,1,2,1,15,101116.0,"[""environment:rural"", ""light:auto_bright_dark"", ""light:natural"", ""light:uniform"", ""time_of_day:day"", ""track_layout:curve"", ""track_layout:straight"", ""weather:cloudy""]"
nlb_fall_000672,672,2,train,usable,,images/nlb_fall_000672.png,annotations/nlb_fall_000672.json,masks/nlb_fall_000672.png,all_tracks,images/train/nlb_fall_000672.png,labels/train/nlb_fall_000672.txt,1,2,1,18,102189.5,"[""environment:rural"", ""light:auto_bright_dark"", ""light:natural"", ""light:uniform"", ""time_of_day:day"", ""track_layout:curve"", ""weather:cloudy""]"
nlb_fall_000673,673,2,train,usable,,images/nlb_fall_000673.png,annotations/nlb_fall_000673.json,masks/nlb_fall_000673.png,all_tracks,images/train/nlb_fall_000673.png,labels/train/nlb_fall_000673.txt,1,2,0,17,96522.0,"[""environment:rural"", ""light:auto_bright_dark"", ""light:natural"", ""light:uniform"", ""time_of_day:day"", ""track_layout:curve"", ""weather:cloudy""]"
nlb_fall_000674,674,2,train,usable,,images/nlb_fall_000674.png,annotations/nlb_fall_000674.json,masks/nlb_fall_000674.png,all_tracks,images/train/nlb_fall_000674.png,labels/train/nlb_fall_000674.txt,1,2,1,13,102071.0,"[""environment:rural"", ""light:auto_bright_dark"", ""light:natural"", ""light:uniform"", ""time_of_day:day"", ""track_layout:curve"", ""weather:cloudy""]"
nlb_fall_000675,675,2,train,usable,,images/nlb_fall_000675.png,annotations/nlb_fall_000675.json,masks/nlb_fall_000675.png,all_tracks,images/train/nlb_fall_000675.png,labels/train/nlb_fall_000675.txt,1,3,1,14,101245.5,"[""environment:rural"", ""light:auto_bright_dark"", ""light:natural"", ""light:uniform"", ""time_of_day:day"", ""track_layout:curve"", ""weather:cloudy""]"
nlb_fall_000676,676,2,train,usable,,images/nlb_fall_000676.png,annotations/nlb_fall_000676.json,masks/nlb_fall_000676.png,all_tracks,images/train/nlb_fall_000676.png,labels/train/nlb_fall_000676.txt,1,3,0,20,102526.5,"[""environment:rural"", ""light:auto_bright_dark"", ""light:natural"", ""light:uniform"", ""time_of_day:day"", ""track_layout:curve"", ""weather:cloudy""]"
nlb_fall_000677,677,2,train,usable,,images/nlb_fall_000677.png,annotations/nlb_fall_000677.json,masks/nlb_fall_000677.png,all_tracks,images/train/nlb_fall_000677.png,labels/train/nlb_fall_000677.txt,1,3,0,12,103227.5,"[""environment:rural"", ""light:auto_bright_dark"", ""light:natural"", ""light:uniform"", ""time_of_day:day"", ""track_layout:curve"", ""weather:cloudy""]"
nlb_fall_000678,678,2,train,usable,,images/nlb_fall_000678.png,annotations/nlb_fall_000678.json,masks/nlb_fall_000678.png,all_tracks,images/train/nlb_fall_000678.png,labels/train/nlb_fall_000678.txt,1,3,0,12,100912.0,"[""environment:rural"", ""light:auto_bright_dark"", ""light:natural"", ""light:uniform"", ""time_of_day:day"", ""track_layout:curve"", ""weather:cloudy""]"
nlb_fall_000679,679,2,train,usable,,images/nlb_fall_000679.png,annotations/nlb_fall_000679.json,masks/nlb_fall_000679.png,all_tracks,images/train/nlb_fall_000679.png,labels/train/nlb_fall_000679.txt,1,2,1,21,101565.0,"[""environment:rural"", ""light:auto_bright_dark"", ""light:natural"", ""light:uniform"", ""time_of_day:day"", ""track_layout:curve"", ""weather:cloudy""]"
nlb_fall_000680,680,2,train,usable,,images/nlb_fall_000680.png,annotations/nlb_fall_000680.json,masks/nlb_fall_000680.png,all_tracks,images/train/nlb_fall_000680.png,labels/train/nlb_fall_000680.txt,1,2,1,23,105947.0,"[""environment:rural"", ""light:auto_bright_dark"", ""light:natural"", ""light:uniform"", ""time_of_day:day"", ""track_layout:curve"", ""weather:cloudy""]"
nlb_fall_000681,681,2,train,usable,,images/nlb_fall_000681.png,annotations/nlb_fall_000681.json,masks/nlb_fall_000681.png,all_tracks,images/train/nlb_fall_000681.png,labels/train/nlb_fall_000681.txt,1,2,1,17,102143.5,"[""environment:rural"", ""light:auto_bright_dark"", ""light:natural"", ""light:uniform"", ""time_of_day:day"", ""track_layout:curve"", ""weather:cloudy""]"
nlb_fall_000701,701,2,train,usable,,images/nlb_fall_000701.png,annotations/nlb_fall_000701.json,masks/nlb_fall_000701.png,all_tracks,images/train/nlb_fall_000701.png,labels/train/nlb_fall_000701.txt,1,2,1,19,101884.5,"[""environment:rural"", ""light:auto_bright_dark"", ""light:natural"", ""light:uniform"", ""time_of_day:day"", ""track_layout:curve"", ""weather:cloudy""]"
nlb_fall_000737,737,2,train,usable,,images/nlb_fall_000737.png,annotations/nlb_fall_000737.json,masks/nlb_fall_000737.png,all_tracks,images/train/nlb_fall_000737.png,labels/train/nlb_fall_000737.txt,1,2,1,15,103081.5,"[""environment:rural"", ""light:auto_bright_dark"", ""light:natural"", ""light:uniform"", ""time_of_day:day"", ""track_layout:curve"", ""weather:cloudy""]"
nlb_fall_000738,738,2,train,usable,,images/nlb_fall_000738.png,annotations/nlb_fall_000738.json,masks/nlb_fall_000738.png,all_tracks,images/train/nlb_fall_000738.png,labels/train/nlb_fall_000738.txt,1,2,1,12,105571.0,"[""environment:rural"", ""light:auto_bright_dark"", ""light:natural"", ""light:uniform"", ""time_of_day:day"", ""track_layout:curve"", ""weather:cloudy""]"
nlb_fall_000739,739,2,train,usable,,images/nlb_fall_000739.png,annotations/nlb_fall_000739.json,masks/nlb_fall_000739.png,all_tracks,images/train/nlb_fall_000739.png,labels/train/nlb_fall_000739.txt,1,2,1,16,97681.0,"[""environment:rural"", ""light:auto_bright_dark"", ""light:natural"", ""light:uniform"", ""time_of_day:day"", ""track_layout:curve"", ""weather:cloudy""]"
nlb_fall_000831,831,3,train,usable,,images/nlb_fall_000831.png,annotations/nlb_fall_000831.json,masks/nlb_fall_000831.png,all_tracks,images/train/nlb_fall_000831.png,labels/train/nlb_fall_000831.txt,1,2,1,5,101874.0,"[""environment:rural"", ""light:auto_bright_dark"", ""light:natural"", ""light:uniform"", ""time_of_day:day"", ""track_layout:curve"", ""track_layout:straight"", ""weather:cloudy""]"
nlb_fall_000832,832,3,train,usable,,images/nlb_fall_000832.png,annotations/nlb_fall_000832.json,masks/nlb_fall_000832.png,all_tracks,images/train/nlb_fall_000832.png,labels/train/nlb_fall_000832.txt,1,2,0,9,101144.5,"[""environment:rural"", ""light:auto_bright_dark"", ""light:natural"", ""light:uniform"", ""time_of_day:day"", ""track_layout:curve"", ""track_layout:straight"", ""weather:cloudy""]"
nlb_fall_000833,833,3,train,usable,,images/nlb_fall_000833.png,annotations/nlb_fall_000833.json,masks/nlb_fall_000833.png,all_tracks,images/train/nlb_fall_000833.png,labels/train/nlb_fall_000833.txt,1,2,0,6,101637.0,"[""environment:rural"", ""light:auto_bright_dark"", ""light:natural"", ""light:uniform"", ""time_of_day:day"", ""track_layout:straight"", ""weather:cloudy""]"
nlb_fall_000834,834,3,train,usable,,images/nlb_fall_000834.png,annotations/nlb_fall_000834.json,masks/nlb_fall_000834.png,all_tracks,images/train/nlb_fall_000834.png,labels/train/nlb_fall_000834.txt,1,2,1,8,103211.0,"[""environment:rural"", ""light:auto_bright_dark"", ""light:natural"", ""light:uniform"", ""time_of_day:day"", ""track_layout:straight"", ""weather:cloudy""]"
nlb_fall_000835,835,3,train,usable,,images/nlb_fall_000835.png,annotations/nlb_fall_000835.json,masks/nlb_fall_000835.png,all_tracks,images/train/nlb_fall_000835.png,labels/train/nlb_fall_000835.txt,1,3,1,5,104840.5,"[""environment:rural"", ""light:auto_bright_dark"", ""light:natural"", ""light:uniform"", ""time_of_day:day"", ""track_layout:straight"", ""weather:cloudy""]"
nlb_fall_000836,836,3,train,usable,,images/nlb_fall_000836.png,annotations/nlb_fall_000836.json,masks/nlb_fall_000836.png,all_tracks,images/train/nlb_fall_000836.png,labels/train/nlb_fall_000836.txt,1,3,1,6,101844.0,"[""environment:rural"", ""environment:station"", ""light:auto_bright_dark"", ""light:natural"", ""light:uniform"", ""time_of_day:day"", ""track_layout:straight"", ""weather:cloudy""]"
nlb_fall_000837,837,3,train,usable,,images/nlb_fall_000837.png,annotations/nlb_fall_000837.json,masks/nlb_fall_000837.png,all_tracks,images/train/nlb_fall_000837.png,labels/train/nlb_fall_000837.txt,1,2,1,6,100120.5,"[""environment:rural"", ""light:auto_bright_dark"", ""light:natural"", ""light:uniform"", ""time_of_day:day"", ""track_layout:straight"", ""weather:cloudy""]"
nlb_fall_000838,838,3,train,usable,,images/nlb_fall_000838.png,annotations/nlb_fall_000838.json,masks/nlb_fall_000838.png,all_tracks,images/train/nlb_fall_000838.png,labels/train/nlb_fall_000838.txt,1,2,1,12,101088.0,"[""environment:rural"", ""light:auto_bright_dark"", ""light:natural"", ""light:uniform"", ""time_of_day:day"", ""track_layout:straight"", ""weather:cloudy""]"
nlb_fall_000899,899,3,train,usable,,images/nlb_fall_000899.png,annotations/nlb_fall_000899.json,masks/nlb_fall_000899.png,all_tracks,images/train/nlb_fall_000899.png,labels/train/nlb_fall_000899.txt,1,2,1,6,101666.0,"[""environment:rural"", ""light:auto_bright_dark"", ""light:natural"", ""light:uniform"", ""time_of_day:day"", ""track_layout:straight"", ""weather:cloudy""]"
nlb_fall_000900,900,3,train,usable,,images/nlb_fall_000900.png,annotations/nlb_fall_000900.json,masks/nlb_fall_000900.png,all_tracks,images/train/nlb_fall_000900.png,labels/train/nlb_fall_000900.txt,1,2,0,5,100780.5,"[""environment:rural"", ""light:auto_bright_dark"", ""light:natural"", ""light:uniform"", ""time_of_day:day"", ""track_layout:straight"", ""weather:cloudy""]"
nlb_fall_000901,901,3,train,usable,,images/nlb_fall_000901.png,annotations/nlb_fall_000901.json,masks/nlb_fall_000901.png,all_tracks,images/train/nlb_fall_000901.png,labels/train/nlb_fall_000901.txt,1,2,1,16,101419.5,"[""environment:rural"", ""light:auto_bright_dark"", ""light:natural"", ""light:uniform"", ""time_of_day:day"", ""track_layout:straight"", ""weather:cloudy""]"
nlb_fall_000902,902,3,train,usable,,images/nlb_fall_000902.png,annotations/nlb_fall_000902.json,masks/nlb_fall_000902.png,all_tracks,images/train/nlb_fall_000902.png,labels/train/nlb_fall_000902.txt,1,2,1,14,98868.0,"[""environment:rural"", ""light:auto_bright_dark"", ""light:natural"", ""light:uniform"", ""time_of_day:day"", ""track_layout:straight"", ""weather:cloudy""]"
nlb_fall_000903,903,3,train,usable,,images/nlb_fall_000903.png,annotations/nlb_fall_000903.json,masks/nlb_fall_000903.png,all_tracks,images/train/nlb_fall_000903.png,labels/train/nlb_fall_000903.txt,1,1,0,14,100744.0,"[""environment:rural"", ""light:auto_bright_dark"", ""light:natural"", ""light:uniform"", ""time_of_day:day"", ""track_layout:curve"", ""weather:cloudy""]"
nlb_fall_000904,904,3,train,usable,,images/nlb_fall_000904.png,annotations/nlb_fall_000904.json,masks/nlb_fall_000904.png,all_tracks,images/train/nlb_fall_000904.png,labels/train/nlb_fall_000904.txt,1,1,0,12,101247.0,"[""environment:rural"", ""light:auto_bright_dark"", ""light:natural"", ""light:uniform"", ""time_of_day:day"", ""track_layout:curve"", ""weather:cloudy""]"
nlb_fall_000905,905,3,train,usable,,images/nlb_fall_000905.png,annotations/nlb_fall_000905.json,masks/nlb_fall_000905.png,all_tracks,images/train/nlb_fall_000905.png,labels/train/nlb_fall_000905.txt,1,1,0,16,101472.5,"[""environment:rural"", ""light:auto_bright_dark"", ""light:natural"", ""light:uniform"", ""time_of_day:day"", ""track_layout:curve"", ""weather:cloudy""]"
nlb_fall_000906,906,3,train,usable,,images/nlb_fall_000906.png,annotations/nlb_fall_000906.json,masks/nlb_fall_000906.png,all_tracks,images/train/nlb_fall_000906.png,labels/train/nlb_fall_000906.txt,1,1,0,14,100934.5,"[""environment:rural"", ""light:auto_bright_dark"", ""light:natural"", ""light:uniform"", ""time_of_day:day"", ""track_layout:curve"", ""weather:cloudy""]"
nlb_fall_000907,907,3,train,usable,,images/nlb_fall_000907.png,annotations/nlb_fall_000907.json,masks/nlb_fall_000907.png,all_tracks,images/train/nlb_fall_000907.png,labels/train/nlb_fall_000907.txt,1,1,0,12,101407.0,"[""environment:rural"", ""light:auto_bright_dark"", ""light:natural"", ""light:uniform"", ""time_of_day:day"", ""track_layout:curve"", ""weather:cloudy""]"
nlb_fall_000908,908,3,train,usable,,images/nlb_fall_000908.png,annotations/nlb_fall_000908.json,masks/nlb_fall_000908.png,all_tracks,images/train/nlb_fall_000908.png,labels/train/nlb_fall_000908.txt,1,1,0,14,101429.5,"[""environment:rural"", ""light:auto_bright_dark"", ""light:natural"", ""light:uniform"", ""time_of_day:day"", ""track_layout:curve"", ""weather:cloudy""]"
nlb_fall_000909,909,3,train,usable,,images/nlb_fall_000909.png,annotations/nlb_fall_000909.json,masks/nlb_fall_000909.png,all_tracks,images/train/nlb_fall_000909.png,labels/train/nlb_fall_000909.txt,1,1,0,12,102114.5,"[""environment:rural"", ""light:auto_bright_dark"", ""light:natural"", ""light:uniform"", ""time_of_day:day"", ""track_layout:curve"", ""weather:cloudy""]"
nlb_fall_000910,910,3,train,usable,,images/nlb_fall_000910.png,annotations/nlb_fall_000910.json,masks/nlb_fall_000910.png,all_tracks,images/train/nlb_fall_000910.png,labels/train/nlb_fall_000910.txt,1,1,0,14,104479.5,"[""environment:rural"", ""light:auto_bright_dark"", ""light:natural"", ""light:uniform"", ""time_of_day:day"", ""track_layout:curve"", ""weather:cloudy""]"
nlb_fall_000911,911,3,train,usable,,images/nlb_fall_000911.png,annotations/nlb_fall_000911.json,masks/nlb_fall_000911.png,all_tracks,images/train/nlb_fall_000911.png,labels/train/nlb_fall_000911.txt,1,1,0,12,106130.5,"[""environment:rural"", ""light:auto_bright_dark"", ""light:natural"", ""light:uniform"", ""time_of_day:day"", ""track_layout:curve"", ""weather:cloudy""]"
nlb_fall_000912,912,3,train,usable,,images/nlb_fall_000912.png,annotations/nlb_fall_000912.json,masks/nlb_fall_000912.png,all_tracks,images/train/nlb_fall_000912.png,labels/train/nlb_fall_000912.txt,1,1,0,10,103330.0,"[""environment:rural"", ""light:auto_bright_dark"", ""light:natural"", ""light:uniform"", ""time_of_day:day"", ""track_layout:curve"", ""weather:cloudy""]"
nlb_fall_000913,913,3,train,usable,,images/nlb_fall_000913.png,annotations/nlb_fall_000913.json,masks/nlb_fall_000913.png,all_tracks,images/train/nlb_fall_000913.png,labels/train/nlb_fall_000913.txt,1,1,0,12,106370.5,"[""environment:rural"", ""light:auto_bright_dark"", ""light:natural"", ""light:uniform"", ""time_of_day:day"", ""track_layout:curve"", ""weather:cloudy""]"
nlb_fall_000914,914,3,train,usable,,images/nlb_fall_000914.png,annotations/nlb_fall_000914.json,masks/nlb_fall_000914.png,all_tracks,images/train/nlb_fall_000914.png,labels/train/nlb_fall_000914.txt,1,1,0,14,103739.0,"[""environment:rural"", ""light:auto_bright_dark"", ""light:natural"", ""light:uniform"", ""time_of_day:day"", ""track_layout:curve"", ""weather:cloudy""]"
nlb_fall_000915,915,3,train,usable,,images/nlb_fall_000915.png,annotations/nlb_fall_000915.json,masks/nlb_fall_000915.png,all_tracks,images/train/nlb_fall_000915.png,labels/train/nlb_fall_000915.txt,1,1,0,8,100320.0,"[""environment:rural"", ""light:auto_bright_dark"", ""light:natural"", ""light:uniform"", ""time_of_day:day"", ""track_layout:curve"", ""weather:cloudy""]"
nlb_fall_000916,916,3,train,usable,,images/nlb_fall_000916.png,annotations/nlb_fall_000916.json,masks/nlb_fall_000916.png,all_tracks,images/train/nlb_fall_000916.png,labels/train/nlb_fall_000916.txt,1,1,0,12,100761.5,"[""environment:rural"", ""light:auto_bright_dark"", ""light:natural"", ""light:uniform"", ""time_of_day:day"", ""track_layout:curve"", ""weather:cloudy""]"
nlb_fall_000917,917,3,train,usable,,images/nlb_fall_000917.png,annotations/nlb_fall_000917.json,masks/nlb_fall_000917.png,all_tracks,images/train/nlb_fall_000917.png,labels/train/nlb_fall_000917.txt,1,1,0,12,99936.5,"[""environment:rural"", ""light:auto_bright_dark"", ""light:natural"", ""light:uniform"", ""time_of_day:day"", ""track_layout:curve"", ""weather:cloudy""]"
nlb_fall_000918,918,3,train,usable,,images/nlb_fall_000918.png,annotations/nlb_fall_000918.json,masks/nlb_fall_000918.png,all_tracks,images/train/nlb_fall_000918.png,labels/train/nlb_fall_000918.txt,1,1,0,10,100394.5,"[""environment:rural"", ""light:auto_bright_dark"", ""light:natural"", ""light:uniform"", ""time_of_day:day"", ""track_layout:curve"", ""weather:cloudy""]"
nlb_fall_000919,919,3,train,usable,,images/nlb_fall_000919.png,annotations/nlb_fall_000919.json,masks/nlb_fall_000919.png,all_tracks,images/train/nlb_fall_000919.png,labels/train/nlb_fall_000919.txt,1,1,0,12,101520.0,"[""environment:rural"", ""light:auto_bright_dark"", ""light:dark"", ""light:natural"", ""light:uniform"", ""time_of_day:day"", ""track_layout:curve"", ""weather:cloudy""]"
nlb_fall_000920,920,3,train,usable,,images/nlb_fall_000920.png,annotations/nlb_fall_000920.json,masks/nlb_fall_000920.png,all_tracks,images/train/nlb_fall_000920.png,labels/train/nlb_fall_000920.txt,1,1,0,12,103121.0,"[""environment:rural"", ""light:auto_bright_dark"", ""light:natural"", ""light:uniform"", ""time_of_day:day"", ""track_layout:curve"", ""weather:cloudy""]"
nlb_fall_000921,921,3,train,usable,,images/nlb_fall_000921.png,annotations/nlb_fall_000921.json,masks/nlb_fall_000921.png,all_tracks,images/train/nlb_fall_000921.png,labels/train/nlb_fall_000921.txt,1,1,0,10,101773.5,"[""environment:rural"", ""light:auto_bright_dark"", ""light:natural"", ""light:uniform"", ""time_of_day:day"", ""track_layout:curve"", ""weather:cloudy""]"
nlb_fall_000922,922,3,train,usable,,images/nlb_fall_000922.png,annotations/nlb_fall_000922.json,masks/nlb_fall_000922.png,all_tracks,images/train/nlb_fall_000922.png,labels/train/nlb_fall_000922.txt,1,1,0,10,101580.0,"[""environment:rural"", ""light:auto_bright_dark"", ""light:natural"", ""light:uniform"", ""time_of_day:day"", ""track_layout:curve"", ""weather:cloudy""]"
nlb_fall_000923,923,3,train,usable,,images/nlb_fall_000923.png,annotations/nlb_fall_000923.json,masks/nlb_fall_000923.png,all_tracks,images/train/nlb_fall_000923.png,labels/train/nlb_fall_000923.txt,1,1,0,10,101402.0,"[""environment:rural"", ""light:auto_bright_dark"", ""light:natural"", ""light:uniform"", ""time_of_day:day"", ""track_layout:curve"", ""weather:cloudy""]"
nlb_fall_000924,924,3,train,usable,,images/nlb_fall_000924.png,annotations/nlb_fall_000924.json,masks/nlb_fall_000924.png,all_tracks,images/train/nlb_fall_000924.png,labels/train/nlb_fall_000924.txt,1,1,0,12,101283.0,"[""environment:rural"", ""light:auto_bright_dark"", ""light:natural"", ""light:uniform"", ""time_of_day:day"", ""track_layout:curve"", ""weather:cloudy""]"
nlb_fall_000925,925,3,train,usable,,images/nlb_fall_000925.png,annotations/nlb_fall_000925.json,masks/nlb_fall_000925.png,all_tracks,images/train/nlb_fall_000925.png,labels/train/nlb_fall_000925.txt,1,1,0,12,101291.0,"[""environment:rural"", ""light:auto_bright_dark"", ""light:natural"", ""light:uniform"", ""time_of_day:day"", ""track_layout:curve"", ""weather:cloudy""]"
nlb_fall_000926,926,3,train,usable,,images/nlb_fall_000926.png,annotations/nlb_fall_000926.json,masks/nlb_fall_000926.png,all_tracks,images/train/nlb_fall_000926.png,labels/train/nlb_fall_000926.txt,1,1,0,12,100809.5,"[""environment:rural"", ""light:auto_bright_dark"", ""light:natural"", ""light:uniform"", ""time_of_day:day"", ""track_layout:curve"", ""weather:cloudy""]"
nlb_fall_000927,927,3,train,usable,,images/nlb_fall_000927.png,annotations/nlb_fall_000927.json,masks/nlb_fall_000927.png,all_tracks,images/train/nlb_fall_000927.png,labels/train/nlb_fall_000927.txt,1,1,0,12,100700.5,"[""environment:rural"", ""light:auto_bright_dark"", ""light:natural"", ""light:uniform"", ""time_of_day:day"", ""track_layout:curve"", ""weather:cloudy""]"
nlb_fall_000928,928,3,train,usable,,images/nlb_fall_000928.png,annotations/nlb_fall_000928.json,masks/nlb_fall_000928.png,all_tracks,images/train/nlb_fall_000928.png,labels/train/nlb_fall_000928.txt,1,1,0,10,102172.0,"[""environment:rural"", ""light:auto_bright_dark"", ""light:natural"", ""light:uniform"", ""time_of_day:day"", ""track_layout:curve"", ""weather:cloudy""]"
nlb_fall_000929,929,3,train,usable,,images/nlb_fall_000929.png,annotations/nlb_fall_000929.json,masks/nlb_fall_000929.png,all_tracks,images/train/nlb_fall_000929.png,labels/train/nlb_fall_000929.txt,1,1,0,10,101410.0,"[""environment:rural"", ""light:auto_bright_dark"", ""light:natural"", ""light:uniform"", ""time_of_day:day"", ""track_layout:straight"", ""weather:cloudy""]"
nlb_fall_000930,930,3,train,usable,,images/nlb_fall_000930.png,annotations/nlb_fall_000930.json,masks/nlb_fall_000930.png,all_tracks,images/train/nlb_fall_000930.png,labels/train/nlb_fall_000930.txt,1,1,0,8,100296.5,"[""environment:rural"", ""light:auto_bright_dark"", ""light:natural"", ""light:uniform"", ""time_of_day:day"", ""track_layout:straight"", ""weather:cloudy""]"
nlb_fall_000931,931,3,train,usable,,images/nlb_fall_000931.png,annotations/nlb_fall_000931.json,masks/nlb_fall_000931.png,all_tracks,images/train/nlb_fall_000931.png,labels/train/nlb_fall_000931.txt,1,1,0,6,104434.5,"[""environment:rural"", ""light:auto_bright_dark"", ""light:natural"", ""light:uniform"", ""time_of_day:day"", ""track_layout:straight"", ""weather:cloudy""]"
nlb_fall_000932,932,3,train,usable,,images/nlb_fall_000932.png,annotations/nlb_fall_000932.json,masks/nlb_fall_000932.png,all_tracks,images/train/nlb_fall_000932.png,labels/train/nlb_fall_000932.txt,1,1,0,10,101851.0,"[""environment:rural"", ""light:auto_bright_dark"", ""light:natural"", ""light:uniform"", ""time_of_day:day"", ""track_layout:curve"", ""weather:cloudy""]"
nlb_fall_000933,933,3,train,usable,,images/nlb_fall_000933.png,annotations/nlb_fall_000933.json,masks/nlb_fall_000933.png,all_tracks,images/train/nlb_fall_000933.png,labels/train/nlb_fall_000933.txt,1,1,0,10,103398.0,"[""environment:rural"", ""light:auto_bright_dark"", ""light:natural"", ""light:uniform"", ""time_of_day:day"", ""track_layout:curve"", ""weather:cloudy""]"
nlb_fall_000934,934,3,train,usable,,images/nlb_fall_000934.png,annotations/nlb_fall_000934.json,masks/nlb_fall_000934.png,all_tracks,images/train/nlb_fall_000934.png,labels/train/nlb_fall_000934.txt,1,1,0,10,102734.0,"[""environment:rural"", ""light:auto_bright_dark"", ""light:natural"", ""light:uniform"", ""time_of_day:day"", ""track_layout:curve"", ""weather:cloudy""]"
nlb_fall_000935,935,3,train,usable,,images/nlb_fall_000935.png,annotations/nlb_fall_000935.json,masks/nlb_fall_000935.png,all_tracks,images/train/nlb_fall_000935.png,labels/train/nlb_fall_000935.txt,1,1,0,12,102860.0,"[""environment:rural"", ""light:auto_bright_dark"", ""light:natural"", ""light:uniform"", ""time_of_day:day"", ""track_layout:curve"", ""weather:cloudy""]"
nlb_fall_000936,936,3,train,usable,,images/nlb_fall_000936.png,annotations/nlb_fall_000936.json,masks/nlb_fall_000936.png,all_tracks,images/train/nlb_fall_000936.png,labels/train/nlb_fall_000936.txt,1,1,0,14,101901.0,"[""environment:rural"", ""light:auto_bright_dark"", ""light:natural"", ""light:uniform"", ""time_of_day:day"", ""track_layout:curve"", ""weather:cloudy""]"
nlb_fall_000937,937,3,train,usable,,images/nlb_fall_000937.png,annotations/nlb_fall_000937.json,masks/nlb_fall_000937.png,all_tracks,images/train/nlb_fall_000937.png,labels/train/nlb_fall_000937.txt,1,1,0,12,101288.5,"[""environment:rural"", ""light:auto_bright_dark"", ""light:natural"", ""light:uniform"", ""time_of_day:day"", ""track_layout:curve"", ""weather:cloudy""]"
nlb_fall_000938,938,3,train,usable,,images/nlb_fall_000938.png,annotations/nlb_fall_000938.json,masks/nlb_fall_000938.png,all_tracks,images/train/nlb_fall_000938.png,labels/train/nlb_fall_000938.txt,1,1,0,10,99927.0,"[""environment:rural"", ""light:auto_bright_dark"", ""light:natural"", ""light:uniform"", ""time_of_day:day"", ""track_layout:curve"", ""weather:cloudy""]"
nlb_fall_000939,939,3,train,usable,,images/nlb_fall_000939.png,annotations/nlb_fall_000939.json,masks/nlb_fall_000939.png,all_tracks,images/train/nlb_fall_000939.png,labels/train/nlb_fall_000939.txt,1,1,0,12,103190.5,"[""environment:rural"", ""light:auto_bright_dark"", ""light:natural"", ""light:uniform"", ""time_of_day:day"", ""track_layout:curve"", ""weather:cloudy""]"
nlb_fall_000940,940,3,train,usable,,images/nlb_fall_000940.png,annotations/nlb_fall_000940.json,masks/nlb_fall_000940.png,all_tracks,images/train/nlb_fall_000940.png,labels/train/nlb_fall_000940.txt,1,2,1,10,101654.0,"[""environment:rural"", ""light:auto_bright_dark"", ""light:natural"", ""light:uniform"", ""time_of_day:day"", ""track_layout:straight"", ""weather:cloudy""]"
nlb_fall_000941,941,3,train,usable,,images/nlb_fall_000941.png,annotations/nlb_fall_000941.json,masks/nlb_fall_000941.png,all_tracks,images/train/nlb_fall_000941.png,labels/train/nlb_fall_000941.txt,1,1,0,6,99356.0,"[""environment:rural"", ""light:auto_bright_dark"", ""light:natural"", ""light:uniform"", ""time_of_day:day"", ""track_layout:straight"", ""weather:cloudy""]"
nlb_fall_000942,942,3,train,usable,,images/nlb_fall_000942.png,annotations/nlb_fall_000942.json,masks/nlb_fall_000942.png,all_tracks,images/train/nlb_fall_000942.png,labels/train/nlb_fall_000942.txt,1,1,0,8,99977.0,"[""environment:rural"", ""environment:urban"", ""light:auto_bright_dark"", ""light:natural"", ""light:uniform"", ""time_of_day:day"", ""track_layout:straight"", ""weather:cloudy""]"
nlb_fall_000943,943,3,train,usable,,images/nlb_fall_000943.png,annotations/nlb_fall_000943.json,masks/nlb_fall_000943.png,all_tracks,images/train/nlb_fall_000943.png,labels/train/nlb_fall_000943.txt,1,2,1,10,98977.0,"[""environment:rural"", ""environment:urban"", ""light:auto_bright_dark"", ""light:natural"", ""light:uniform"", ""time_of_day:day"", ""track_layout:straight"", ""weather:cloudy""]"
nlb_fall_000944,944,3,train,usable,,images/nlb_fall_000944.png,annotations/nlb_fall_000944.json,masks/nlb_fall_000944.png,all_tracks,images/train/nlb_fall_000944.png,labels/train/nlb_fall_000944.txt,1,3,0,10,100427.5,"[""environment:rural"", ""environment:station"", ""light:auto_bright_dark"", ""light:natural"", ""light:uniform"", ""time_of_day:day"", ""track_layout:straight"", ""weather:cloudy""]"
nlb_fall_000945,945,3,train,usable,,images/nlb_fall_000945.png,annotations/nlb_fall_000945.json,masks/nlb_fall_000945.png,all_tracks,images/train/nlb_fall_000945.png,labels/train/nlb_fall_000945.txt,1,3,0,14,101743.0,"[""environment:rural"", ""light:auto_bright_dark"", ""light:natural"", ""light:uniform"", ""time_of_day:day"", ""track_layout:straight"", ""weather:cloudy""]"
nlb_fall_000946,946,3,train,usable,,images/nlb_fall_000946.png,annotations/nlb_fall_000946.json,masks/nlb_fall_000946.png,all_tracks,images/train/nlb_fall_000946.png,labels/train/nlb_fall_000946.txt,1,3,1,8,100512.0,"[""environment:rural"", ""light:auto_bright_dark"", ""light:natural"", ""light:uniform"", ""time_of_day:day"", ""track_layout:straight"", ""weather:cloudy""]"
nlb_fall_000947,947,3,train,usable,,images/nlb_fall_000947.png,annotations/nlb_fall_000947.json,masks/nlb_fall_000947.png,all_tracks,images/train/nlb_fall_000947.png,labels/train/nlb_fall_000947.txt,1,2,0,10,100874.0,"[""environment:rural"", ""light:auto_bright_dark"", ""light:natural"", ""light:uniform"", ""time_of_day:day"", ""track_layout:curve"", ""weather:cloudy""]"
nlb_fall_000948,948,3,train,usable,,images/nlb_fall_000948.png,annotations/nlb_fall_000948.json,masks/nlb_fall_000948.png,all_tracks,images/train/nlb_fall_000948.png,labels/train/nlb_fall_000948.txt,1,2,1,10,101557.5,"[""environment:rural"", ""light:auto_bright_dark"", ""light:natural"", ""light:uniform"", ""time_of_day:day"", ""track_layout:curve"", ""weather:cloudy""]"
nlb_fall_000949,949,3,train,usable,,images/nlb_fall_000949.png,annotations/nlb_fall_000949.json,masks/nlb_fall_000949.png,all_tracks,images/train/nlb_fall_000949.png,labels/train/nlb_fall_000949.txt,1,1,0,10,102317.0,"[""environment:rural"", ""light:auto_bright_dark"", ""light:natural"", ""light:uniform"", ""time_of_day:day"", ""track_layout:curve"", ""weather:cloudy""]"
nlb_fall_000950,950,3,train,usable,,images/nlb_fall_000950.png,annotations/nlb_fall_000950.json,masks/nlb_fall_000950.png,all_tracks,images/train/nlb_fall_000950.png,labels/train/nlb_fall_000950.txt,1,1,0,12,100808.5,"[""environment:rural"", ""light:auto_bright_dark"", ""light:natural"", ""light:uniform"", ""time_of_day:day"", ""track_layout:curve"", ""weather:cloudy""]"
nlb_fall_000951,951,3,train,usable,,images/nlb_fall_000951.png,annotations/nlb_fall_000951.json,masks/nlb_fall_000951.png,all_tracks,images/train/nlb_fall_000951.png,labels/train/nlb_fall_000951.txt,1,1,0,14,105745.0,"[""environment:rural"", ""light:auto_bright_dark"", ""light:natural"", ""light:uniform"", ""time_of_day:day"", ""track_layout:curve"", ""weather:cloudy""]"
nlb_fall_000952,952,3,train,usable,,images/nlb_fall_000952.png,annotations/nlb_fall_000952.json,masks/nlb_fall_000952.png,all_tracks,images/train/nlb_fall_000952.png,labels/train/nlb_fall_000952.txt,1,1,0,14,105141.0,"[""environment:rural"", ""light:auto_bright_dark"", ""light:natural"", ""light:uniform"", ""time_of_day:day"", ""track_layout:curve"", ""weather:cloudy""]"
nlb_fall_000953,953,3,train,usable,,images/nlb_fall_000953.png,annotations/nlb_fall_000953.json,masks/nlb_fall_000953.png,all_tracks,images/train/nlb_fall_000953.png,labels/train/nlb_fall_000953.txt,1,1,0,10,104713.0,"[""environment:rural"", ""light:auto_bright_dark"", ""light:natural"", ""light:uniform"", ""time_of_day:day"", ""track_layout:curve"", ""weather:cloudy""]"
nlb_fall_000954,954,3,train,usable,,images/nlb_fall_000954.png,annotations/nlb_fall_000954.json,masks/nlb_fall_000954.png,all_tracks,images/train/nlb_fall_000954.png,labels/train/nlb_fall_000954.txt,1,1,0,12,102528.0,"[""environment:rural"", ""light:auto_bright_dark"", ""light:natural"", ""light:uniform"", ""time_of_day:day"", ""track_layout:curve"", ""weather:cloudy""]"
nlb_fall_000955,955,3,train,usable,,images/nlb_fall_000955.png,annotations/nlb_fall_000955.json,masks/nlb_fall_000955.png,all_tracks,images/train/nlb_fall_000955.png,labels/train/nlb_fall_000955.txt,1,1,0,12,106266.5,"[""environment:rural"", ""light:auto_bright_dark"", ""light:natural"", ""light:uniform"", ""time_of_day:day"", ""track_layout:curve"", ""weather:cloudy""]"
nlb_fall_000956,956,3,train,usable,,images/nlb_fall_000956.png,annotations/nlb_fall_000956.json,masks/nlb_fall_000956.png,all_tracks,images/train/nlb_fall_000956.png,labels/train/nlb_fall_000956.txt,1,1,0,10,100727.0,"[""environment:rural"", ""light:auto_bright_dark"", ""light:dark"", ""light:natural"", ""light:uniform"", ""time_of_day:day"", ""track_layout:curve"", ""weather:cloudy""]"
nlb_fall_000957,957,3,train,usable,,images/nlb_fall_000957.png,annotations/nlb_fall_000957.json,masks/nlb_fall_000957.png,all_tracks,images/train/nlb_fall_000957.png,labels/train/nlb_fall_000957.txt,1,1,0,16,104551.5,"[""environment:rural"", ""light:auto_bright_dark"", ""light:natural"", ""light:uniform"", ""time_of_day:day"", ""track_layout:curve"", ""weather:cloudy""]"
nlb_fall_000958,958,3,train,usable,,images/nlb_fall_000958.png,annotations/nlb_fall_000958.json,masks/nlb_fall_000958.png,all_tracks,images/train/nlb_fall_000958.png,labels/train/nlb_fall_000958.txt,1,1,0,12,99058.0,"[""environment:rural"", ""light:auto_bright_dark"", ""light:natural"", ""light:uniform"", ""time_of_day:day"", ""track_layout:curve"", ""weather:cloudy""]"
nlb_fall_000959,959,3,train,usable,,images/nlb_fall_000959.png,annotations/nlb_fall_000959.json,masks/nlb_fall_000959.png,all_tracks,images/train/nlb_fall_000959.png,labels/train/nlb_fall_000959.txt,1,1,0,12,99847.0,"[""environment:rural"", ""light:auto_bright_dark"", ""light:natural"", ""light:uniform"", ""time_of_day:day"", ""track_layout:curve"", ""weather:cloudy""]"
nlb_fall_000960,960,3,train,usable,,images/nlb_fall_000960.png,annotations/nlb_fall_000960.json,masks/nlb_fall_000960.png,all_tracks,images/train/nlb_fall_000960.png,labels/train/nlb_fall_000960.txt,1,1,0,12,100262.5,"[""environment:rural"", ""light:auto_bright_dark"", ""light:dark"", ""light:natural"", ""light:uniform"", ""time_of_day:day"", ""track_layout:curve"", ""weather:cloudy""]"
nlb_fall_000961,961,3,train,usable,,images/nlb_fall_000961.png,annotations/nlb_fall_000961.json,masks/nlb_fall_000961.png,all_tracks,images/train/nlb_fall_000961.png,labels/train/nlb_fall_000961.txt,1,1,0,12,100131.5,"[""environment:rural"", ""light:auto_bright_dark"", ""light:natural"", ""light:uniform"", ""time_of_day:day"", ""track_layout:curve"", ""weather:cloudy""]"
nlb_fall_000962,962,3,train,usable,,images/nlb_fall_000962.png,annotations/nlb_fall_000962.json,masks/nlb_fall_000962.png,all_tracks,images/train/nlb_fall_000962.png,labels/train/nlb_fall_000962.txt,1,1,0,8,100532.0,"[""environment:rural"", ""light:auto_bright_dark"", ""light:natural"", ""light:uniform"", ""time_of_day:day"", ""track_layout:curve"", ""weather:cloudy""]"
nlb_fall_000963,963,3,train,usable,,images/nlb_fall_000963.png,annotations/nlb_fall_000963.json,masks/nlb_fall_000963.png,all_tracks,images/train/nlb_fall_000963.png,labels/train/nlb_fall_000963.txt,1,1,0,12,100716.5,"[""environment:rural"", ""light:auto_bright_dark"", ""light:natural"", ""light:uniform"", ""time_of_day:day"", ""track_layout:curve"", ""weather:cloudy""]"
nlb_fall_000964,964,3,train,usable,,images/nlb_fall_000964.png,annotations/nlb_fall_000964.json,masks/nlb_fall_000964.png,all_tracks,images/train/nlb_fall_000964.png,labels/train/nlb_fall_000964.txt,1,1,0,12,99909.5,"[""environment:rural"", ""light:auto_bright_dark"", ""light:natural"", ""light:uniform"", ""time_of_day:day"", ""track_layout:curve"", ""weather:cloudy""]"
nlb_fall_000965,965,3,train,usable,,images/nlb_fall_000965.png,annotations/nlb_fall_000965.json,masks/nlb_fall_000965.png,all_tracks,images/train/nlb_fall_000965.png,labels/train/nlb_fall_000965.txt,1,1,0,12,101764.5,"[""environment:rural"", ""light:auto_bright_dark"", ""light:natural"", ""light:uniform"", ""time_of_day:day"", ""track_layout:curve"", ""weather:cloudy""]"
nlb_fall_000966,966,3,train,usable,,images/nlb_fall_000966.png,annotations/nlb_fall_000966.json,masks/nlb_fall_000966.png,all_tracks,images/train/nlb_fall_000966.png,labels/train/nlb_fall_000966.txt,1,1,0,10,100617.0,"[""environment:rural"", ""light:auto_bright_dark"", ""light:natural"", ""light:uniform"", ""time_of_day:day"", ""track_layout:curve"", ""weather:cloudy""]"
nlb_fall_000967,967,3,train,usable,,images/nlb_fall_000967.png,annotations/nlb_fall_000967.json,masks/nlb_fall_000967.png,all_tracks,images/train/nlb_fall_000967.png,labels/train/nlb_fall_000967.txt,1,1,0,10,99957.5,"[""environment:rural"", ""light:auto_bright_dark"", ""light:natural"", ""light:uniform"", ""time_of_day:day"", ""track_layout:curve"", ""weather:cloudy""]"
nlb_fall_000968,968,3,train,usable,,images/nlb_fall_000968.png,annotations/nlb_fall_000968.json,masks/nlb_fall_000968.png,all_tracks,images/train/nlb_fall_000968.png,labels/train/nlb_fall_000968.txt,1,1,0,10,101950.0,"[""environment:rural"", ""light:auto_bright_dark"", ""light:natural"", ""light:uniform"", ""time_of_day:day"", ""track_layout:curve"", ""weather:cloudy""]"
nlb_fall_000969,969,3,train,usable,,images/nlb_fall_000969.png,annotations/nlb_fall_000969.json,masks/nlb_fall_000969.png,all_tracks,images/train/nlb_fall_000969.png,labels/train/nlb_fall_000969.txt,1,1,0,10,102158.5,"[""environment:rural"", ""light:auto_bright_dark"", ""light:natural"", ""light:uniform"", ""time_of_day:day"", ""track_layout:curve"", ""weather:cloudy""]"
nlb_fall_000970,970,3,train,usable,,images/nlb_fall_000970.png,annotations/nlb_fall_000970.json,masks/nlb_fall_000970.png,all_tracks,images/train/nlb_fall_000970.png,labels/train/nlb_fall_000970.txt,1,1,0,14,106258.0,"[""environment:rural"", ""light:auto_bright_dark"", ""light:natural"", ""light:uniform"", ""time_of_day:day"", ""track_layout:curve"", ""weather:cloudy""]"
nlb_fall_000971,971,3,train,usable,,images/nlb_fall_000971.png,annotations/nlb_fall_000971.json,masks/nlb_fall_000971.png,all_tracks,images/train/nlb_fall_000971.png,labels/train/nlb_fall_000971.txt,1,1,0,10,107054.5,"[""environment:rural"", ""light:auto_bright_dark"", ""light:natural"", ""light:uniform"", ""time_of_day:day"", ""track_layout:curve"", ""weather:cloudy""]"
nlb_fall_000972,972,3,train,usable,,images/nlb_fall_000972.png,annotations/nlb_fall_000972.json,masks/nlb_fall_000972.png,all_tracks,images/train/nlb_fall_000972.png,labels/train/nlb_fall_000972.txt,1,1,0,10,103390.5,"[""environment:rural"", ""light:auto_bright_dark"", ""light:natural"", ""light:uniform"", ""time_of_day:day"", ""track_layout:curve"", ""weather:cloudy""]"
nlb_fall_000973,973,3,train,usable,,images/nlb_fall_000973.png,annotations/nlb_fall_000973.json,masks/nlb_fall_000973.png,all_tracks,images/train/nlb_fall_000973.png,labels/train/nlb_fall_000973.txt,1,1,0,18,103223.5,"[""environment:rural"", ""light:auto_bright_dark"", ""light:natural"", ""light:uniform"", ""time_of_day:day"", ""track_layout:curve"", ""weather:cloudy""]"
nlb_fall_000974,974,3,train,usable,,images/nlb_fall_000974.png,annotations/nlb_fall_000974.json,masks/nlb_fall_000974.png,all_tracks,images/train/nlb_fall_000974.png,labels/train/nlb_fall_000974.txt,1,1,0,14,102354.5,"[""environment:rural"", ""light:auto_bright_dark"", ""light:natural"", ""light:uniform"", ""time_of_day:day"", ""track_layout:curve"", ""weather:cloudy""]"
nlb_fall_000975,975,3,train,usable,,images/nlb_fall_000975.png,annotations/nlb_fall_000975.json,masks/nlb_fall_000975.png,all_tracks,images/train/nlb_fall_000975.png,labels/train/nlb_fall_000975.txt,1,1,0,16,102414.5,"[""environment:rural"", ""light:auto_bright_dark"", ""light:natural"", ""light:uniform"", ""time_of_day:day"", ""track_layout:curve"", ""weather:cloudy""]"
nlb_fall_000976,976,3,train,usable,,images/nlb_fall_000976.png,annotations/nlb_fall_000976.json,masks/nlb_fall_000976.png,all_tracks,images/train/nlb_fall_000976.png,labels/train/nlb_fall_000976.txt,1,1,0,10,99869.5,"[""environment:rural"", ""light:auto_bright_dark"", ""light:natural"", ""light:uniform"", ""time_of_day:day"", ""track_layout:curve"", ""weather:cloudy""]"
nlb_fall_000977,977,3,train,usable,,images/nlb_fall_000977.png,annotations/nlb_fall_000977.json,masks/nlb_fall_000977.png,all_tracks,images/train/nlb_fall_000977.png,labels/train/nlb_fall_000977.txt,1,1,0,12,101212.0,"[""environment:rural"", ""light:auto_bright_dark"", ""light:natural"", ""light:uniform"", ""time_of_day:day"", ""track_layout:curve"", ""weather:cloudy""]"
nlb_fall_000978,978,3,train,usable,,images/nlb_fall_000978.png,annotations/nlb_fall_000978.json,masks/nlb_fall_000978.png,all_tracks,images/train/nlb_fall_000978.png,labels/train/nlb_fall_000978.txt,1,1,0,12,103544.0,"[""environment:rural"", ""light:auto_bright_dark"", ""light:natural"", ""light:uniform"", ""time_of_day:day"", ""track_layout:curve"", ""weather:cloudy""]"
nlb_fall_000979,979,3,train,usable,,images/nlb_fall_000979.png,annotations/nlb_fall_000979.json,masks/nlb_fall_000979.png,all_tracks,images/train/nlb_fall_000979.png,labels/train/nlb_fall_000979.txt,1,1,0,12,102247.0,"[""environment:rural"", ""light:auto_bright_dark"", ""light:natural"", ""light:uniform"", ""time_of_day:day"", ""track_layout:curve"", ""weather:cloudy""]"
nlb_fall_000980,980,3,train,usable,,images/nlb_fall_000980.png,annotations/nlb_fall_000980.json,masks/nlb_fall_000980.png,all_tracks,images/train/nlb_fall_000980.png,labels/train/nlb_fall_000980.txt,1,1,0,12,102206.0,"[""environment:rural"", ""light:auto_bright_dark"", ""light:natural"", ""light:uniform"", ""time_of_day:day"", ""track_layout:curve"", ""weather:cloudy""]"
nlb_fall_000981,981,3,train,usable,,images/nlb_fall_000981.png,annotations/nlb_fall_000981.json,masks/nlb_fall_000981.png,all_tracks,images/train/nlb_fall_000981.png,labels/train/nlb_fall_000981.txt,1,1,0,14,98660.5,"[""environment:rural"", ""light:auto_bright_dark"", ""light:natural"", ""light:uniform"", ""time_of_day:day"", ""track_layout:curve"", ""weather:cloudy""]"
nlb_fall_000982,982,3,train,usable,,images/nlb_fall_000982.png,annotations/nlb_fall_000982.json,masks/nlb_fall_000982.png,all_tracks,images/train/nlb_fall_000982.png,labels/train/nlb_fall_000982.txt,1,1,0,16,101262.0,"[""environment:rural"", ""light:auto_bright_dark"", ""light:dark"", ""light:natural"", ""light:uniform"", ""time_of_day:day"", ""track_layout:curve"", ""weather:cloudy""]"
nlb_fall_000983,983,3,train,usable,,images/nlb_fall_000983.png,annotations/nlb_fall_000983.json,masks/nlb_fall_000983.png,all_tracks,images/train/nlb_fall_000983.png,labels/train/nlb_fall_000983.txt,1,1,0,10,99616.5,"[""environment:rural"", ""light:auto_bright_dark"", ""light:dark"", ""light:natural"", ""light:uniform"", ""time_of_day:day"", ""track_layout:curve"", ""weather:cloudy""]"
nlb_fall_000984,984,3,train,usable,,images/nlb_fall_000984.png,annotations/nlb_fall_000984.json,masks/nlb_fall_000984.png,all_tracks,images/train/nlb_fall_000984.png,labels/train/nlb_fall_000984.txt,1,1,0,12,102340.5,"[""environment:rural"", ""light:auto_bright_dark"", ""light:natural"", ""light:uniform"", ""time_of_day:day"", ""track_layout:curve"", ""weather:cloudy""]"
nlb_fall_000985,985,3,train,usable,,images/nlb_fall_000985.png,annotations/nlb_fall_000985.json,masks/nlb_fall_000985.png,all_tracks,images/train/nlb_fall_000985.png,labels/train/nlb_fall_000985.txt,1,1,0,10,101270.5,"[""environment:rural"", ""light:auto_bright_dark"", ""light:dark"", ""light:natural"", ""light:uniform"", ""time_of_day:day"", ""track_layout:curve"", ""weather:cloudy""]"
nlb_fall_000986,986,3,train,usable,,images/nlb_fall_000986.png,annotations/nlb_fall_000986.json,masks/nlb_fall_000986.png,all_tracks,images/train/nlb_fall_000986.png,labels/train/nlb_fall_000986.txt,1,1,0,12,104856.0,"[""environment:rural"", ""light:auto_bright_dark"", ""light:natural"", ""light:uniform"", ""time_of_day:day"", ""track_layout:curve"", ""weather:cloudy""]"
nlb_fall_000987,987,3,train,usable,,images/nlb_fall_000987.png,annotations/nlb_fall_000987.json,masks/nlb_fall_000987.png,all_tracks,images/train/nlb_fall_000987.png,labels/train/nlb_fall_000987.txt,1,1,0,16,103691.0,"[""environment:rural"", ""light:auto_bright_dark"", ""light:natural"", ""light:uniform"", ""time_of_day:day"", ""track_layout:curve"", ""weather:cloudy""]"
nlb_fall_000988,988,3,train,usable,,images/nlb_fall_000988.png,annotations/nlb_fall_000988.json,masks/nlb_fall_000988.png,all_tracks,images/train/nlb_fall_000988.png,labels/train/nlb_fall_000988.txt,1,1,0,12,100641.5,"[""environment:rural"", ""light:auto_bright_dark"", ""light:natural"", ""light:uniform"", ""time_of_day:day"", ""track_layout:curve"", ""weather:cloudy""]"
nlb_fall_000989,989,3,train,usable,,images/nlb_fall_000989.png,annotations/nlb_fall_000989.json,masks/nlb_fall_000989.png,all_tracks,images/train/nlb_fall_000989.png,labels/train/nlb_fall_000989.txt,1,1,0,10,102804.0,"[""environment:rural"", ""light:auto_bright_dark"", ""light:natural"", ""light:uniform"", ""time_of_day:day"", ""track_layout:curve"", ""weather:cloudy""]"
nlb_fall_000990,990,3,train,usable,,images/nlb_fall_000990.png,annotations/nlb_fall_000990.json,masks/nlb_fall_000990.png,all_tracks,images/train/nlb_fall_000990.png,labels/train/nlb_fall_000990.txt,1,1,0,18,101500.0,"[""environment:rural"", ""light:auto_bright_dark"", ""light:dark"", ""light:natural"", ""light:uniform"", ""time_of_day:day"", ""track_layout:curve"", ""weather:cloudy""]"
nlb_fall_000991,991,3,train,usable,,images/nlb_fall_000991.png,annotations/nlb_fall_000991.json,masks/nlb_fall_000991.png,all_tracks,images/train/nlb_fall_000991.png,labels/train/nlb_fall_000991.txt,1,1,0,10,100400.0,"[""environment:rural"", ""light:auto_bright_dark"", ""light:natural"", ""light:uniform"", ""time_of_day:day"", ""track_layout:curve"", ""weather:cloudy""]"
nlb_fall_000992,992,3,train,usable,,images/nlb_fall_000992.png,annotations/nlb_fall_000992.json,masks/nlb_fall_000992.png,all_tracks,images/train/nlb_fall_000992.png,labels/train/nlb_fall_000992.txt,1,1,0,10,103900.5,"[""environment:rural"", ""light:auto_bright_dark"", ""light:natural"", ""light:uniform"", ""time_of_day:day"", ""track_layout:curve"", ""weather:cloudy""]"
nlb_fall_000993,993,3,train,usable,,images/nlb_fall_000993.png,annotations/nlb_fall_000993.json,masks/nlb_fall_000993.png,all_tracks,images/train/nlb_fall_000993.png,labels/train/nlb_fall_000993.txt,1,1,0,14,105416.0,"[""environment:rural"", ""light:auto_bright_dark"", ""light:dark"", ""light:natural"", ""light:uniform"", ""time_of_day:day"", ""track_layout:curve"", ""weather:cloudy""]"
nlb_fall_000994,994,3,train,usable,,images/nlb_fall_000994.png,annotations/nlb_fall_000994.json,masks/nlb_fall_000994.png,all_tracks,images/train/nlb_fall_000994.png,labels/train/nlb_fall_000994.txt,1,1,0,8,106933.5,"[""environment:rural"", ""light:auto_bright_dark"", ""light:natural"", ""light:uniform"", ""time_of_day:day"", ""track_layout:curve"", ""weather:cloudy""]"
nlb_fall_000995,995,3,train,usable,,images/nlb_fall_000995.png,annotations/nlb_fall_000995.json,masks/nlb_fall_000995.png,all_tracks,images/train/nlb_fall_000995.png,labels/train/nlb_fall_000995.txt,1,1,0,8,101249.5,"[""environment:rural"", ""light:auto_bright_dark"", ""light:natural"", ""light:uniform"", ""time_of_day:day"", ""track_layout:straight"", ""weather:cloudy""]"
nlb_fall_000996,996,3,train,usable,,images/nlb_fall_000996.png,annotations/nlb_fall_000996.json,masks/nlb_fall_000996.png,all_tracks,images/train/nlb_fall_000996.png,labels/train/nlb_fall_000996.txt,1,1,0,8,100531.5,"[""environment:rural"", ""light:auto_bright_dark"", ""light:natural"", ""light:uniform"", ""time_of_day:day"", ""track_layout:straight"", ""weather:cloudy""]"
nlb_fall_000997,997,3,train,usable,,images/nlb_fall_000997.png,annotations/nlb_fall_000997.json,masks/nlb_fall_000997.png,all_tracks,images/train/nlb_fall_000997.png,labels/train/nlb_fall_000997.txt,1,1,0,10,102321.0,"[""environment:rural"", ""light:auto_bright_dark"", ""light:natural"", ""light:uniform"", ""time_of_day:day"", ""track_layout:straight"", ""weather:cloudy""]"
nlb_fall_000998,998,3,train,usable,,images/nlb_fall_000998.png,annotations/nlb_fall_000998.json,masks/nlb_fall_000998.png,all_tracks,images/train/nlb_fall_000998.png,labels/train/nlb_fall_000998.txt,1,1,0,12,101212.5,"[""environment:rural"", ""light:auto_bright_dark"", ""light:natural"", ""light:uniform"", ""time_of_day:day"", ""track_layout:curve"", ""weather:cloudy""]"
nlb_fall_000999,999,3,train,usable,,images/nlb_fall_000999.png,annotations/nlb_fall_000999.json,masks/nlb_fall_000999.png,all_tracks,images/train/nlb_fall_000999.png,labels/train/nlb_fall_000999.txt,1,1,0,14,103612.5,"[""environment:rural"", ""light:auto_bright_dark"", ""light:natural"", ""light:uniform"", ""time_of_day:day"", ""track_layout:curve"", ""weather:cloudy""]"
nlb_fall_001000,1000,4,train,usable,,images/nlb_fall_001000.png,annotations/nlb_fall_001000.json,masks/nlb_fall_001000.png,all_tracks,images/train/nlb_fall_001000.png,labels/train/nlb_fall_001000.txt,1,1,0,14,105948.5,"[""environment:urban"", ""light:auto_bright_dark"", ""light:natural"", ""light:uniform"", ""time_of_day:day"", ""track_layout:curve"", ""weather:cloudy""]"
nlb_fall_001001,1001,4,train,usable,,images/nlb_fall_001001.png,annotations/nlb_fall_001001.json,masks/nlb_fall_001001.png,all_tracks,images/train/nlb_fall_001001.png,labels/train/nlb_fall_001001.txt,1,1,0,12,103274.5,"[""environment:rural"", ""environment:urban"", ""light:auto_bright_dark"", ""light:natural"", ""light:uniform"", ""time_of_day:day"", ""track_layout:curve"", ""weather:cloudy""]"
nlb_fall_001002,1002,4,train,usable,,images/nlb_fall_001002.png,annotations/nlb_fall_001002.json,masks/nlb_fall_001002.png,all_tracks,images/train/nlb_fall_001002.png,labels/train/nlb_fall_001002.txt,1,1,0,20,103821.0,"[""environment:rural"", ""environment:urban"", ""light:auto_bright_dark"", ""light:dark"", ""light:natural"", ""light:uniform"", ""time_of_day:day"", ""track_layout:curve"", ""weather:cloudy""]"
nlb_fall_001003,1003,4,train,usable,,images/nlb_fall_001003.png,annotations/nlb_fall_001003.json,masks/nlb_fall_001003.png,all_tracks,images/train/nlb_fall_001003.png,labels/train/nlb_fall_001003.txt,1,4,2,8,101120.0,"[""environment:rural"", ""environment:urban"", ""light:auto_bright_dark"", ""light:natural"", ""light:uniform"", ""time_of_day:day"", ""track_layout:curve"", ""track_layout:straight"", ""weather:cloudy""]"
nlb_fall_001004,1004,4,train,usable,,images/nlb_fall_001004.png,annotations/nlb_fall_001004.json,masks/nlb_fall_001004.png,all_tracks,images/train/nlb_fall_001004.png,labels/train/nlb_fall_001004.txt,1,4,1,4,100762.0,"[""environment:rural"", ""environment:urban"", ""light:auto_bright_dark"", ""light:natural"", ""light:uniform"", ""time_of_day:day"", ""track_layout:curve"", ""track_layout:straight"", ""weather:cloudy""]"
nlb_fall_001005,1005,4,train,usable,,images/nlb_fall_001005.png,annotations/nlb_fall_001005.json,masks/nlb_fall_001005.png,all_tracks,images/train/nlb_fall_001005.png,labels/train/nlb_fall_001005.txt,1,4,0,8,101134.0,"[""environment:rural"", ""environment:urban"", ""light:auto_bright_dark"", ""light:natural"", ""light:uniform"", ""time_of_day:day"", ""track_layout:straight"", ""weather:cloudy""]"
nlb_fall_001006,1006,4,train,usable,,images/nlb_fall_001006.png,annotations/nlb_fall_001006.json,masks/nlb_fall_001006.png,all_tracks,images/train/nlb_fall_001006.png,labels/train/nlb_fall_001006.txt,1,4,0,16,100701.0,"[""environment:rural"", ""environment:station"", ""environment:urban"", ""light:auto_bright_dark"", ""light:natural"", ""light:uniform"", ""time_of_day:day"", ""track_layout:straight"", ""weather:cloudy""]"
nlb_fall_001007,1007,4,train,usable,,images/nlb_fall_001007.png,annotations/nlb_fall_001007.json,masks/nlb_fall_001007.png,all_tracks,images/train/nlb_fall_001007.png,labels/train/nlb_fall_001007.txt,1,4,0,14,100093.5,"[""environment:rural"", ""environment:station"", ""environment:urban"", ""light:auto_bright_dark"", ""light:natural"", ""light:uniform"", ""time_of_day:day"", ""track_layout:straight"", ""weather:cloudy""]"
nlb_fall_001008,1008,4,train,usable,,images/nlb_fall_001008.png,annotations/nlb_fall_001008.json,masks/nlb_fall_001008.png,all_tracks,images/train/nlb_fall_001008.png,labels/train/nlb_fall_001008.txt,1,4,0,14,100118.0,"[""environment:rural"", ""environment:station"", ""environment:urban"", ""light:auto_bright_dark"", ""light:natural"", ""light:uniform"", ""time_of_day:day"", ""track_layout:straight"", ""weather:cloudy""]"
nlb_fall_001009,1009,4,train,usable,,images/nlb_fall_001009.png,annotations/nlb_fall_001009.json,masks/nlb_fall_001009.png,all_tracks,images/train/nlb_fall_001009.png,labels/train/nlb_fall_001009.txt,1,4,0,12,101141.5,"[""environment:rural"", ""environment:station"", ""environment:urban"", ""light:auto_bright_dark"", ""light:natural"", ""light:uniform"", ""time_of_day:day"", ""track_layout:straight"", ""weather:cloudy""]"
nlb_fall_001010,1010,4,train,usable,,images/nlb_fall_001010.png,annotations/nlb_fall_001010.json,masks/nlb_fall_001010.png,all_tracks,images/train/nlb_fall_001010.png,labels/train/nlb_fall_001010.txt,1,4,0,16,100753.5,"[""environment:rural"", ""environment:station"", ""environment:urban"", ""light:auto_bright_dark"", ""light:natural"", ""light:uniform"", ""time_of_day:day"", ""track_layout:straight"", ""weather:cloudy""]"
nlb_fall_001011,1011,4,train,usable,,images/nlb_fall_001011.png,annotations/nlb_fall_001011.json,masks/nlb_fall_001011.png,all_tracks,images/train/nlb_fall_001011.png,labels/train/nlb_fall_001011.txt,1,4,1,20,101459.0,"[""environment:rural"", ""environment:station"", ""environment:urban"", ""light:auto_bright_dark"", ""light:natural"", ""light:uniform"", ""time_of_day:day"", ""track_layout:curve"", ""track_layout:straight"", ""weather:cloudy""]"
nlb_fall_001012,1012,4,train,usable,,images/nlb_fall_001012.png,annotations/nlb_fall_001012.json,masks/nlb_fall_001012.png,all_tracks,images/train/nlb_fall_001012.png,labels/train/nlb_fall_001012.txt,1,4,3,20,101304.5,"[""environment:rural"", ""environment:station"", ""environment:urban"", ""light:auto_bright_dark"", ""light:natural"", ""light:uniform"", ""time_of_day:day"", ""track_layout:curve"", ""track_layout:straight"", ""weather:cloudy""]"
nlb_fall_001013,1013,4,train,usable,,images/nlb_fall_001013.png,annotations/nlb_fall_001013.json,masks/nlb_fall_001013.png,all_tracks,images/train/nlb_fall_001013.png,labels/train/nlb_fall_001013.txt,1,4,3,14,100402.5,"[""environment:rural"", ""environment:station"", ""environment:urban"", ""light:auto_bright_dark"", ""light:natural"", ""light:uniform"", ""time_of_day:day"", ""track_layout:curve"", ""track_layout:straight"", ""weather:cloudy""]"
nlb_fall_001095,1095,4,train,usable,,images/nlb_fall_001095.png,annotations/nlb_fall_001095.json,masks/nlb_fall_001095.png,all_tracks,images/train/nlb_fall_001095.png,labels/train/nlb_fall_001095.txt,1,4,3,16,100412.5,"[""environment:rural"", ""environment:station"", ""environment:urban"", ""light:auto_bright_dark"", ""light:natural"", ""light:uniform"", ""time_of_day:day"", ""track_layout:curve"", ""track_layout:straight"", ""weather:cloudy""]"
nlb_fall_001096,1096,4,train,usable,,images/nlb_fall_001096.png,annotations/nlb_fall_001096.json,masks/nlb_fall_001096.png,all_tracks,images/train/nlb_fall_001096.png,labels/train/nlb_fall_001096.txt,1,4,2,26,100367.5,"[""environment:rural"", ""environment:urban"", ""light:auto_bright_dark"", ""light:natural"", ""light:uniform"", ""time_of_day:day"", ""track_layout:curve"", ""track_layout:straight"", ""weather:cloudy""]"
nlb_fall_001097,1097,4,train,usable,,images/nlb_fall_001097.png,annotations/nlb_fall_001097.json,masks/nlb_fall_001097.png,all_tracks,images/train/nlb_fall_001097.png,labels/train/nlb_fall_001097.txt,1,4,2,20,101633.5,"[""environment:rural"", ""environment:urban"", ""light:auto_bright_dark"", ""light:natural"", ""light:uniform"", ""time_of_day:day"", ""track_layout:curve"", ""track_layout:straight"", ""weather:cloudy""]"
nlb_fall_001098,1098,4,train,usable,,images/nlb_fall_001098.png,annotations/nlb_fall_001098.json,masks/nlb_fall_001098.png,all_tracks,images/train/nlb_fall_001098.png,labels/train/nlb_fall_001098.txt,1,3,1,20,101779.0,"[""environment:rural"", ""environment:urban"", ""light:auto_bright_dark"", ""light:natural"", ""light:uniform"", ""time_of_day:day"", ""track_layout:curve"", ""track_layout:straight"", ""weather:cloudy""]"
nlb_fall_001099,1099,4,train,usable,,images/nlb_fall_001099.png,annotations/nlb_fall_001099.json,masks/nlb_fall_001099.png,all_tracks,images/train/nlb_fall_001099.png,labels/train/nlb_fall_001099.txt,1,2,0,22,99462.5,"[""environment:rural"", ""environment:urban"", ""light:auto_bright_dark"", ""light:natural"", ""light:uniform"", ""time_of_day:day"", ""track_layout:parallel structures"", ""track_layout:straight"", ""weather:cloudy""]"
nlb_fall_001100,1100,4,train,usable,,images/nlb_fall_001100.png,annotations/nlb_fall_001100.json,masks/nlb_fall_001100.png,all_tracks,images/train/nlb_fall_001100.png,labels/train/nlb_fall_001100.txt,1,1,0,20,99182.5,"[""environment:rural"", ""environment:urban"", ""light:auto_bright_dark"", ""light:natural"", ""light:uniform"", ""time_of_day:day"", ""track_layout:parallel structures"", ""track_layout:straight"", ""weather:cloudy""]"
nlb_fall_001101,1101,4,train,usable,,images/nlb_fall_001101.png,annotations/nlb_fall_001101.json,masks/nlb_fall_001101.png,all_tracks,images/train/nlb_fall_001101.png,labels/train/nlb_fall_001101.txt,1,1,0,22,99722.0,"[""environment:rural"", ""environment:urban"", ""light:auto_bright_dark"", ""light:natural"", ""light:uniform"", ""time_of_day:day"", ""track_layout:straight"", ""weather:cloudy""]"
nlb_fall_001102,1102,4,train,usable,,images/nlb_fall_001102.png,annotations/nlb_fall_001102.json,masks/nlb_fall_001102.png,all_tracks,images/train/nlb_fall_001102.png,labels/train/nlb_fall_001102.txt,1,1,0,30,100291.5,"[""environment:rural"", ""environment:urban"", ""light:auto_bright_dark"", ""light:natural"", ""light:uniform"", ""time_of_day:day"", ""track_layout:straight"", ""weather:cloudy""]"
nlb_fall_001103,1103,4,train,usable,,images/nlb_fall_001103.png,annotations/nlb_fall_001103.json,masks/nlb_fall_001103.png,all_tracks,images/train/nlb_fall_001103.png,labels/train/nlb_fall_001103.txt,1,1,0,22,102202.5,"[""environment:rural"", ""environment:urban"", ""light:auto_bright_dark"", ""light:natural"", ""light:uniform"", ""time_of_day:day"", ""track_layout:straight"", ""weather:cloudy""]"
nlb_fall_001104,1104,4,train,usable,,images/nlb_fall_001104.png,annotations/nlb_fall_001104.json,masks/nlb_fall_001104.png,all_tracks,images/train/nlb_fall_001104.png,labels/train/nlb_fall_001104.txt,1,1,0,18,101311.0,"[""environment:rural"", ""environment:urban"", ""light:auto_bright_dark"", ""light:natural"", ""light:uniform"", ""time_of_day:day"", ""track_layout:straight"", ""weather:cloudy""]"
nlb_fall_001105,1105,4,train,usable,,images/nlb_fall_001105.png,annotations/nlb_fall_001105.json,masks/nlb_fall_001105.png,all_tracks,images/train/nlb_fall_001105.png,labels/train/nlb_fall_001105.txt,1,1,0,14,100461.5,"[""environment:rural"", ""light:auto_bright_dark"", ""light:natural"", ""light:uniform"", ""time_of_day:day"", ""track_layout:straight"", ""weather:cloudy""]"
nlb_fall_001106,1106,4,train,usable,,images/nlb_fall_001106.png,annotations/nlb_fall_001106.json,masks/nlb_fall_001106.png,all_tracks,images/train/nlb_fall_001106.png,labels/train/nlb_fall_001106.txt,1,1,0,14,99405.0,"[""environment:rural"", ""light:auto_bright_dark"", ""light:natural"", ""light:uniform"", ""time_of_day:day"", ""track_layout:straight"", ""weather:cloudy""]"
nlb_fall_001107,1107,4,train,usable,,images/nlb_fall_001107.png,annotations/nlb_fall_001107.json,masks/nlb_fall_001107.png,all_tracks,images/train/nlb_fall_001107.png,labels/train/nlb_fall_001107.txt,1,1,0,10,100800.0,"[""environment:rural"", ""light:auto_bright_dark"", ""light:natural"", ""light:uniform"", ""time_of_day:day"", ""track_layout:straight"", ""weather:cloudy""]"
nlb_fall_001108,1108,4,train,usable,,images/nlb_fall_001108.png,annotations/nlb_fall_001108.json,masks/nlb_fall_001108.png,all_tracks,images/train/nlb_fall_001108.png,labels/train/nlb_fall_001108.txt,1,1,0,16,99566.0,"[""environment:rural"", ""light:auto_bright_dark"", ""light:natural"", ""light:uniform"", ""time_of_day:day"", ""track_layout:curve"", ""track_layout:straight"", ""weather:cloudy""]"
nlb_fall_001109,1109,4,train,usable,,images/nlb_fall_001109.png,annotations/nlb_fall_001109.json,masks/nlb_fall_001109.png,all_tracks,images/train/nlb_fall_001109.png,labels/train/nlb_fall_001109.txt,1,1,0,22,100832.0,"[""environment:rural"", ""light:auto_bright_dark"", ""light:natural"", ""light:uniform"", ""time_of_day:day"", ""track_layout:curve"", ""weather:cloudy""]"
nlb_fall_001110,1110,4,train,usable,,images/nlb_fall_001110.png,annotations/nlb_fall_001110.json,masks/nlb_fall_001110.png,all_tracks,images/train/nlb_fall_001110.png,labels/train/nlb_fall_001110.txt,1,1,0,30,101007.5,"[""environment:rural"", ""environment:station"", ""light:auto_bright_dark"", ""light:natural"", ""light:uniform"", ""time_of_day:day"", ""track_layout:curve"", ""weather:cloudy""]"
nlb_fall_001111,1111,4,train,usable,,images/nlb_fall_001111.png,annotations/nlb_fall_001111.json,masks/nlb_fall_001111.png,all_tracks,images/train/nlb_fall_001111.png,labels/train/nlb_fall_001111.txt,1,1,0,28,102525.5,"[""environment:rural"", ""environment:station"", ""light:auto_bright_dark"", ""light:natural"", ""light:uniform"", ""time_of_day:day"", ""track_layout:curve"", ""weather:cloudy""]"
nlb_fall_001112,1112,4,train,usable,,images/nlb_fall_001112.png,annotations/nlb_fall_001112.json,masks/nlb_fall_001112.png,all_tracks,images/train/nlb_fall_001112.png,labels/train/nlb_fall_001112.txt,1,1,0,32,102221.5,"[""environment:rural"", ""light:auto_bright_dark"", ""light:dark"", ""light:natural"", ""light:uniform"", ""time_of_day:day"", ""track_layout:curve"", ""weather:cloudy""]"
nlb_fall_001113,1113,4,train,usable,,images/nlb_fall_001113.png,annotations/nlb_fall_001113.json,masks/nlb_fall_001113.png,all_tracks,images/train/nlb_fall_001113.png,labels/train/nlb_fall_001113.txt,1,1,0,26,101213.0,"[""environment:rural"", ""light:auto_bright_dark"", ""light:natural"", ""light:uniform"", ""time_of_day:day"", ""track_layout:curve"", ""weather:cloudy""]"
nlb_fall_001114,1114,4,train,usable,,images/nlb_fall_001114.png,annotations/nlb_fall_001114.json,masks/nlb_fall_001114.png,all_tracks,images/train/nlb_fall_001114.png,labels/train/nlb_fall_001114.txt,1,1,0,24,100421.5,"[""environment:rural"", ""light:auto_bright_dark"", ""light:natural"", ""light:uniform"", ""time_of_day:day"", ""track_layout:curve"", ""weather:cloudy""]"
nlb_fall_001115,1115,4,train,usable,,images/nlb_fall_001115.png,annotations/nlb_fall_001115.json,masks/nlb_fall_001115.png,all_tracks,images/train/nlb_fall_001115.png,labels/train/nlb_fall_001115.txt,1,1,0,20,100818.0,"[""environment:rural"", ""light:auto_bright_dark"", ""light:natural"", ""light:uniform"", ""time_of_day:day"", ""track_layout:curve"", ""weather:cloudy""]"
nlb_fall_001116,1116,4,train,usable,,images/nlb_fall_001116.png,annotations/nlb_fall_001116.json,masks/nlb_fall_001116.png,all_tracks,images/train/nlb_fall_001116.png,labels/train/nlb_fall_001116.txt,1,1,0,24,100771.0,"[""environment:rural"", ""light:auto_bright_dark"", ""light:natural"", ""light:uniform"", ""time_of_day:day"", ""track_layout:curve"", ""weather:cloudy""]"
nlb_fall_001117,1117,4,train,usable,,images/nlb_fall_001117.png,annotations/nlb_fall_001117.json,masks/nlb_fall_001117.png,all_tracks,images/train/nlb_fall_001117.png,labels/train/nlb_fall_001117.txt,1,1,0,26,100349.0,"[""environment:rural"", ""light:auto_bright_dark"", ""light:dark"", ""light:natural"", ""light:uniform"", ""time_of_day:day"", ""track_layout:curve"", ""weather:cloudy""]"
nlb_fall_001118,1118,4,train,usable,,images/nlb_fall_001118.png,annotations/nlb_fall_001118.json,masks/nlb_fall_001118.png,all_tracks,images/train/nlb_fall_001118.png,labels/train/nlb_fall_001118.txt,1,1,0,22,100248.0,"[""environment:rural"", ""light:auto_bright_dark"", ""light:natural"", ""light:uniform"", ""time_of_day:day"", ""track_layout:curve"", ""weather:cloudy""]"
nlb_fall_001119,1119,4,train,usable,,images/nlb_fall_001119.png,annotations/nlb_fall_001119.json,masks/nlb_fall_001119.png,all_tracks,images/train/nlb_fall_001119.png,labels/train/nlb_fall_001119.txt,1,1,0,20,100690.0,"[""environment:rural"", ""light:auto_bright_dark"", ""light:natural"", ""light:uniform"", ""time_of_day:day"", ""track_layout:curve"", ""weather:cloudy""]"
nlb_fall_001120,1120,4,train,usable,,images/nlb_fall_001120.png,annotations/nlb_fall_001120.json,masks/nlb_fall_001120.png,all_tracks,images/train/nlb_fall_001120.png,labels/train/nlb_fall_001120.txt,1,1,0,22,100947.5,"[""environment:rural"", ""light:auto_bright_dark"", ""light:natural"", ""light:uniform"", ""time_of_day:day"", ""track_layout:curve"", ""weather:cloudy""]"
nlb_fall_001121,1121,4,train,usable,,images/nlb_fall_001121.png,annotations/nlb_fall_001121.json,masks/nlb_fall_001121.png,all_tracks,images/train/nlb_fall_001121.png,labels/train/nlb_fall_001121.txt,1,1,0,20,101084.5,"[""environment:rural"", ""light:auto_bright_dark"", ""light:natural"", ""light:uniform"", ""time_of_day:day"", ""track_layout:curve"", ""weather:cloudy""]"
nlb_fall_001122,1122,4,train,usable,,images/nlb_fall_001122.png,annotations/nlb_fall_001122.json,masks/nlb_fall_001122.png,all_tracks,images/train/nlb_fall_001122.png,labels/train/nlb_fall_001122.txt,1,1,0,16,100778.0,"[""environment:rural"", ""light:auto_bright_dark"", ""light:natural"", ""light:uniform"", ""time_of_day:day"", ""track_layout:curve"", ""weather:cloudy""]"
nlb_fall_001123,1123,4,train,usable,,images/nlb_fall_001123.png,annotations/nlb_fall_001123.json,masks/nlb_fall_001123.png,all_tracks,images/train/nlb_fall_001123.png,labels/train/nlb_fall_001123.txt,1,1,0,24,100265.5,"[""environment:rural"", ""light:auto_bright_dark"", ""light:dark"", ""light:natural"", ""light:uniform"", ""time_of_day:day"", ""track_layout:curve"", ""weather:cloudy""]"
nlb_fall_001124,1124,4,train,usable,,images/nlb_fall_001124.png,annotations/nlb_fall_001124.json,masks/nlb_fall_001124.png,all_tracks,images/train/nlb_fall_001124.png,labels/train/nlb_fall_001124.txt,1,1,0,20,99960.0,"[""environment:rural"", ""light:auto_bright_dark"", ""light:natural"", ""light:uniform"", ""time_of_day:day"", ""track_layout:curve"", ""weather:cloudy""]"
nlb_fall_001125,1125,4,train,usable,,images/nlb_fall_001125.png,annotations/nlb_fall_001125.json,masks/nlb_fall_001125.png,all_tracks,images/train/nlb_fall_001125.png,labels/train/nlb_fall_001125.txt,1,1,0,16,100611.5,"[""environment:rural"", ""light:auto_bright_dark"", ""light:natural"", ""light:uniform"", ""time_of_day:day"", ""track_layout:curve"", ""weather:cloudy""]"
nlb_fall_001126,1126,4,train,usable,,images/nlb_fall_001126.png,annotations/nlb_fall_001126.json,masks/nlb_fall_001126.png,all_tracks,images/train/nlb_fall_001126.png,labels/train/nlb_fall_001126.txt,1,1,0,16,100526.5,"[""environment:rural"", ""light:auto_bright_dark"", ""light:natural"", ""light:uniform"", ""time_of_day:day"", ""track_layout:curve"", ""weather:cloudy""]"
nlb_fall_001127,1127,4,train,usable,,images/nlb_fall_001127.png,annotations/nlb_fall_001127.json,masks/nlb_fall_001127.png,all_tracks,images/train/nlb_fall_001127.png,labels/train/nlb_fall_001127.txt,1,1,0,14,98599.0,"[""environment:rural"", ""light:auto_bright_dark"", ""light:dark"", ""light:natural"", ""light:uniform"", ""time_of_day:day"", ""track_layout:curve"", ""weather:cloudy""]"
nlb_fall_001128,1128,4,train,usable,,images/nlb_fall_001128.png,annotations/nlb_fall_001128.json,masks/nlb_fall_001128.png,all_tracks,images/train/nlb_fall_001128.png,labels/train/nlb_fall_001128.txt,1,1,0,16,99727.5,"[""environment:rural"", ""light:auto_bright_dark"", ""light:natural"", ""light:uniform"", ""time_of_day:day"", ""track_layout:curve"", ""weather:cloudy""]"
nlb_fall_001129,1129,4,train,usable,,images/nlb_fall_001129.png,annotations/nlb_fall_001129.json,masks/nlb_fall_001129.png,all_tracks,images/train/nlb_fall_001129.png,labels/train/nlb_fall_001129.txt,1,1,0,16,100093.0,"[""environment:rural"", ""light:auto_bright_dark"", ""light:natural"", ""light:uniform"", ""time_of_day:day"", ""track_layout:curve"", ""weather:cloudy""]"
nlb_fall_001130,1130,4,train,usable,,images/nlb_fall_001130.png,annotations/nlb_fall_001130.json,masks/nlb_fall_001130.png,all_tracks,images/train/nlb_fall_001130.png,labels/train/nlb_fall_001130.txt,1,1,0,14,100351.5,"[""environment:rural"", ""light:auto_bright_dark"", ""light:dark"", ""light:natural"", ""light:uniform"", ""time_of_day:day"", ""track_layout:curve"", ""weather:cloudy""]"
nlb_fall_001131,1131,4,train,usable,,images/nlb_fall_001131.png,annotations/nlb_fall_001131.json,masks/nlb_fall_001131.png,all_tracks,images/train/nlb_fall_001131.png,labels/train/nlb_fall_001131.txt,1,1,0,16,100191.0,"[""environment:rural"", ""light:auto_bright_dark"", ""light:natural"", ""light:uniform"", ""time_of_day:day"", ""track_layout:curve"", ""weather:cloudy""]"
nlb_fall_001132,1132,4,train,usable,,images/nlb_fall_001132.png,annotations/nlb_fall_001132.json,masks/nlb_fall_001132.png,all_tracks,images/train/nlb_fall_001132.png,labels/train/nlb_fall_001132.txt,1,1,0,18,101406.0,"[""environment:rural"", ""light:auto_bright_dark"", ""light:natural"", ""light:uniform"", ""time_of_day:day"", ""track_layout:curve"", ""weather:cloudy""]"
nlb_fall_001133,1133,4,train,usable,,images/nlb_fall_001133.png,annotations/nlb_fall_001133.json,masks/nlb_fall_001133.png,all_tracks,images/train/nlb_fall_001133.png,labels/train/nlb_fall_001133.txt,1,1,0,10,101557.0,"[""environment:rural"", ""light:auto_bright_dark"", ""light:natural"", ""light:uniform"", ""time_of_day:day"", ""track_layout:straight"", ""weather:cloudy""]"
nlb_fall_001134,1134,4,train,usable,,images/nlb_fall_001134.png,annotations/nlb_fall_001134.json,masks/nlb_fall_001134.png,all_tracks,images/train/nlb_fall_001134.png,labels/train/nlb_fall_001134.txt,1,1,0,20,102392.5,"[""environment:rural"", ""light:auto_bright_dark"", ""light:natural"", ""light:uniform"", ""time_of_day:day"", ""track_layout:curve"", ""weather:cloudy""]"
nlb_fall_001135,1135,4,train,usable,,images/nlb_fall_001135.png,annotations/nlb_fall_001135.json,masks/nlb_fall_001135.png,all_tracks,images/train/nlb_fall_001135.png,labels/train/nlb_fall_001135.txt,1,1,0,24,101968.5,"[""environment:rural"", ""light:auto_bright_dark"", ""light:natural"", ""light:uniform"", ""time_of_day:day"", ""track_layout:curve"", ""weather:cloudy""]"
nlb_fall_001136,1136,4,train,usable,,images/nlb_fall_001136.png,annotations/nlb_fall_001136.json,masks/nlb_fall_001136.png,all_tracks,images/train/nlb_fall_001136.png,labels/train/nlb_fall_001136.txt,1,1,0,24,103573.5,"[""environment:rural"", ""light:auto_bright_dark"", ""light:dark"", ""light:natural"", ""light:uniform"", ""time_of_day:day"", ""track_layout:curve"", ""weather:cloudy""]"
nlb_fall_001137,1137,4,train,usable,,images/nlb_fall_001137.png,annotations/nlb_fall_001137.json,masks/nlb_fall_001137.png,all_tracks,images/train/nlb_fall_001137.png,labels/train/nlb_fall_001137.txt,1,1,0,24,101964.5,"[""environment:rural"", ""light:auto_bright_dark"", ""light:natural"", ""light:uniform"", ""time_of_day:day"", ""track_layout:curve"", ""weather:cloudy""]"
nlb_fall_001138,1138,4,train,usable,,images/nlb_fall_001138.png,annotations/nlb_fall_001138.json,masks/nlb_fall_001138.png,all_tracks,images/train/nlb_fall_001138.png,labels/train/nlb_fall_001138.txt,1,1,0,12,99401.0,"[""environment:rural"", ""light:auto_bright_dark"", ""light:dark"", ""light:natural"", ""light:uniform"", ""time_of_day:day"", ""track_layout:curve"", ""weather:cloudy""]"
nlb_fall_001139,1139,4,train,usable,,images/nlb_fall_001139.png,annotations/nlb_fall_001139.json,masks/nlb_fall_001139.png,all_tracks,images/train/nlb_fall_001139.png,labels/train/nlb_fall_001139.txt,1,1,0,16,100781.0,"[""environment:rural"", ""light:auto_bright_dark"", ""light:natural"", ""light:uniform"", ""time_of_day:day"", ""track_layout:curve"", ""weather:cloudy""]"
nlb_fall_001140,1140,4,train,usable,,images/nlb_fall_001140.png,annotations/nlb_fall_001140.json,masks/nlb_fall_001140.png,all_tracks,images/train/nlb_fall_001140.png,labels/train/nlb_fall_001140.txt,1,1,0,22,102077.5,"[""environment:rural"", ""environment:urban"", ""light:auto_bright_dark"", ""light:natural"", ""light:uniform"", ""time_of_day:day"", ""track_layout:curve"", ""weather:cloudy""]"
nlb_fall_001141,1141,4,train,usable,,images/nlb_fall_001141.png,annotations/nlb_fall_001141.json,masks/nlb_fall_001141.png,all_tracks,images/train/nlb_fall_001141.png,labels/train/nlb_fall_001141.txt,1,1,0,20,96444.5,"[""environment:rural"", ""light:auto_bright_dark"", ""light:natural"", ""light:uniform"", ""time_of_day:day"", ""track_layout:curve"", ""weather:cloudy""]"
nlb_fall_001142,1142,4,train,usable,,images/nlb_fall_001142.png,annotations/nlb_fall_001142.json,masks/nlb_fall_001142.png,all_tracks,images/train/nlb_fall_001142.png,labels/train/nlb_fall_001142.txt,1,1,0,18,101093.0,"[""environment:rural"", ""light:auto_bright_dark"", ""light:dark"", ""light:natural"", ""light:uniform"", ""time_of_day:day"", ""track_layout:curve"", ""weather:cloudy""]"
nlb_fall_001143,1143,4,train,usable,,images/nlb_fall_001143.png,annotations/nlb_fall_001143.json,masks/nlb_fall_001143.png,all_tracks,images/train/nlb_fall_001143.png,labels/train/nlb_fall_001143.txt,1,1,0,24,101724.0,"[""environment:rural"", ""light:auto_bright_dark"", ""light:dark"", ""light:natural"", ""light:uniform"", ""time_of_day:day"", ""track_layout:curve"", ""weather:cloudy""]"
nlb_fall_001144,1144,4,train,usable,,images/nlb_fall_001144.png,annotations/nlb_fall_001144.json,masks/nlb_fall_001144.png,all_tracks,images/train/nlb_fall_001144.png,labels/train/nlb_fall_001144.txt,1,1,0,24,104857.0,"[""environment:rural"", ""light:auto_bright_dark"", ""light:natural"", ""light:uniform"", ""time_of_day:day"", ""track_layout:curve"", ""weather:cloudy""]"
nlb_fall_001145,1145,4,train,usable,,images/nlb_fall_001145.png,annotations/nlb_fall_001145.json,masks/nlb_fall_001145.png,all_tracks,images/train/nlb_fall_001145.png,labels/train/nlb_fall_001145.txt,1,1,0,24,102580.5,"[""environment:rural"", ""light:auto_bright_dark"", ""light:natural"", ""light:uniform"", ""time_of_day:day"", ""track_layout:curve"", ""weather:cloudy""]"
nlb_fall_001146,1146,4,train,usable,,images/nlb_fall_001146.png,annotations/nlb_fall_001146.json,masks/nlb_fall_001146.png,all_tracks,images/train/nlb_fall_001146.png,labels/train/nlb_fall_001146.txt,1,1,0,24,103017.0,"[""environment:rural"", ""light:auto_bright_dark"", ""light:natural"", ""light:uniform"", ""time_of_day:day"", ""track_layout:curve"", ""weather:cloudy""]"
nlb_fall_001147,1147,4,train,usable,,images/nlb_fall_001147.png,annotations/nlb_fall_001147.json,masks/nlb_fall_001147.png,all_tracks,images/train/nlb_fall_001147.png,labels/train/nlb_fall_001147.txt,1,1,0,24,99849.0,"[""environment:rural"", ""light:auto_bright_dark"", ""light:natural"", ""light:uniform"", ""time_of_day:day"", ""track_layout:curve"", ""weather:cloudy""]"
nlb_fall_001148,1148,4,train,usable,,images/nlb_fall_001148.png,annotations/nlb_fall_001148.json,masks/nlb_fall_001148.png,all_tracks,images/train/nlb_fall_001148.png,labels/train/nlb_fall_001148.txt,1,1,0,20,102140.0,"[""environment:rural"", ""light:auto_bright_dark"", ""light:dark"", ""light:natural"", ""light:uniform"", ""time_of_day:day"", ""track_layout:curve"", ""weather:cloudy""]"
nlb_fall_001149,1149,4,train,usable,,images/nlb_fall_001149.png,annotations/nlb_fall_001149.json,masks/nlb_fall_001149.png,all_tracks,images/train/nlb_fall_001149.png,labels/train/nlb_fall_001149.txt,1,1,0,22,100853.5,"[""environment:rural"", ""light:auto_bright_dark"", ""light:natural"", ""light:uniform"", ""time_of_day:day"", ""track_layout:curve"", ""weather:cloudy""]"
nlb_fall_001150,1150,4,train,usable,,images/nlb_fall_001150.png,annotations/nlb_fall_001150.json,masks/nlb_fall_001150.png,all_tracks,images/train/nlb_fall_001150.png,labels/train/nlb_fall_001150.txt,1,1,0,28,101387.5,"[""environment:rural"", ""light:auto_bright_dark"", ""light:dark"", ""light:natural"", ""light:uniform"", ""time_of_day:day"", ""track_layout:curve"", ""weather:cloudy""]"
nlb_fall_001151,1151,4,train,usable,,images/nlb_fall_001151.png,annotations/nlb_fall_001151.json,masks/nlb_fall_001151.png,all_tracks,images/train/nlb_fall_001151.png,labels/train/nlb_fall_001151.txt,1,1,0,26,101766.5,"[""environment:rural"", ""light:auto_bright_dark"", ""light:dark"", ""light:natural"", ""light:uniform"", ""time_of_day:day"", ""track_layout:curve"", ""weather:cloudy""]"
nlb_fall_001152,1152,4,train,usable,,images/nlb_fall_001152.png,annotations/nlb_fall_001152.json,masks/nlb_fall_001152.png,all_tracks,images/train/nlb_fall_001152.png,labels/train/nlb_fall_001152.txt,1,1,0,22,103520.5,"[""environment:rural"", ""light:auto_bright_dark"", ""light:dark"", ""light:natural"", ""light:uniform"", ""time_of_day:day"", ""track_layout:curve"", ""weather:cloudy""]"
nlb_fall_001153,1153,4,train,usable,,images/nlb_fall_001153.png,annotations/nlb_fall_001153.json,masks/nlb_fall_001153.png,all_tracks,images/train/nlb_fall_001153.png,labels/train/nlb_fall_001153.txt,1,1,0,20,102413.0,"[""environment:rural"", ""light:auto_bright_dark"", ""light:dark"", ""light:natural"", ""light:uniform"", ""time_of_day:day"", ""track_layout:curve"", ""weather:cloudy""]"
nlb_fall_001154,1154,4,train,usable,,images/nlb_fall_001154.png,annotations/nlb_fall_001154.json,masks/nlb_fall_001154.png,all_tracks,images/train/nlb_fall_001154.png,labels/train/nlb_fall_001154.txt,1,1,0,16,107690.0,"[""environment:rural"", ""light:auto_bright_dark"", ""light:dark"", ""light:natural"", ""light:uniform"", ""time_of_day:day"", ""track_layout:curve"", ""weather:cloudy""]"
nlb_fall_001155,1155,4,train,usable,,images/nlb_fall_001155.png,annotations/nlb_fall_001155.json,masks/nlb_fall_001155.png,all_tracks,images/train/nlb_fall_001155.png,labels/train/nlb_fall_001155.txt,1,1,0,28,107545.0,"[""environment:rural"", ""light:auto_bright_dark"", ""light:natural"", ""light:uniform"", ""time_of_day:day"", ""track_layout:curve"", ""weather:cloudy""]"
nlb_fall_001156,1156,4,train,usable,,images/nlb_fall_001156.png,annotations/nlb_fall_001156.json,masks/nlb_fall_001156.png,all_tracks,images/train/nlb_fall_001156.png,labels/train/nlb_fall_001156.txt,1,1,0,22,104109.0,"[""environment:rural"", ""light:auto_bright_dark"", ""light:natural"", ""light:uniform"", ""time_of_day:day"", ""track_layout:curve"", ""weather:cloudy""]"
nlb_fall_001157,1157,4,train,usable,,images/nlb_fall_001157.png,annotations/nlb_fall_001157.json,masks/nlb_fall_001157.png,all_tracks,images/train/nlb_fall_001157.png,labels/train/nlb_fall_001157.txt,1,1,0,18,104391.5,"[""environment:rural"", ""light:auto_bright_dark"", ""light:natural"", ""light:uniform"", ""time_of_day:day"", ""track_layout:curve"", ""weather:cloudy""]"
nlb_fall_001158,1158,4,train,usable,,images/nlb_fall_001158.png,annotations/nlb_fall_001158.json,masks/nlb_fall_001158.png,all_tracks,images/train/nlb_fall_001158.png,labels/train/nlb_fall_001158.txt,1,1,0,22,106123.5,"[""environment:rural"", ""light:auto_bright_dark"", ""light:natural"", ""light:uniform"", ""time_of_day:day"", ""track_layout:curve"", ""weather:cloudy""]"
nlb_fall_001159,1159,4,train,usable,,images/nlb_fall_001159.png,annotations/nlb_fall_001159.json,masks/nlb_fall_001159.png,all_tracks,images/train/nlb_fall_001159.png,labels/train/nlb_fall_001159.txt,1,1,0,24,108522.5,"[""environment:rural"", ""light:auto_bright_dark"", ""light:dark"", ""light:natural"", ""light:uniform"", ""time_of_day:day"", ""track_layout:curve"", ""weather:cloudy""]"
nlb_fall_001160,1160,4,train,usable,,images/nlb_fall_001160.png,annotations/nlb_fall_001160.json,masks/nlb_fall_001160.png,all_tracks,images/train/nlb_fall_001160.png,labels/train/nlb_fall_001160.txt,1,1,0,28,107209.0,"[""environment:rural"", ""light:auto_bright_dark"", ""light:dark"", ""light:natural"", ""light:uniform"", ""time_of_day:day"", ""track_layout:curve"", ""weather:cloudy""]"
nlb_fall_001161,1161,,,excluded,self_intersecting_polygon,images/nlb_fall_001161.png,annotations/nlb_fall_001161.json,masks/nlb_fall_001161.png,all_tracks,,,1,1,0,0,0,"[""environment:rural"", ""light:auto_bright_dark"", ""light:natural"", ""light:uniform"", ""time_of_day:day"", ""track_layout:curve"", ""weather:cloudy""]"
nlb_fall_001162,1162,4,train,usable,,images/nlb_fall_001162.png,annotations/nlb_fall_001162.json,masks/nlb_fall_001162.png,all_tracks,images/train/nlb_fall_001162.png,labels/train/nlb_fall_001162.txt,1,1,0,20,104275.0,"[""environment:rural"", ""light:auto_bright_dark"", ""light:dark"", ""light:natural"", ""light:uniform"", ""time_of_day:day"", ""track_layout:curve"", ""weather:cloudy""]"
nlb_fall_001163,1163,4,train,usable,,images/nlb_fall_001163.png,annotations/nlb_fall_001163.json,masks/nlb_fall_001163.png,all_tracks,images/train/nlb_fall_001163.png,labels/train/nlb_fall_001163.txt,1,1,0,36,109044.0,"[""environment:rural"", ""light:auto_bright_dark"", ""light:natural"", ""light:uniform"", ""time_of_day:day"", ""track_layout:curve"", ""weather:cloudy""]"
nlb_fall_001164,1164,4,train,usable,,images/nlb_fall_001164.png,annotations/nlb_fall_001164.json,masks/nlb_fall_001164.png,all_tracks,images/train/nlb_fall_001164.png,labels/train/nlb_fall_001164.txt,1,1,0,24,108535.5,"[""environment:rural"", ""light:auto_bright_dark"", ""light:natural"", ""light:uniform"", ""time_of_day:day"", ""track_layout:curve"", ""weather:cloudy""]"
nlb_fall_001165,1165,4,train,usable,,images/nlb_fall_001165.png,annotations/nlb_fall_001165.json,masks/nlb_fall_001165.png,all_tracks,images/train/nlb_fall_001165.png,labels/train/nlb_fall_001165.txt,1,1,0,16,102089.5,"[""environment:rural"", ""light:auto_bright_dark"", ""light:natural"", ""light:uniform"", ""time_of_day:day"", ""track_layout:curve"", ""weather:cloudy""]"
nlb_fall_001166,1166,4,train,usable,,images/nlb_fall_001166.png,annotations/nlb_fall_001166.json,masks/nlb_fall_001166.png,all_tracks,images/train/nlb_fall_001166.png,labels/train/nlb_fall_001166.txt,1,1,0,10,99950.0,"[""environment:rural"", ""environment:urban"", ""light:auto_bright_dark"", ""light:natural"", ""light:uniform"", ""time_of_day:day"", ""track_layout:straight"", ""weather:cloudy""]"
nlb_fall_001167,1167,4,train,usable,,images/nlb_fall_001167.png,annotations/nlb_fall_001167.json,masks/nlb_fall_001167.png,all_tracks,images/train/nlb_fall_001167.png,labels/train/nlb_fall_001167.txt,1,1,0,12,100512.5,"[""environment:rural"", ""environment:urban"", ""light:auto_bright_dark"", ""light:natural"", ""light:uniform"", ""time_of_day:day"", ""track_layout:straight"", ""weather:cloudy""]"
nlb_fall_001168,1168,4,train,usable,,images/nlb_fall_001168.png,annotations/nlb_fall_001168.json,masks/nlb_fall_001168.png,all_tracks,images/train/nlb_fall_001168.png,labels/train/nlb_fall_001168.txt,1,1,0,14,99154.0,"[""environment:rural"", ""light:auto_bright_dark"", ""light:natural"", ""light:uniform"", ""time_of_day:day"", ""track_layout:straight"", ""weather:cloudy""]"
nlb_fall_001169,1169,4,train,usable,,images/nlb_fall_001169.png,annotations/nlb_fall_001169.json,masks/nlb_fall_001169.png,all_tracks,images/train/nlb_fall_001169.png,labels/train/nlb_fall_001169.txt,1,1,0,14,98450.5,"[""environment:rural"", ""light:auto_bright_dark"", ""light:natural"", ""light:uniform"", ""time_of_day:day"", ""track_layout:straight"", ""weather:cloudy""]"
nlb_fall_001170,1170,4,train,usable,,images/nlb_fall_001170.png,annotations/nlb_fall_001170.json,masks/nlb_fall_001170.png,all_tracks,images/train/nlb_fall_001170.png,labels/train/nlb_fall_001170.txt,1,1,0,16,100538.5,"[""environment:rural"", ""light:auto_bright_dark"", ""light:natural"", ""light:uniform"", ""time_of_day:day"", ""track_layout:curve"", ""track_layout:straight"", ""weather:cloudy""]"
nlb_fall_001171,1171,4,train,usable,,images/nlb_fall_001171.png,annotations/nlb_fall_001171.json,masks/nlb_fall_001171.png,all_tracks,images/train/nlb_fall_001171.png,labels/train/nlb_fall_001171.txt,1,1,0,28,101696.5,"[""environment:rural"", ""environment:urban"", ""light:auto_bright_dark"", ""light:natural"", ""light:uniform"", ""time_of_day:day"", ""track_layout:curve"", ""weather:cloudy""]"
nlb_fall_001172,1172,4,train,usable,,images/nlb_fall_001172.png,annotations/nlb_fall_001172.json,masks/nlb_fall_001172.png,all_tracks,images/train/nlb_fall_001172.png,labels/train/nlb_fall_001172.txt,1,1,0,24,105782.5,"[""environment:rural"", ""environment:urban"", ""light:auto_bright_dark"", ""light:dark"", ""light:natural"", ""light:uniform"", ""time_of_day:day"", ""track_layout:curve"", ""track_layout:parallel structures"", ""weather:cloudy""]"
nlb_fall_001173,1173,4,train,usable,,images/nlb_fall_001173.png,annotations/nlb_fall_001173.json,masks/nlb_fall_001173.png,all_tracks,images/train/nlb_fall_001173.png,labels/train/nlb_fall_001173.txt,1,1,0,20,105254.0,"[""environment:rural"", ""environment:urban"", ""light:auto_bright_dark"", ""light:natural"", ""light:uniform"", ""time_of_day:day"", ""track_layout:curve"", ""weather:cloudy""]"
nlb_fall_001174,1174,4,train,usable,,images/nlb_fall_001174.png,annotations/nlb_fall_001174.json,masks/nlb_fall_001174.png,all_tracks,images/train/nlb_fall_001174.png,labels/train/nlb_fall_001174.txt,1,1,0,18,101037.0,"[""environment:rural"", ""light:auto_bright_dark"", ""light:natural"", ""light:uniform"", ""time_of_day:day"", ""track_layout:curve"", ""weather:cloudy""]"
nlb_fall_001175,1175,4,train,usable,,images/nlb_fall_001175.png,annotations/nlb_fall_001175.json,masks/nlb_fall_001175.png,all_tracks,images/train/nlb_fall_001175.png,labels/train/nlb_fall_001175.txt,1,1,0,20,99846.0,"[""environment:rural"", ""light:auto_bright_dark"", ""light:natural"", ""light:uniform"", ""time_of_day:day"", ""track_layout:curve"", ""weather:cloudy""]"
nlb_fall_001176,1176,4,train,usable,,images/nlb_fall_001176.png,annotations/nlb_fall_001176.json,masks/nlb_fall_001176.png,all_tracks,images/train/nlb_fall_001176.png,labels/train/nlb_fall_001176.txt,1,1,0,20,100570.5,"[""environment:rural"", ""light:auto_bright_dark"", ""light:natural"", ""light:uniform"", ""time_of_day:day"", ""track_layout:curve"", ""weather:cloudy""]"
nlb_fall_001177,1177,4,train,usable,,images/nlb_fall_001177.png,annotations/nlb_fall_001177.json,masks/nlb_fall_001177.png,all_tracks,images/train/nlb_fall_001177.png,labels/train/nlb_fall_001177.txt,1,1,0,16,100898.0,"[""environment:rural"", ""light:auto_bright_dark"", ""light:natural"", ""light:uniform"", ""time_of_day:day"", ""track_layout:curve"", ""weather:cloudy""]"
nlb_fall_001178,1178,4,train,usable,,images/nlb_fall_001178.png,annotations/nlb_fall_001178.json,masks/nlb_fall_001178.png,all_tracks,images/train/nlb_fall_001178.png,labels/train/nlb_fall_001178.txt,1,1,0,18,100293.0,"[""environment:rural"", ""light:auto_bright_dark"", ""light:natural"", ""light:uniform"", ""time_of_day:day"", ""track_layout:curve"", ""weather:cloudy""]"
nlb_fall_001179,1179,4,train,usable,,images/nlb_fall_001179.png,annotations/nlb_fall_001179.json,masks/nlb_fall_001179.png,all_tracks,images/train/nlb_fall_001179.png,labels/train/nlb_fall_001179.txt,1,2,1,16,101166.5,"[""environment:rural"", ""light:auto_bright_dark"", ""light:natural"", ""light:uniform"", ""time_of_day:day"", ""track_layout:curve"", ""weather:cloudy""]"
nlb_fall_001180,1180,4,train,usable,,images/nlb_fall_001180.png,annotations/nlb_fall_001180.json,masks/nlb_fall_001180.png,all_tracks,images/train/nlb_fall_001180.png,labels/train/nlb_fall_001180.txt,1,2,0,18,101537.5,"[""environment:rural"", ""light:auto_bright_dark"", ""light:natural"", ""light:uniform"", ""time_of_day:day"", ""track_layout:curve"", ""weather:cloudy""]"
nlb_fall_001181,1181,4,train,usable,,images/nlb_fall_001181.png,annotations/nlb_fall_001181.json,masks/nlb_fall_001181.png,all_tracks,images/train/nlb_fall_001181.png,labels/train/nlb_fall_001181.txt,1,2,0,24,100696.5,"[""environment:rural"", ""light:auto_bright_dark"", ""light:natural"", ""light:uniform"", ""time_of_day:day"", ""track_layout:curve"", ""weather:cloudy""]"
nlb_fall_001182,1182,4,train,usable,,images/nlb_fall_001182.png,annotations/nlb_fall_001182.json,masks/nlb_fall_001182.png,all_tracks,images/train/nlb_fall_001182.png,labels/train/nlb_fall_001182.txt,1,2,0,22,99935.0,"[""environment:rural"", ""light:auto_bright_dark"", ""light:natural"", ""light:uniform"", ""time_of_day:day"", ""track_layout:curve"", ""weather:cloudy""]"
nlb_fall_001183,1183,4,train,usable,,images/nlb_fall_001183.png,annotations/nlb_fall_001183.json,masks/nlb_fall_001183.png,all_tracks,images/train/nlb_fall_001183.png,labels/train/nlb_fall_001183.txt,1,2,0,20,99861.5,"[""environment:rural"", ""light:auto_bright_dark"", ""light:natural"", ""light:uniform"", ""time_of_day:day"", ""track_layout:curve"", ""weather:cloudy""]"
nlb_fall_001184,1184,4,train,usable,,images/nlb_fall_001184.png,annotations/nlb_fall_001184.json,masks/nlb_fall_001184.png,all_tracks,images/train/nlb_fall_001184.png,labels/train/nlb_fall_001184.txt,1,2,0,18,100932.5,"[""environment:rural"", ""environment:station"", ""environment:urban"", ""light:auto_bright_dark"", ""light:natural"", ""light:uniform"", ""time_of_day:day"", ""track_layout:curve"", ""weather:cloudy""]"
nlb_fall_001185,1185,4,train,usable,,images/nlb_fall_001185.png,annotations/nlb_fall_001185.json,masks/nlb_fall_001185.png,all_tracks,images/train/nlb_fall_001185.png,labels/train/nlb_fall_001185.txt,1,2,1,22,100574.0,"[""environment:rural"", ""environment:urban"", ""light:auto_bright_dark"", ""light:natural"", ""light:uniform"", ""time_of_day:day"", ""track_layout:curve"", ""weather:cloudy""]"
nlb_fall_001186,1186,4,train,usable,,images/nlb_fall_001186.png,annotations/nlb_fall_001186.json,masks/nlb_fall_001186.png,all_tracks,images/train/nlb_fall_001186.png,labels/train/nlb_fall_001186.txt,1,1,0,16,99952.0,"[""environment:rural"", ""light:auto_bright_dark"", ""light:natural"", ""light:uniform"", ""time_of_day:day"", ""track_layout:curve"", ""weather:cloudy""]"
nlb_fall_001187,1187,4,train,usable,,images/nlb_fall_001187.png,annotations/nlb_fall_001187.json,masks/nlb_fall_001187.png,all_tracks,images/train/nlb_fall_001187.png,labels/train/nlb_fall_001187.txt,1,1,0,20,100188.0,"[""environment:rural"", ""light:auto_bright_dark"", ""light:natural"", ""light:uniform"", ""time_of_day:day"", ""track_layout:curve"", ""weather:cloudy""]"
nlb_fall_001188,1188,4,train,usable,,images/nlb_fall_001188.png,annotations/nlb_fall_001188.json,masks/nlb_fall_001188.png,all_tracks,images/train/nlb_fall_001188.png,labels/train/nlb_fall_001188.txt,1,1,0,20,101910.0,"[""environment:rural"", ""light:auto_bright_dark"", ""light:natural"", ""light:uniform"", ""time_of_day:day"", ""track_layout:curve"", ""weather:cloudy""]"
nlb_fall_001189,1189,4,train,usable,,images/nlb_fall_001189.png,annotations/nlb_fall_001189.json,masks/nlb_fall_001189.png,all_tracks,images/train/nlb_fall_001189.png,labels/train/nlb_fall_001189.txt,1,2,1,25,102569.0,"[""environment:rural"", ""light:auto_bright_dark"", ""light:natural"", ""light:uniform"", ""time_of_day:day"", ""track_layout:curve"", ""weather:cloudy""]"
nlb_fall_001190,1190,4,train,usable,,images/nlb_fall_001190.png,annotations/nlb_fall_001190.json,masks/nlb_fall_001190.png,all_tracks,images/train/nlb_fall_001190.png,labels/train/nlb_fall_001190.txt,1,2,0,22,102259.5,"[""environment:rural"", ""light:auto_bright_dark"", ""light:natural"", ""light:uniform"", ""time_of_day:day"", ""track_layout:curve"", ""weather:cloudy""]"
nlb_fall_001191,1191,4,train,usable,,images/nlb_fall_001191.png,annotations/nlb_fall_001191.json,masks/nlb_fall_001191.png,all_tracks,images/train/nlb_fall_001191.png,labels/train/nlb_fall_001191.txt,1,2,0,10,101683.5,"[""environment:rural"", ""light:auto_bright_dark"", ""light:natural"", ""light:uniform"", ""time_of_day:day"", ""track_layout:curve"", ""track_layout:straight"", ""weather:cloudy""]"
nlb_fall_001192,1192,4,train,usable,,images/nlb_fall_001192.png,annotations/nlb_fall_001192.json,masks/nlb_fall_001192.png,all_tracks,images/train/nlb_fall_001192.png,labels/train/nlb_fall_001192.txt,1,1,0,10,99498.5,"[""environment:rural"", ""light:auto_bright_dark"", ""light:natural"", ""light:uniform"", ""time_of_day:day"", ""track_layout:straight"", ""weather:cloudy""]"
nlb_fall_001193,1193,4,train,usable,,images/nlb_fall_001193.png,annotations/nlb_fall_001193.json,masks/nlb_fall_001193.png,all_tracks,images/train/nlb_fall_001193.png,labels/train/nlb_fall_001193.txt,1,1,0,16,101438.5,"[""environment:rural"", ""light:auto_bright_dark"", ""light:natural"", ""light:uniform"", ""time_of_day:day"", ""track_layout:curve"", ""track_layout:straight"", ""weather:cloudy""]"
nlb_fall_001194,1194,4,train,usable,,images/nlb_fall_001194.png,annotations/nlb_fall_001194.json,masks/nlb_fall_001194.png,all_tracks,images/train/nlb_fall_001194.png,labels/train/nlb_fall_001194.txt,1,1,0,22,100699.0,"[""environment:rural"", ""light:auto_bright_dark"", ""light:natural"", ""light:uniform"", ""time_of_day:day"", ""track_layout:curve"", ""weather:cloudy""]"
nlb_fall_001195,1195,4,train,usable,,images/nlb_fall_001195.png,annotations/nlb_fall_001195.json,masks/nlb_fall_001195.png,all_tracks,images/train/nlb_fall_001195.png,labels/train/nlb_fall_001195.txt,1,1,0,22,104622.0,"[""environment:rural"", ""environment:urban"", ""light:auto_bright_dark"", ""light:natural"", ""light:uniform"", ""time_of_day:day"", ""track_layout:curve"", ""weather:cloudy""]"
nlb_fall_001196,1196,4,train,usable,,images/nlb_fall_001196.png,annotations/nlb_fall_001196.json,masks/nlb_fall_001196.png,all_tracks,images/train/nlb_fall_001196.png,labels/train/nlb_fall_001196.txt,1,1,0,22,105144.5,"[""environment:rural"", ""environment:urban"", ""light:auto_bright_dark"", ""light:natural"", ""light:uniform"", ""time_of_day:day"", ""track_layout:curve"", ""weather:cloudy""]"
nlb_fall_001197,1197,4,train,usable,,images/nlb_fall_001197.png,annotations/nlb_fall_001197.json,masks/nlb_fall_001197.png,all_tracks,images/train/nlb_fall_001197.png,labels/train/nlb_fall_001197.txt,1,1,0,24,104540.5,"[""environment:rural"", ""environment:urban"", ""light:auto_bright_dark"", ""light:natural"", ""light:uniform"", ""time_of_day:day"", ""track_layout:curve"", ""weather:cloudy""]"
nlb_fall_001198,1198,4,train,usable,,images/nlb_fall_001198.png,annotations/nlb_fall_001198.json,masks/nlb_fall_001198.png,all_tracks,images/train/nlb_fall_001198.png,labels/train/nlb_fall_001198.txt,1,1,0,20,101630.0,"[""environment:rural"", ""environment:urban"", ""light:auto_bright_dark"", ""light:dark"", ""light:natural"", ""light:uniform"", ""time_of_day:day"", ""track_layout:curve"", ""track_layout:parallel structures"", ""weather:cloudy""]"
nlb_fall_001199,1199,4,train,usable,,images/nlb_fall_001199.png,annotations/nlb_fall_001199.json,masks/nlb_fall_001199.png,all_tracks,images/train/nlb_fall_001199.png,labels/train/nlb_fall_001199.txt,1,1,0,10,97621.0,"[""environment:rural"", ""environment:urban"", ""light:auto_bright_dark"", ""light:dark"", ""light:natural"", ""light:uniform"", ""time_of_day:day"", ""track_layout:parallel structures"", ""track_layout:straight"", ""weather:cloudy""]"
nlb_fall_001200,1200,4,train,usable,,images/nlb_fall_001200.png,annotations/nlb_fall_001200.json,masks/nlb_fall_001200.png,all_tracks,images/train/nlb_fall_001200.png,labels/train/nlb_fall_001200.txt,1,1,0,18,101117.0,"[""environment:rural"", ""environment:urban"", ""light:auto_bright_dark"", ""light:dark"", ""light:natural"", ""light:uniform"", ""time_of_day:day"", ""track_layout:curve"", ""track_layout:parallel structures"", ""track_layout:straight"", ""weather:cloudy""]"
nlb_fall_001201,1201,4,train,usable,,images/nlb_fall_001201.png,annotations/nlb_fall_001201.json,masks/nlb_fall_001201.png,all_tracks,images/train/nlb_fall_001201.png,labels/train/nlb_fall_001201.txt,1,1,0,26,100123.5,"[""environment:rural"", ""environment:urban"", ""light:auto_bright_dark"", ""light:dark"", ""light:natural"", ""light:uniform"", ""time_of_day:day"", ""track_layout:curve"", ""track_layout:parallel structures"", ""weather:cloudy""]"
nlb_fall_001202,1202,4,train,usable,,images/nlb_fall_001202.png,annotations/nlb_fall_001202.json,masks/nlb_fall_001202.png,all_tracks,images/train/nlb_fall_001202.png,labels/train/nlb_fall_001202.txt,1,1,0,32,104648.5,"[""environment:rural"", ""environment:urban"", ""light:auto_bright_dark"", ""light:natural"", ""light:uniform"", ""time_of_day:day"", ""track_layout:curve"", ""weather:cloudy""]"
nlb_fall_001203,1203,4,train,usable,,images/nlb_fall_001203.png,annotations/nlb_fall_001203.json,masks/nlb_fall_001203.png,all_tracks,images/train/nlb_fall_001203.png,labels/train/nlb_fall_001203.txt,1,1,0,34,105057.0,"[""environment:rural"", ""environment:urban"", ""light:auto_bright_dark"", ""light:natural"", ""light:uniform"", ""time_of_day:day"", ""track_layout:curve"", ""weather:cloudy""]"
nlb_fall_001204,1204,4,train,usable,,images/nlb_fall_001204.png,annotations/nlb_fall_001204.json,masks/nlb_fall_001204.png,all_tracks,images/train/nlb_fall_001204.png,labels/train/nlb_fall_001204.txt,1,1,0,28,105258.5,"[""environment:rural"", ""environment:urban"", ""light:auto_bright_dark"", ""light:natural"", ""light:uniform"", ""time_of_day:day"", ""track_layout:curve"", ""weather:cloudy""]"
nlb_fall_001205,1205,4,train,usable,,images/nlb_fall_001205.png,annotations/nlb_fall_001205.json,masks/nlb_fall_001205.png,all_tracks,images/train/nlb_fall_001205.png,labels/train/nlb_fall_001205.txt,1,5,4,24,101614.0,"[""environment:rural"", ""environment:station"", ""environment:urban"", ""light:auto_bright_dark"", ""light:natural"", ""light:uniform"", ""time_of_day:day"", ""track_layout:curve"", ""track_layout:straight"", ""weather:cloudy""]"
nlb_fall_001206,1206,4,train,usable,,images/nlb_fall_001206.png,annotations/nlb_fall_001206.json,masks/nlb_fall_001206.png,all_tracks,images/train/nlb_fall_001206.png,labels/train/nlb_fall_001206.txt,1,4,2,18,102784.5,"[""environment:rural"", ""environment:station"", ""environment:urban"", ""light:auto_bright_dark"", ""light:natural"", ""light:uniform"", ""time_of_day:day"", ""track_layout:curve"", ""track_layout:straight"", ""weather:cloudy""]"
nlb_fall_001207,1207,4,train,usable,,images/nlb_fall_001207.png,annotations/nlb_fall_001207.json,masks/nlb_fall_001207.png,all_tracks,images/train/nlb_fall_001207.png,labels/train/nlb_fall_001207.txt,1,3,1,6,100689.0,"[""environment:rural"", ""environment:station"", ""environment:urban"", ""light:auto_bright_dark"", ""light:natural"", ""light:uniform"", ""time_of_day:day"", ""track_layout:curve"", ""track_layout:straight"", ""weather:cloudy""]"
nlb_fall_001208,1208,4,train,usable,,images/nlb_fall_001208.png,annotations/nlb_fall_001208.json,masks/nlb_fall_001208.png,all_tracks,images/train/nlb_fall_001208.png,labels/train/nlb_fall_001208.txt,1,4,1,12,101872.0,"[""environment:rural"", ""environment:station"", ""environment:urban"", ""light:auto_bright_dark"", ""light:natural"", ""light:uniform"", ""time_of_day:day"", ""track_layout:curve"", ""track_layout:straight"", ""weather:cloudy""]"
nlb_fall_001209,1209,4,train,usable,,images/nlb_fall_001209.png,annotations/nlb_fall_001209.json,masks/nlb_fall_001209.png,all_tracks,images/train/nlb_fall_001209.png,labels/train/nlb_fall_001209.txt,1,3,1,14,103962.0,"[""environment:rural"", ""environment:station"", ""environment:urban"", ""light:auto_bright_dark"", ""light:natural"", ""light:uniform"", ""time_of_day:day"", ""track_layout:curve"", ""track_layout:straight"", ""weather:cloudy""]"
nlb_fall_001210,1210,4,train,usable,,images/nlb_fall_001210.png,annotations/nlb_fall_001210.json,masks/nlb_fall_001210.png,all_tracks,images/train/nlb_fall_001210.png,labels/train/nlb_fall_001210.txt,1,3,0,20,100876.5,"[""environment:rural"", ""environment:station"", ""environment:urban"", ""light:auto_bright_dark"", ""light:natural"", ""light:uniform"", ""time_of_day:day"", ""track_layout:curve"", ""track_layout:straight"", ""weather:cloudy""]"
nlb_fall_001211,1211,4,train,usable,,images/nlb_fall_001211.png,annotations/nlb_fall_001211.json,masks/nlb_fall_001211.png,all_tracks,images/train/nlb_fall_001211.png,labels/train/nlb_fall_001211.txt,1,3,2,18,102203.5,"[""environment:rural"", ""environment:station"", ""environment:urban"", ""light:auto_bright_dark"", ""light:natural"", ""light:uniform"", ""time_of_day:day"", ""track_layout:curve"", ""track_layout:straight"", ""weather:cloudy""]"
nlb_fall_001212,1212,4,train,usable,,images/nlb_fall_001212.png,annotations/nlb_fall_001212.json,masks/nlb_fall_001212.png,all_tracks,images/train/nlb_fall_001212.png,labels/train/nlb_fall_001212.txt,1,3,2,18,101119.0,"[""environment:rural"", ""environment:station"", ""environment:urban"", ""light:auto_bright_dark"", ""light:natural"", ""light:uniform"", ""time_of_day:day"", ""track_layout:curve"", ""track_layout:straight"", ""weather:cloudy""]"
nlb_fall_001213,1213,4,train,usable,,images/nlb_fall_001213.png,annotations/nlb_fall_001213.json,masks/nlb_fall_001213.png,all_tracks,images/train/nlb_fall_001213.png,labels/train/nlb_fall_001213.txt,1,3,2,20,100242.5,"[""environment:rural"", ""environment:station"", ""environment:urban"", ""light:auto_bright_dark"", ""light:natural"", ""light:uniform"", ""time_of_day:day"", ""track_layout:curve"", ""track_layout:straight"", ""weather:cloudy""]"
nlb_fall_001246,1246,4,train,usable,,images/nlb_fall_001246.png,annotations/nlb_fall_001246.json,masks/nlb_fall_001246.png,all_tracks,images/train/nlb_fall_001246.png,labels/train/nlb_fall_001246.txt,1,3,2,20,100991.5,"[""environment:rural"", ""environment:station"", ""environment:urban"", ""light:auto_bright_dark"", ""light:natural"", ""light:uniform"", ""time_of_day:day"", ""track_layout:curve"", ""track_layout:straight"", ""weather:cloudy""]"
nlb_fall_001247,1247,4,train,usable,,images/nlb_fall_001247.png,annotations/nlb_fall_001247.json,masks/nlb_fall_001247.png,all_tracks,images/train/nlb_fall_001247.png,labels/train/nlb_fall_001247.txt,1,3,2,20,101238.5,"[""environment:rural"", ""environment:station"", ""environment:urban"", ""light:auto_bright_dark"", ""light:natural"", ""light:uniform"", ""time_of_day:day"", ""track_layout:curve"", ""track_layout:straight"", ""weather:cloudy""]"
nlb_fall_001248,1248,4,train,usable,,images/nlb_fall_001248.png,annotations/nlb_fall_001248.json,masks/nlb_fall_001248.png,all_tracks,images/train/nlb_fall_001248.png,labels/train/nlb_fall_001248.txt,1,3,2,20,100864.0,"[""environment:rural"", ""environment:urban"", ""light:auto_bright_dark"", ""light:natural"", ""light:uniform"", ""time_of_day:day"", ""track_layout:curve"", ""track_layout:straight"", ""weather:cloudy""]"
nlb_fall_001249,1249,4,train,usable,,images/nlb_fall_001249.png,annotations/nlb_fall_001249.json,masks/nlb_fall_001249.png,all_tracks,images/train/nlb_fall_001249.png,labels/train/nlb_fall_001249.txt,1,2,1,20,101558.5,"[""environment:rural"", ""environment:urban"", ""light:auto_bright_dark"", ""light:natural"", ""light:uniform"", ""time_of_day:day"", ""track_layout:curve"", ""weather:cloudy""]"
nlb_fall_001250,1250,5,train,usable,,images/nlb_fall_001250.png,annotations/nlb_fall_001250.json,masks/nlb_fall_001250.png,all_tracks,images/train/nlb_fall_001250.png,labels/train/nlb_fall_001250.txt,1,1,0,24,105999.5,"[""environment:rural"", ""environment:urban"", ""light:auto_bright_dark"", ""light:natural"", ""light:uniform"", ""time_of_day:day"", ""track_layout:curve"", ""weather:cloudy""]"
nlb_fall_001251,1251,5,train,usable,,images/nlb_fall_001251.png,annotations/nlb_fall_001251.json,masks/nlb_fall_001251.png,all_tracks,images/train/nlb_fall_001251.png,labels/train/nlb_fall_001251.txt,1,1,0,24,101630.0,"[""environment:rural"", ""environment:urban"", ""light:auto_bright_dark"", ""light:natural"", ""light:uniform"", ""time_of_day:day"", ""track_layout:curve"", ""weather:cloudy""]"
nlb_fall_001252,1252,5,train,usable,,images/nlb_fall_001252.png,annotations/nlb_fall_001252.json,masks/nlb_fall_001252.png,all_tracks,images/train/nlb_fall_001252.png,labels/train/nlb_fall_001252.txt,1,1,0,22,100646.5,"[""environment:rural"", ""environment:urban"", ""light:auto_bright_dark"", ""light:natural"", ""light:uniform"", ""time_of_day:day"", ""track_layout:curve"", ""weather:cloudy""]"
nlb_fall_001253,1253,5,train,usable,,images/nlb_fall_001253.png,annotations/nlb_fall_001253.json,masks/nlb_fall_001253.png,all_tracks,images/train/nlb_fall_001253.png,labels/train/nlb_fall_001253.txt,1,1,0,24,101646.5,"[""environment:rural"", ""light:auto_bright_dark"", ""light:natural"", ""light:uniform"", ""time_of_day:day"", ""track_layout:curve"", ""weather:cloudy""]"
nlb_fall_001254,1254,5,train,usable,,images/nlb_fall_001254.png,annotations/nlb_fall_001254.json,masks/nlb_fall_001254.png,all_tracks,images/train/nlb_fall_001254.png,labels/train/nlb_fall_001254.txt,1,1,0,18,100923.0,"[""environment:rural"", ""light:auto_bright_dark"", ""light:natural"", ""light:uniform"", ""time_of_day:day"", ""track_layout:curve"", ""weather:cloudy""]"
nlb_fall_001255,1255,5,train,usable,,images/nlb_fall_001255.png,annotations/nlb_fall_001255.json,masks/nlb_fall_001255.png,all_tracks,images/train/nlb_fall_001255.png,labels/train/nlb_fall_001255.txt,1,1,0,22,101513.0,"[""environment:rural"", ""light:auto_bright_dark"", ""light:natural"", ""light:uniform"", ""time_of_day:day"", ""track_layout:curve"", ""weather:cloudy""]"
nlb_fall_001256,1256,5,train,usable,,images/nlb_fall_001256.png,annotations/nlb_fall_001256.json,masks/nlb_fall_001256.png,all_tracks,images/train/nlb_fall_001256.png,labels/train/nlb_fall_001256.txt,1,1,0,10,98892.0,"[""environment:rural"", ""light:auto_bright_dark"", ""light:natural"", ""light:uniform"", ""time_of_day:day"", ""track_layout:straight"", ""weather:cloudy""]"
nlb_fall_001257,1257,5,train,usable,,images/nlb_fall_001257.png,annotations/nlb_fall_001257.json,masks/nlb_fall_001257.png,all_tracks,images/train/nlb_fall_001257.png,labels/train/nlb_fall_001257.txt,1,1,0,12,99781.0,"[""environment:rural"", ""light:auto_bright_dark"", ""light:natural"", ""light:uniform"", ""time_of_day:day"", ""track_layout:straight"", ""weather:cloudy""]"
nlb_fall_001258,1258,5,train,usable,,images/nlb_fall_001258.png,annotations/nlb_fall_001258.json,masks/nlb_fall_001258.png,all_tracks,images/train/nlb_fall_001258.png,labels/train/nlb_fall_001258.txt,1,1,0,10,99685.5,"[""environment:rural"", ""light:auto_bright_dark"", ""light:natural"", ""light:uniform"", ""time_of_day:day"", ""track_layout:straight"", ""weather:cloudy""]"
nlb_fall_001259,1259,5,train,usable,,images/nlb_fall_001259.png,annotations/nlb_fall_001259.json,masks/nlb_fall_001259.png,all_tracks,images/train/nlb_fall_001259.png,labels/train/nlb_fall_001259.txt,1,1,0,12,100012.0,"[""environment:rural"", ""light:auto_bright_dark"", ""light:natural"", ""light:uniform"", ""time_of_day:day"", ""track_layout:straight"", ""weather:cloudy""]"
nlb_fall_001260,1260,5,train,usable,,images/nlb_fall_001260.png,annotations/nlb_fall_001260.json,masks/nlb_fall_001260.png,all_tracks,images/train/nlb_fall_001260.png,labels/train/nlb_fall_001260.txt,1,1,0,18,99020.0,"[""environment:rural"", ""light:auto_bright_dark"", ""light:natural"", ""light:uniform"", ""time_of_day:day"", ""track_layout:curve"", ""track_layout:straight"", ""weather:cloudy""]"
nlb_fall_001261,1261,5,train,usable,,images/nlb_fall_001261.png,annotations/nlb_fall_001261.json,masks/nlb_fall_001261.png,all_tracks,images/train/nlb_fall_001261.png,labels/train/nlb_fall_001261.txt,1,1,0,22,99233.0,"[""environment:rural"", ""light:auto_bright_dark"", ""light:natural"", ""light:uniform"", ""time_of_day:day"", ""track_layout:curve"", ""weather:cloudy""]"
nlb_fall_001262,1262,5,train,usable,,images/nlb_fall_001262.png,annotations/nlb_fall_001262.json,masks/nlb_fall_001262.png,all_tracks,images/train/nlb_fall_001262.png,labels/train/nlb_fall_001262.txt,1,1,0,20,100279.0,"[""environment:rural"", ""environment:urban"", ""light:auto_bright_dark"", ""light:natural"", ""light:uniform"", ""time_of_day:day"", ""track_layout:curve"", ""weather:cloudy""]"
nlb_fall_001263,1263,5,train,usable,,images/nlb_fall_001263.png,annotations/nlb_fall_001263.json,masks/nlb_fall_001263.png,all_tracks,images/train/nlb_fall_001263.png,labels/train/nlb_fall_001263.txt,1,1,0,26,98684.5,"[""environment:rural"", ""environment:urban"", ""light:auto_bright_dark"", ""light:natural"", ""light:uniform"", ""time_of_day:day"", ""track_layout:curve"", ""weather:cloudy""]"
nlb_fall_001264,1264,5,train,usable,,images/nlb_fall_001264.png,annotations/nlb_fall_001264.json,masks/nlb_fall_001264.png,all_tracks,images/train/nlb_fall_001264.png,labels/train/nlb_fall_001264.txt,1,1,0,24,99421.0,"[""environment:rural"", ""environment:urban"", ""light:auto_bright_dark"", ""light:natural"", ""light:uniform"", ""time_of_day:day"", ""track_layout:curve"", ""weather:cloudy""]"
nlb_fall_001265,1265,5,train,usable,,images/nlb_fall_001265.png,annotations/nlb_fall_001265.json,masks/nlb_fall_001265.png,all_tracks,images/train/nlb_fall_001265.png,labels/train/nlb_fall_001265.txt,1,1,0,24,99962.0,"[""environment:rural"", ""environment:urban"", ""light:auto_bright_dark"", ""light:natural"", ""light:uniform"", ""time_of_day:day"", ""track_layout:curve"", ""weather:cloudy""]"
nlb_fall_001266,1266,5,train,usable,,images/nlb_fall_001266.png,annotations/nlb_fall_001266.json,masks/nlb_fall_001266.png,all_tracks,images/train/nlb_fall_001266.png,labels/train/nlb_fall_001266.txt,1,1,0,28,98657.5,"[""environment:rural"", ""environment:urban"", ""light:auto_bright_dark"", ""light:natural"", ""light:uniform"", ""time_of_day:day"", ""track_layout:curve"", ""weather:cloudy""]"
nlb_fall_001267,1267,5,train,usable,,images/nlb_fall_001267.png,annotations/nlb_fall_001267.json,masks/nlb_fall_001267.png,all_tracks,images/train/nlb_fall_001267.png,labels/train/nlb_fall_001267.txt,1,1,0,32,100300.5,"[""environment:rural"", ""light:auto_bright_dark"", ""light:natural"", ""light:uniform"", ""time_of_day:day"", ""track_layout:curve"", ""weather:cloudy""]"
nlb_fall_001268,1268,5,train,usable,,images/nlb_fall_001268.png,annotations/nlb_fall_001268.json,masks/nlb_fall_001268.png,all_tracks,images/train/nlb_fall_001268.png,labels/train/nlb_fall_001268.txt,1,1,0,32,100613.0,"[""environment:rural"", ""light:auto_bright_dark"", ""light:natural"", ""light:uniform"", ""time_of_day:day"", ""track_layout:curve"", ""weather:cloudy""]"
nlb_fall_001269,1269,5,train,usable,,images/nlb_fall_001269.png,annotations/nlb_fall_001269.json,masks/nlb_fall_001269.png,all_tracks,images/train/nlb_fall_001269.png,labels/train/nlb_fall_001269.txt,1,1,0,32,101897.0,"[""environment:rural"", ""light:auto_bright_dark"", ""light:natural"", ""light:uniform"", ""time_of_day:day"", ""track_layout:curve"", ""weather:cloudy""]"
nlb_fall_001270,1270,5,train,usable,,images/nlb_fall_001270.png,annotations/nlb_fall_001270.json,masks/nlb_fall_001270.png,all_tracks,images/train/nlb_fall_001270.png,labels/train/nlb_fall_001270.txt,1,1,0,30,103033.5,"[""environment:rural"", ""light:auto_bright_dark"", ""light:natural"", ""light:uniform"", ""time_of_day:day"", ""track_layout:curve"", ""weather:cloudy""]"
nlb_fall_001271,1271,5,train,usable,,images/nlb_fall_001271.png,annotations/nlb_fall_001271.json,masks/nlb_fall_001271.png,all_tracks,images/train/nlb_fall_001271.png,labels/train/nlb_fall_001271.txt,1,1,0,24,99918.0,"[""environment:rural"", ""light:auto_bright_dark"", ""light:natural"", ""light:uniform"", ""time_of_day:day"", ""track_layout:curve"", ""weather:cloudy""]"
nlb_fall_001272,1272,5,train,usable,,images/nlb_fall_001272.png,annotations/nlb_fall_001272.json,masks/nlb_fall_001272.png,all_tracks,images/train/nlb_fall_001272.png,labels/train/nlb_fall_001272.txt,1,1,0,28,101089.5,"[""environment:rural"", ""light:auto_bright_dark"", ""light:natural"", ""light:uniform"", ""time_of_day:day"", ""track_layout:curve"", ""weather:cloudy""]"
nlb_fall_001273,1273,5,train,usable,,images/nlb_fall_001273.png,annotations/nlb_fall_001273.json,masks/nlb_fall_001273.png,all_tracks,images/train/nlb_fall_001273.png,labels/train/nlb_fall_001273.txt,1,1,0,32,98744.5,"[""environment:rural"", ""light:auto_bright_dark"", ""light:natural"", ""light:uniform"", ""time_of_day:day"", ""track_layout:curve"", ""weather:cloudy""]"
nlb_fall_001274,1274,5,train,usable,,images/nlb_fall_001274.png,annotations/nlb_fall_001274.json,masks/nlb_fall_001274.png,all_tracks,images/train/nlb_fall_001274.png,labels/train/nlb_fall_001274.txt,1,1,0,34,102126.0,"[""environment:rural"", ""light:auto_bright_dark"", ""light:natural"", ""light:uniform"", ""time_of_day:day"", ""track_layout:curve"", ""weather:cloudy""]"
nlb_fall_001275,1275,5,train,usable,,images/nlb_fall_001275.png,annotations/nlb_fall_001275.json,masks/nlb_fall_001275.png,all_tracks,images/train/nlb_fall_001275.png,labels/train/nlb_fall_001275.txt,1,1,0,32,101840.5,"[""environment:rural"", ""light:auto_bright_dark"", ""light:natural"", ""light:uniform"", ""time_of_day:day"", ""track_layout:curve"", ""weather:cloudy""]"
nlb_fall_001276,1276,5,train,usable,,images/nlb_fall_001276.png,annotations/nlb_fall_001276.json,masks/nlb_fall_001276.png,all_tracks,images/train/nlb_fall_001276.png,labels/train/nlb_fall_001276.txt,1,1,0,36,102698.0,"[""environment:rural"", ""light:auto_bright_dark"", ""light:natural"", ""light:uniform"", ""time_of_day:day"", ""track_layout:curve"", ""weather:cloudy""]"
nlb_fall_001277,1277,5,train,usable,,images/nlb_fall_001277.png,annotations/nlb_fall_001277.json,masks/nlb_fall_001277.png,all_tracks,images/train/nlb_fall_001277.png,labels/train/nlb_fall_001277.txt,1,1,0,38,103643.5,"[""environment:rural"", ""light:auto_bright_dark"", ""light:natural"", ""light:uniform"", ""time_of_day:day"", ""track_layout:curve"", ""weather:cloudy""]"
nlb_fall_001278,1278,5,train,usable,,images/nlb_fall_001278.png,annotations/nlb_fall_001278.json,masks/nlb_fall_001278.png,all_tracks,images/train/nlb_fall_001278.png,labels/train/nlb_fall_001278.txt,1,1,0,34,103013.5,"[""environment:rural"", ""light:auto_bright_dark"", ""light:natural"", ""light:uniform"", ""time_of_day:day"", ""track_layout:curve"", ""weather:cloudy""]"
nlb_fall_001279,1279,5,train,usable,,images/nlb_fall_001279.png,annotations/nlb_fall_001279.json,masks/nlb_fall_001279.png,all_tracks,images/train/nlb_fall_001279.png,labels/train/nlb_fall_001279.txt,1,1,0,24,98253.0,"[""environment:rural"", ""light:auto_bright_dark"", ""light:natural"", ""light:uniform"", ""time_of_day:day"", ""track_layout:curve"", ""weather:cloudy""]"
nlb_fall_001280,1280,5,train,usable,,images/nlb_fall_001280.png,annotations/nlb_fall_001280.json,masks/nlb_fall_001280.png,all_tracks,images/train/nlb_fall_001280.png,labels/train/nlb_fall_001280.txt,1,1,0,18,100490.5,"[""environment:rural"", ""light:auto_bright_dark"", ""light:natural"", ""light:uniform"", ""time_of_day:day"", ""track_layout:curve"", ""weather:cloudy""]"
nlb_fall_001281,1281,5,train,usable,,images/nlb_fall_001281.png,annotations/nlb_fall_001281.json,masks/nlb_fall_001281.png,all_tracks,images/train/nlb_fall_001281.png,labels/train/nlb_fall_001281.txt,1,1,0,22,99599.0,"[""environment:rural"", ""light:auto_bright_dark"", ""light:natural"", ""light:uniform"", ""time_of_day:day"", ""track_layout:curve"", ""weather:cloudy""]"
nlb_fall_001282,1282,5,train,usable,,images/nlb_fall_001282.png,annotations/nlb_fall_001282.json,masks/nlb_fall_001282.png,all_tracks,images/train/nlb_fall_001282.png,labels/train/nlb_fall_001282.txt,1,1,0,22,99620.0,"[""environment:rural"", ""light:auto_bright_dark"", ""light:natural"", ""light:uniform"", ""time_of_day:day"", ""track_layout:curve"", ""weather:cloudy""]"
nlb_fall_001283,1283,5,train,usable,,images/nlb_fall_001283.png,annotations/nlb_fall_001283.json,masks/nlb_fall_001283.png,all_tracks,images/train/nlb_fall_001283.png,labels/train/nlb_fall_001283.txt,1,1,0,22,98964.5,"[""environment:rural"", ""light:auto_bright_dark"", ""light:natural"", ""light:uniform"", ""time_of_day:day"", ""track_layout:curve"", ""weather:cloudy""]"
nlb_fall_001284,1284,5,train,usable,,images/nlb_fall_001284.png,annotations/nlb_fall_001284.json,masks/nlb_fall_001284.png,all_tracks,images/train/nlb_fall_001284.png,labels/train/nlb_fall_001284.txt,1,1,0,18,101570.5,"[""environment:rural"", ""light:auto_bright_dark"", ""light:natural"", ""light:uniform"", ""time_of_day:day"", ""track_layout:curve"", ""weather:cloudy""]"
nlb_fall_001285,1285,5,train,usable,,images/nlb_fall_001285.png,annotations/nlb_fall_001285.json,masks/nlb_fall_001285.png,all_tracks,images/train/nlb_fall_001285.png,labels/train/nlb_fall_001285.txt,1,1,0,20,100645.0,"[""environment:rural"", ""light:auto_bright_dark"", ""light:natural"", ""light:uniform"", ""time_of_day:day"", ""track_layout:straight"", ""weather:cloudy""]"
nlb_fall_001286,1286,5,train,usable,,images/nlb_fall_001286.png,annotations/nlb_fall_001286.json,masks/nlb_fall_001286.png,all_tracks,images/train/nlb_fall_001286.png,labels/train/nlb_fall_001286.txt,1,1,0,12,100204.5,"[""environment:rural"", ""light:auto_bright_dark"", ""light:natural"", ""light:uniform"", ""time_of_day:day"", ""track_layout:straight"", ""weather:cloudy""]"
nlb_fall_001287,1287,5,train,usable,,images/nlb_fall_001287.png,annotations/nlb_fall_001287.json,masks/nlb_fall_001287.png,all_tracks,images/train/nlb_fall_001287.png,labels/train/nlb_fall_001287.txt,1,1,0,16,101245.5,"[""environment:rural"", ""light:auto_bright_dark"", ""light:natural"", ""light:uniform"", ""time_of_day:day"", ""track_layout:straight"", ""weather:cloudy""]"
nlb_fall_001288,1288,5,train,usable,,images/nlb_fall_001288.png,annotations/nlb_fall_001288.json,masks/nlb_fall_001288.png,all_tracks,images/train/nlb_fall_001288.png,labels/train/nlb_fall_001288.txt,1,1,0,8,101702.5,"[""environment:rural"", ""light:auto_bright_dark"", ""light:natural"", ""light:uniform"", ""time_of_day:day"", ""track_layout:straight"", ""weather:cloudy""]"
nlb_fall_001289,1289,5,train,usable,,images/nlb_fall_001289.png,annotations/nlb_fall_001289.json,masks/nlb_fall_001289.png,all_tracks,images/train/nlb_fall_001289.png,labels/train/nlb_fall_001289.txt,1,1,0,10,101281.5,"[""environment:rural"", ""light:auto_bright_dark"", ""light:natural"", ""light:uniform"", ""time_of_day:day"", ""track_layout:straight"", ""weather:cloudy""]"
nlb_fall_001290,1290,5,train,usable,,images/nlb_fall_001290.png,annotations/nlb_fall_001290.json,masks/nlb_fall_001290.png,all_tracks,images/train/nlb_fall_001290.png,labels/train/nlb_fall_001290.txt,1,1,0,24,100738.5,"[""environment:rural"", ""light:auto_bright_dark"", ""light:natural"", ""light:uniform"", ""time_of_day:day"", ""track_layout:curve"", ""track_layout:straight"", ""weather:cloudy""]"
nlb_fall_001291,1291,5,train,usable,,images/nlb_fall_001291.png,annotations/nlb_fall_001291.json,masks/nlb_fall_001291.png,all_tracks,images/train/nlb_fall_001291.png,labels/train/nlb_fall_001291.txt,1,1,0,29,103022.5,"[""environment:rural"", ""light:auto_bright_dark"", ""light:natural"", ""light:uniform"", ""time_of_day:day"", ""track_layout:curve"", ""weather:cloudy""]"
nlb_fall_001292,1292,5,train,usable,,images/nlb_fall_001292.png,annotations/nlb_fall_001292.json,masks/nlb_fall_001292.png,all_tracks,images/train/nlb_fall_001292.png,labels/train/nlb_fall_001292.txt,1,1,0,34,105032.5,"[""environment:rural"", ""light:auto_bright_dark"", ""light:natural"", ""light:uniform"", ""time_of_day:day"", ""track_layout:curve"", ""weather:cloudy""]"
nlb_fall_001293,1293,5,train,usable,,images/nlb_fall_001293.png,annotations/nlb_fall_001293.json,masks/nlb_fall_001293.png,all_tracks,images/train/nlb_fall_001293.png,labels/train/nlb_fall_001293.txt,1,1,0,22,102907.5,"[""environment:rural"", ""light:auto_bright_dark"", ""light:natural"", ""light:uniform"", ""time_of_day:day"", ""track_layout:curve"", ""weather:cloudy""]"
nlb_fall_001294,1294,5,train,usable,,images/nlb_fall_001294.png,annotations/nlb_fall_001294.json,masks/nlb_fall_001294.png,all_tracks,images/train/nlb_fall_001294.png,labels/train/nlb_fall_001294.txt,1,1,0,20,99453.0,"[""environment:rural"", ""light:auto_bright_dark"", ""light:dark"", ""light:natural"", ""light:uniform"", ""time_of_day:day"", ""track_layout:curve"", ""weather:cloudy""]"
nlb_fall_001295,1295,5,train,usable,,images/nlb_fall_001295.png,annotations/nlb_fall_001295.json,masks/nlb_fall_001295.png,all_tracks,images/train/nlb_fall_001295.png,labels/train/nlb_fall_001295.txt,1,1,0,26,99707.0,"[""environment:rural"", ""light:auto_bright_dark"", ""light:natural"", ""light:uniform"", ""time_of_day:day"", ""track_layout:curve"", ""weather:cloudy""]"
nlb_fall_001296,1296,5,train,usable,,images/nlb_fall_001296.png,annotations/nlb_fall_001296.json,masks/nlb_fall_001296.png,all_tracks,images/train/nlb_fall_001296.png,labels/train/nlb_fall_001296.txt,1,1,0,22,99089.0,"[""environment:rural"", ""light:auto_bright_dark"", ""light:natural"", ""light:uniform"", ""time_of_day:day"", ""track_layout:curve"", ""weather:cloudy""]"
nlb_fall_001297,1297,5,train,usable,,images/nlb_fall_001297.png,annotations/nlb_fall_001297.json,masks/nlb_fall_001297.png,all_tracks,images/train/nlb_fall_001297.png,labels/train/nlb_fall_001297.txt,1,1,0,28,100144.0,"[""environment:rural"", ""light:auto_bright_dark"", ""light:natural"", ""light:uniform"", ""time_of_day:day"", ""track_layout:curve"", ""weather:cloudy""]"
nlb_fall_001298,1298,5,train,usable,,images/nlb_fall_001298.png,annotations/nlb_fall_001298.json,masks/nlb_fall_001298.png,all_tracks,images/train/nlb_fall_001298.png,labels/train/nlb_fall_001298.txt,1,1,0,24,99654.5,"[""environment:rural"", ""light:auto_bright_dark"", ""light:natural"", ""light:uniform"", ""time_of_day:day"", ""track_layout:curve"", ""weather:cloudy""]"
nlb_fall_001299,1299,5,train,usable,,images/nlb_fall_001299.png,annotations/nlb_fall_001299.json,masks/nlb_fall_001299.png,all_tracks,images/train/nlb_fall_001299.png,labels/train/nlb_fall_001299.txt,1,1,0,28,102119.0,"[""environment:rural"", ""light:auto_bright_dark"", ""light:natural"", ""light:uniform"", ""time_of_day:day"", ""track_layout:curve"", ""weather:cloudy""]"
nlb_fall_001300,1300,5,train,usable,,images/nlb_fall_001300.png,annotations/nlb_fall_001300.json,masks/nlb_fall_001300.png,all_tracks,images/train/nlb_fall_001300.png,labels/train/nlb_fall_001300.txt,1,1,0,20,102499.5,"[""environment:rural"", ""light:auto_bright_dark"", ""light:natural"", ""light:uniform"", ""time_of_day:day"", ""track_layout:curve"", ""weather:cloudy""]"
nlb_fall_001301,1301,5,train,usable,,images/nlb_fall_001301.png,annotations/nlb_fall_001301.json,masks/nlb_fall_001301.png,all_tracks,images/train/nlb_fall_001301.png,labels/train/nlb_fall_001301.txt,1,1,0,18,4220.0,"[""environment:underground"", ""light:auto_bright_dark"", ""light:dark"", ""light:hard shadows"", ""time_of_day:day"", ""track_layout:curve"", ""weather:cloudy""]"
nlb_fall_001302,1302,,,excluded,self_intersecting_polygon,images/nlb_fall_001302.png,annotations/nlb_fall_001302.json,masks/nlb_fall_001302.png,all_tracks,,,1,1,0,0,0,"[""environment:rural"", ""light:auto_bright_dark"", ""light:natural"", ""light:uniform"", ""time_of_day:day"", ""track_layout:curve"", ""weather:cloudy""]"
nlb_fall_001303,1303,5,train,usable,,images/nlb_fall_001303.png,annotations/nlb_fall_001303.json,masks/nlb_fall_001303.png,all_tracks,images/train/nlb_fall_001303.png,labels/train/nlb_fall_001303.txt,1,1,0,30,102462.5,"[""environment:rural"", ""light:auto_bright_dark"", ""light:natural"", ""light:uniform"", ""time_of_day:day"", ""track_layout:curve"", ""weather:cloudy""]"
nlb_fall_001304,1304,5,train,usable,,images/nlb_fall_001304.png,annotations/nlb_fall_001304.json,masks/nlb_fall_001304.png,all_tracks,images/train/nlb_fall_001304.png,labels/train/nlb_fall_001304.txt,1,1,0,24,102780.0,"[""environment:rural"", ""light:auto_bright_dark"", ""light:natural"", ""light:uniform"", ""time_of_day:day"", ""track_layout:curve"", ""weather:cloudy""]"
nlb_fall_001305,1305,5,train,usable,,images/nlb_fall_001305.png,annotations/nlb_fall_001305.json,masks/nlb_fall_001305.png,all_tracks,images/train/nlb_fall_001305.png,labels/train/nlb_fall_001305.txt,1,1,0,24,104700.5,"[""environment:rural"", ""light:auto_bright_dark"", ""light:natural"", ""light:uniform"", ""time_of_day:day"", ""track_layout:curve"", ""weather:cloudy""]"
nlb_fall_001306,1306,5,train,usable,,images/nlb_fall_001306.png,annotations/nlb_fall_001306.json,masks/nlb_fall_001306.png,all_tracks,images/train/nlb_fall_001306.png,labels/train/nlb_fall_001306.txt,1,1,0,26,103721.5,"[""environment:rural"", ""light:auto_bright_dark"", ""light:natural"", ""light:uniform"", ""time_of_day:day"", ""track_layout:curve"", ""weather:cloudy""]"
nlb_fall_001307,1307,5,train,usable,,images/nlb_fall_001307.png,annotations/nlb_fall_001307.json,masks/nlb_fall_001307.png,all_tracks,images/train/nlb_fall_001307.png,labels/train/nlb_fall_001307.txt,1,1,0,28,102252.5,"[""environment:rural"", ""light:auto_bright_dark"", ""light:natural"", ""light:uniform"", ""time_of_day:day"", ""track_layout:curve"", ""weather:cloudy""]"
nlb_fall_001308,1308,5,train,usable,,images/nlb_fall_001308.png,annotations/nlb_fall_001308.json,masks/nlb_fall_001308.png,all_tracks,images/train/nlb_fall_001308.png,labels/train/nlb_fall_001308.txt,1,1,0,24,101847.5,"[""environment:rural"", ""light:auto_bright_dark"", ""light:natural"", ""light:uniform"", ""time_of_day:day"", ""track_layout:curve"", ""weather:cloudy""]"
nlb_fall_001309,1309,5,train,usable,,images/nlb_fall_001309.png,annotations/nlb_fall_001309.json,masks/nlb_fall_001309.png,all_tracks,images/train/nlb_fall_001309.png,labels/train/nlb_fall_001309.txt,1,1,0,26,100546.5,"[""environment:rural"", ""light:auto_bright_dark"", ""light:natural"", ""light:uniform"", ""time_of_day:day"", ""track_layout:curve"", ""weather:cloudy""]"
nlb_fall_001310,1310,5,train,usable,,images/nlb_fall_001310.png,annotations/nlb_fall_001310.json,masks/nlb_fall_001310.png,all_tracks,images/train/nlb_fall_001310.png,labels/train/nlb_fall_001310.txt,1,1,0,30,101186.5,"[""environment:rural"", ""light:auto_bright_dark"", ""light:natural"", ""light:uniform"", ""time_of_day:day"", ""track_layout:curve"", ""weather:cloudy""]"
nlb_fall_001311,1311,5,train,usable,,images/nlb_fall_001311.png,annotations/nlb_fall_001311.json,masks/nlb_fall_001311.png,all_tracks,images/train/nlb_fall_001311.png,labels/train/nlb_fall_001311.txt,1,1,0,22,99737.0,"[""environment:rural"", ""light:auto_bright_dark"", ""light:natural"", ""light:uniform"", ""time_of_day:day"", ""track_layout:curve"", ""weather:cloudy""]"
nlb_fall_001312,1312,5,train,usable,,images/nlb_fall_001312.png,annotations/nlb_fall_001312.json,masks/nlb_fall_001312.png,all_tracks,images/train/nlb_fall_001312.png,labels/train/nlb_fall_001312.txt,1,1,0,24,102392.0,"[""environment:rural"", ""light:auto_bright_dark"", ""light:natural"", ""light:uniform"", ""time_of_day:day"", ""track_layout:curve"", ""weather:cloudy""]"
nlb_fall_001313,1313,5,train,usable,,images/nlb_fall_001313.png,annotations/nlb_fall_001313.json,masks/nlb_fall_001313.png,all_tracks,images/train/nlb_fall_001313.png,labels/train/nlb_fall_001313.txt,1,1,0,28,101857.5,"[""environment:rural"", ""light:auto_bright_dark"", ""light:natural"", ""light:uniform"", ""time_of_day:day"", ""track_layout:curve"", ""weather:cloudy""]"
nlb_fall_001314,1314,5,train,usable,,images/nlb_fall_001314.png,annotations/nlb_fall_001314.json,masks/nlb_fall_001314.png,all_tracks,images/train/nlb_fall_001314.png,labels/train/nlb_fall_001314.txt,1,1,0,28,100190.0,"[""environment:rural"", ""light:auto_bright_dark"", ""light:natural"", ""light:uniform"", ""time_of_day:day"", ""track_layout:curve"", ""weather:cloudy""]"
nlb_fall_001315,1315,,,excluded,self_intersecting_polygon,images/nlb_fall_001315.png,annotations/nlb_fall_001315.json,masks/nlb_fall_001315.png,all_tracks,,,1,1,0,0,0,"[""environment:rural"", ""light:auto_bright_dark"", ""light:natural"", ""light:uniform"", ""time_of_day:day"", ""track_layout:curve"", ""weather:cloudy""]"
nlb_fall_001316,1316,5,train,usable,,images/nlb_fall_001316.png,annotations/nlb_fall_001316.json,masks/nlb_fall_001316.png,all_tracks,images/train/nlb_fall_001316.png,labels/train/nlb_fall_001316.txt,1,1,0,18,99471.5,"[""environment:rural"", ""light:auto_bright_dark"", ""light:natural"", ""light:uniform"", ""time_of_day:day"", ""track_layout:curve"", ""weather:cloudy""]"
nlb_fall_001317,1317,5,train,usable,,images/nlb_fall_001317.png,annotations/nlb_fall_001317.json,masks/nlb_fall_001317.png,all_tracks,images/train/nlb_fall_001317.png,labels/train/nlb_fall_001317.txt,1,1,0,20,99144.5,"[""environment:rural"", ""light:auto_bright_dark"", ""light:natural"", ""light:uniform"", ""time_of_day:day"", ""track_layout:curve"", ""weather:cloudy""]"
nlb_fall_001318,1318,5,train,usable,,images/nlb_fall_001318.png,annotations/nlb_fall_001318.json,masks/nlb_fall_001318.png,all_tracks,images/train/nlb_fall_001318.png,labels/train/nlb_fall_001318.txt,1,1,0,22,97916.5,"[""environment:rural"", ""light:auto_bright_dark"", ""light:natural"", ""light:uniform"", ""time_of_day:day"", ""track_layout:curve"", ""weather:cloudy""]"
nlb_fall_001319,1319,5,train,usable,,images/nlb_fall_001319.png,annotations/nlb_fall_001319.json,masks/nlb_fall_001319.png,all_tracks,images/train/nlb_fall_001319.png,labels/train/nlb_fall_001319.txt,1,1,0,22,100876.5,"[""environment:rural"", ""light:auto_bright_dark"", ""light:dark"", ""light:natural"", ""light:uniform"", ""time_of_day:day"", ""track_layout:curve"", ""weather:cloudy""]"
nlb_fall_001320,1320,5,train,usable,,images/nlb_fall_001320.png,annotations/nlb_fall_001320.json,masks/nlb_fall_001320.png,all_tracks,images/train/nlb_fall_001320.png,labels/train/nlb_fall_001320.txt,1,1,0,38,106175.5,"[""environment:rural"", ""light:auto_bright_dark"", ""light:natural"", ""light:uniform"", ""time_of_day:day"", ""track_layout:curve"", ""weather:cloudy""]"
nlb_fall_001321,1321,5,train,usable,,images/nlb_fall_001321.png,annotations/nlb_fall_001321.json,masks/nlb_fall_001321.png,all_tracks,images/train/nlb_fall_001321.png,labels/train/nlb_fall_001321.txt,1,1,0,34,107344.5,"[""environment:rural"", ""light:auto_bright_dark"", ""light:natural"", ""light:uniform"", ""time_of_day:day"", ""track_layout:curve"", ""weather:cloudy""]"
nlb_fall_001322,1322,5,train,usable,,images/nlb_fall_001322.png,annotations/nlb_fall_001322.json,masks/nlb_fall_001322.png,all_tracks,images/train/nlb_fall_001322.png,labels/train/nlb_fall_001322.txt,1,1,0,22,102779.5,"[""environment:rural"", ""light:auto_bright_dark"", ""light:natural"", ""light:uniform"", ""time_of_day:day"", ""track_layout:curve"", ""weather:cloudy""]"
nlb_fall_001323,1323,5,train,usable,,images/nlb_fall_001323.png,annotations/nlb_fall_001323.json,masks/nlb_fall_001323.png,all_tracks,images/train/nlb_fall_001323.png,labels/train/nlb_fall_001323.txt,1,1,0,18,97283.5,"[""environment:rural"", ""light:auto_bright_dark"", ""light:natural"", ""light:uniform"", ""time_of_day:day"", ""track_layout:curve"", ""track_layout:straight"", ""weather:cloudy""]"
nlb_fall_001324,1324,5,train,usable,,images/nlb_fall_001324.png,annotations/nlb_fall_001324.json,masks/nlb_fall_001324.png,all_tracks,images/train/nlb_fall_001324.png,labels/train/nlb_fall_001324.txt,1,1,0,22,98692.0,"[""environment:rural"", ""light:auto_bright_dark"", ""light:natural"", ""light:uniform"", ""time_of_day:day"", ""track_layout:curve"", ""weather:cloudy""]"
nlb_fall_001325,1325,5,train,usable,,images/nlb_fall_001325.png,annotations/nlb_fall_001325.json,masks/nlb_fall_001325.png,all_tracks,images/train/nlb_fall_001325.png,labels/train/nlb_fall_001325.txt,1,1,0,30,104500.5,"[""environment:rural"", ""light:auto_bright_dark"", ""light:natural"", ""light:uniform"", ""time_of_day:day"", ""track_layout:curve"", ""weather:cloudy""]"
nlb_fall_001326,1326,5,train,usable,,images/nlb_fall_001326.png,annotations/nlb_fall_001326.json,masks/nlb_fall_001326.png,all_tracks,images/train/nlb_fall_001326.png,labels/train/nlb_fall_001326.txt,1,1,0,18,103439.5,"[""environment:rural"", ""light:auto_bright_dark"", ""light:natural"", ""light:uniform"", ""time_of_day:day"", ""track_layout:curve"", ""weather:cloudy""]"
nlb_fall_001327,1327,5,train,usable,,images/nlb_fall_001327.png,annotations/nlb_fall_001327.json,masks/nlb_fall_001327.png,all_tracks,images/train/nlb_fall_001327.png,labels/train/nlb_fall_001327.txt,1,2,1,16,103179.5,"[""environment:rural"", ""light:auto_bright_dark"", ""light:natural"", ""light:uniform"", ""time_of_day:day"", ""track_layout:curve"", ""track_layout:straight"", ""weather:cloudy""]"
nlb_fall_001328,1328,5,train,usable,,images/nlb_fall_001328.png,annotations/nlb_fall_001328.json,masks/nlb_fall_001328.png,all_tracks,images/train/nlb_fall_001328.png,labels/train/nlb_fall_001328.txt,1,2,1,16,103231.0,"[""environment:rural"", ""environment:station"", ""light:auto_bright_dark"", ""light:natural"", ""light:uniform"", ""time_of_day:day"", ""track_layout:curve"", ""track_layout:straight"", ""weather:cloudy""]"
nlb_fall_001329,1329,5,train,usable,,images/nlb_fall_001329.png,annotations/nlb_fall_001329.json,masks/nlb_fall_001329.png,all_tracks,images/train/nlb_fall_001329.png,labels/train/nlb_fall_001329.txt,1,2,0,18,100851.0,"[""environment:rural"", ""environment:station"", ""environment:urban"", ""light:auto_bright_dark"", ""light:natural"", ""light:uniform"", ""time_of_day:day"", ""track_layout:curve"", ""track_layout:straight"", ""weather:cloudy""]"
nlb_fall_001330,1330,5,train,usable,,images/nlb_fall_001330.png,annotations/nlb_fall_001330.json,masks/nlb_fall_001330.png,all_tracks,images/train/nlb_fall_001330.png,labels/train/nlb_fall_001330.txt,1,2,0,16,99954.0,"[""environment:rural"", ""environment:urban"", ""light:auto_bright_dark"", ""light:natural"", ""light:uniform"", ""time_of_day:day"", ""track_layout:curve"", ""track_layout:straight"", ""weather:cloudy""]"
nlb_fall_001331,1331,5,train,usable,,images/nlb_fall_001331.png,annotations/nlb_fall_001331.json,masks/nlb_fall_001331.png,all_tracks,images/train/nlb_fall_001331.png,labels/train/nlb_fall_001331.txt,1,2,1,16,99484.5,"[""environment:rural"", ""environment:urban"", ""light:auto_bright_dark"", ""light:natural"", ""light:uniform"", ""time_of_day:day"", ""track_layout:curve"", ""weather:cloudy""]"
nlb_fall_001332,1332,5,train,usable,,images/nlb_fall_001332.png,annotations/nlb_fall_001332.json,masks/nlb_fall_001332.png,all_tracks,images/train/nlb_fall_001332.png,labels/train/nlb_fall_001332.txt,1,1,0,10,102348.5,"[""environment:rural"", ""light:auto_bright_dark"", ""light:natural"", ""light:uniform"", ""time_of_day:day"", ""track_layout:curve"", ""track_layout:parallel structures"", ""weather:cloudy""]"
nlb_fall_001333,1333,5,train,usable,,images/nlb_fall_001333.png,annotations/nlb_fall_001333.json,masks/nlb_fall_001333.png,all_tracks,images/train/nlb_fall_001333.png,labels/train/nlb_fall_001333.txt,1,1,0,24,100299.5,"[""environment:rural"", ""light:auto_bright_dark"", ""light:natural"", ""light:uniform"", ""time_of_day:day"", ""track_layout:curve"", ""track_layout:parallel structures"", ""weather:cloudy""]"
nlb_fall_001334,1334,5,train,usable,,images/nlb_fall_001334.png,annotations/nlb_fall_001334.json,masks/nlb_fall_001334.png,all_tracks,images/train/nlb_fall_001334.png,labels/train/nlb_fall_001334.txt,1,1,0,26,100119.0,"[""environment:rural"", ""light:auto_bright_dark"", ""light:natural"", ""light:uniform"", ""time_of_day:day"", ""track_layout:curve"", ""weather:cloudy""]"
nlb_fall_001335,1335,5,train,usable,,images/nlb_fall_001335.png,annotations/nlb_fall_001335.json,masks/nlb_fall_001335.png,all_tracks,images/train/nlb_fall_001335.png,labels/train/nlb_fall_001335.txt,1,1,0,22,99164.0,"[""environment:rural"", ""light:auto_bright_dark"", ""light:natural"", ""light:uniform"", ""time_of_day:day"", ""track_layout:curve"", ""weather:cloudy""]"
nlb_fall_001336,1336,5,train,usable,,images/nlb_fall_001336.png,annotations/nlb_fall_001336.json,masks/nlb_fall_001336.png,all_tracks,images/train/nlb_fall_001336.png,labels/train/nlb_fall_001336.txt,1,1,0,20,99599.0,"[""environment:rural"", ""light:auto_bright_dark"", ""light:natural"", ""light:uniform"", ""time_of_day:day"", ""track_layout:curve"", ""weather:cloudy""]"
nlb_fall_001337,1337,5,train,usable,,images/nlb_fall_001337.png,annotations/nlb_fall_001337.json,masks/nlb_fall_001337.png,all_tracks,images/train/nlb_fall_001337.png,labels/train/nlb_fall_001337.txt,1,1,0,20,100197.5,"[""environment:rural"", ""light:auto_bright_dark"", ""light:natural"", ""light:uniform"", ""time_of_day:day"", ""track_layout:curve"", ""weather:cloudy""]"
nlb_fall_001338,1338,5,train,usable,,images/nlb_fall_001338.png,annotations/nlb_fall_001338.json,masks/nlb_fall_001338.png,all_tracks,images/train/nlb_fall_001338.png,labels/train/nlb_fall_001338.txt,1,1,0,12,102362.0,"[""environment:rural"", ""light:auto_bright_dark"", ""light:natural"", ""light:uniform"", ""time_of_day:day"", ""track_layout:curve"", ""weather:cloudy""]"
nlb_fall_001339,1339,5,train,usable,,images/nlb_fall_001339.png,annotations/nlb_fall_001339.json,masks/nlb_fall_001339.png,all_tracks,images/train/nlb_fall_001339.png,labels/train/nlb_fall_001339.txt,1,1,0,8,98067.0,"[""environment:rural"", ""light:auto_bright_dark"", ""light:natural"", ""light:uniform"", ""time_of_day:day"", ""track_layout:straight"", ""weather:cloudy""]"
nlb_fall_001340,1340,5,train,usable,,images/nlb_fall_001340.png,annotations/nlb_fall_001340.json,masks/nlb_fall_001340.png,all_tracks,images/train/nlb_fall_001340.png,labels/train/nlb_fall_001340.txt,1,1,0,12,100172.0,"[""environment:rural"", ""light:auto_bright_dark"", ""light:natural"", ""light:uniform"", ""time_of_day:day"", ""track_layout:curve"", ""track_layout:straight"", ""weather:cloudy""]"
nlb_fall_001341,1341,5,train,usable,,images/nlb_fall_001341.png,annotations/nlb_fall_001341.json,masks/nlb_fall_001341.png,all_tracks,images/train/nlb_fall_001341.png,labels/train/nlb_fall_001341.txt,1,1,0,16,98611.5,"[""environment:rural"", ""light:auto_bright_dark"", ""light:natural"", ""light:uniform"", ""time_of_day:day"", ""track_layout:curve"", ""weather:cloudy""]"
nlb_fall_001342,1342,5,train,usable,,images/nlb_fall_001342.png,annotations/nlb_fall_001342.json,masks/nlb_fall_001342.png,all_tracks,images/train/nlb_fall_001342.png,labels/train/nlb_fall_001342.txt,1,1,0,14,100620.5,"[""environment:rural"", ""light:auto_bright_dark"", ""light:natural"", ""light:uniform"", ""time_of_day:day"", ""track_layout:curve"", ""weather:cloudy""]"
nlb_fall_001343,1343,5,train,usable,,images/nlb_fall_001343.png,annotations/nlb_fall_001343.json,masks/nlb_fall_001343.png,all_tracks,images/train/nlb_fall_001343.png,labels/train/nlb_fall_001343.txt,1,1,0,16,99132.0,"[""environment:rural"", ""light:auto_bright_dark"", ""light:natural"", ""light:uniform"", ""time_of_day:day"", ""track_layout:curve"", ""weather:cloudy""]"
nlb_fall_001344,1344,5,train,usable,,images/nlb_fall_001344.png,annotations/nlb_fall_001344.json,masks/nlb_fall_001344.png,all_tracks,images/train/nlb_fall_001344.png,labels/train/nlb_fall_001344.txt,1,1,0,18,100261.0,"[""environment:rural"", ""light:auto_bright_dark"", ""light:natural"", ""light:uniform"", ""time_of_day:day"", ""track_layout:curve"", ""weather:cloudy""]"
nlb_fall_001345,1345,5,train,usable,,images/nlb_fall_001345.png,annotations/nlb_fall_001345.json,masks/nlb_fall_001345.png,all_tracks,images/train/nlb_fall_001345.png,labels/train/nlb_fall_001345.txt,1,1,0,16,101780.0,"[""environment:rural"", ""light:auto_bright_dark"", ""light:natural"", ""light:uniform"", ""time_of_day:day"", ""track_layout:curve"", ""weather:cloudy""]"
nlb_fall_001346,1346,5,train,usable,,images/nlb_fall_001346.png,annotations/nlb_fall_001346.json,masks/nlb_fall_001346.png,all_tracks,images/train/nlb_fall_001346.png,labels/train/nlb_fall_001346.txt,1,1,0,26,101056.0,"[""environment:rural"", ""light:auto_bright_dark"", ""light:natural"", ""light:uniform"", ""time_of_day:day"", ""track_layout:curve"", ""weather:cloudy""]"
nlb_fall_001347,1347,5,train,usable,,images/nlb_fall_001347.png,annotations/nlb_fall_001347.json,masks/nlb_fall_001347.png,all_tracks,images/train/nlb_fall_001347.png,labels/train/nlb_fall_001347.txt,1,1,0,24,99997.0,"[""environment:rural"", ""light:auto_bright_dark"", ""light:natural"", ""light:uniform"", ""time_of_day:day"", ""track_layout:curve"", ""weather:cloudy""]"
nlb_fall_001348,1348,5,train,usable,,images/nlb_fall_001348.png,annotations/nlb_fall_001348.json,masks/nlb_fall_001348.png,all_tracks,images/train/nlb_fall_001348.png,labels/train/nlb_fall_001348.txt,1,1,0,20,100138.0,"[""environment:rural"", ""light:auto_bright_dark"", ""light:natural"", ""light:uniform"", ""time_of_day:day"", ""track_layout:curve"", ""weather:cloudy""]"
nlb_fall_001349,1349,5,train,usable,,images/nlb_fall_001349.png,annotations/nlb_fall_001349.json,masks/nlb_fall_001349.png,all_tracks,images/train/nlb_fall_001349.png,labels/train/nlb_fall_001349.txt,1,1,0,24,100655.5,"[""environment:rural"", ""light:auto_bright_dark"", ""light:natural"", ""light:uniform"", ""time_of_day:day"", ""track_layout:curve"", ""weather:cloudy""]"
nlb_fall_001350,1350,5,train,usable,,images/nlb_fall_001350.png,annotations/nlb_fall_001350.json,masks/nlb_fall_001350.png,all_tracks,images/train/nlb_fall_001350.png,labels/train/nlb_fall_001350.txt,1,1,0,18,101553.5,"[""environment:rural"", ""light:auto_bright_dark"", ""light:natural"", ""light:uniform"", ""time_of_day:day"", ""track_layout:curve"", ""weather:cloudy""]"
nlb_fall_001351,1351,5,train,usable,,images/nlb_fall_001351.png,annotations/nlb_fall_001351.json,masks/nlb_fall_001351.png,all_tracks,images/train/nlb_fall_001351.png,labels/train/nlb_fall_001351.txt,1,1,0,16,102303.5,"[""environment:rural"", ""light:auto_bright_dark"", ""light:natural"", ""light:uniform"", ""time_of_day:day"", ""track_layout:curve"", ""weather:cloudy""]"
nlb_fall_001352,1352,,,excluded,ego_track_count_0,images/nlb_fall_001352.png,annotations/nlb_fall_001352.json,masks/nlb_fall_001352.png,all_tracks,,,0,0,0,0,0,"[""environment:underground"", ""light:auto_bright_dark"", ""light:dark"", ""light:hard shadows"", ""time_of_day:unknown"", ""track_layout:unknown"", ""weather:unknown""]"
nlb_fall_001353,1353,,,excluded,ego_track_count_0,images/nlb_fall_001353.png,annotations/nlb_fall_001353.json,masks/nlb_fall_001353.png,all_tracks,,,0,0,0,0,0,"[""environment:underground"", ""light:auto_bright_dark"", ""light:dark"", ""light:hard shadows"", ""time_of_day:day"", ""track_layout:unknown"", ""weather:unknown""]"
nlb_fall_001354,1354,,,excluded,self_intersecting_polygon,images/nlb_fall_001354.png,annotations/nlb_fall_001354.json,masks/nlb_fall_001354.png,all_tracks,,,1,1,0,0,0,"[""environment:underground"", ""light:auto_bright_dark"", ""light:dark"", ""light:hard shadows"", ""time_of_day:day"", ""track_layout:curve"", ""weather:unknown""]"
nlb_fall_001355,1355,5,train,usable,,images/nlb_fall_001355.png,annotations/nlb_fall_001355.json,masks/nlb_fall_001355.png,all_tracks,images/train/nlb_fall_001355.png,labels/train/nlb_fall_001355.txt,1,1,0,18,97195.5,"[""environment:rural"", ""environment:underground"", ""light:auto_bright_dark"", ""light:dark"", ""light:hard shadows"", ""light:natural"", ""time_of_day:day"", ""track_layout:curve"", ""weather:cloudy""]"
nlb_fall_001356,1356,5,train,usable,,images/nlb_fall_001356.png,annotations/nlb_fall_001356.json,masks/nlb_fall_001356.png,all_tracks,images/train/nlb_fall_001356.png,labels/train/nlb_fall_001356.txt,1,1,0,26,102614.5,"[""environment:rural"", ""light:auto_bright_dark"", ""light:natural"", ""light:uniform"", ""time_of_day:day"", ""track_layout:curve"", ""weather:cloudy""]"
nlb_fall_001357,1357,5,train,usable,,images/nlb_fall_001357.png,annotations/nlb_fall_001357.json,masks/nlb_fall_001357.png,all_tracks,images/train/nlb_fall_001357.png,labels/train/nlb_fall_001357.txt,1,1,0,20,106153.0,"[""environment:rural"", ""light:auto_bright_dark"", ""light:dark"", ""light:natural"", ""light:uniform"", ""time_of_day:day"", ""track_layout:curve"", ""weather:cloudy""]"
nlb_fall_001358,1358,,,excluded,self_intersecting_polygon,images/nlb_fall_001358.png,annotations/nlb_fall_001358.json,masks/nlb_fall_001358.png,all_tracks,,,1,1,0,0,0,"[""environment:rural"", ""light:auto_bright_dark"", ""light:natural"", ""light:uniform"", ""time_of_day:day"", ""track_layout:curve"", ""weather:cloudy""]"
nlb_fall_001359,1359,5,train,usable,,images/nlb_fall_001359.png,annotations/nlb_fall_001359.json,masks/nlb_fall_001359.png,all_tracks,images/train/nlb_fall_001359.png,labels/train/nlb_fall_001359.txt,1,1,0,34,106657.5,"[""environment:rural"", ""light:auto_bright_dark"", ""light:natural"", ""light:uniform"", ""time_of_day:day"", ""track_layout:curve"", ""weather:cloudy""]"
nlb_fall_001360,1360,5,train,usable,,images/nlb_fall_001360.png,annotations/nlb_fall_001360.json,masks/nlb_fall_001360.png,all_tracks,images/train/nlb_fall_001360.png,labels/train/nlb_fall_001360.txt,1,1,0,18,102358.0,"[""environment:rural"", ""light:auto_bright_dark"", ""light:natural"", ""light:uniform"", ""time_of_day:day"", ""track_layout:curve"", ""weather:cloudy""]"
nlb_fall_001361,1361,5,train,usable,,images/nlb_fall_001361.png,annotations/nlb_fall_001361.json,masks/nlb_fall_001361.png,all_tracks,images/train/nlb_fall_001361.png,labels/train/nlb_fall_001361.txt,1,1,0,12,100056.0,"[""environment:rural"", ""light:auto_bright_dark"", ""light:natural"", ""light:uniform"", ""time_of_day:day"", ""track_layout:curve"", ""weather:cloudy""]"
nlb_fall_001362,1362,5,train,usable,,images/nlb_fall_001362.png,annotations/nlb_fall_001362.json,masks/nlb_fall_001362.png,all_tracks,images/train/nlb_fall_001362.png,labels/train/nlb_fall_001362.txt,1,1,0,12,99928.5,"[""environment:rural"", ""light:auto_bright_dark"", ""light:natural"", ""light:uniform"", ""time_of_day:day"", ""track_layout:curve"", ""weather:cloudy""]"
nlb_fall_001363,1363,5,train,usable,,images/nlb_fall_001363.png,annotations/nlb_fall_001363.json,masks/nlb_fall_001363.png,all_tracks,images/train/nlb_fall_001363.png,labels/train/nlb_fall_001363.txt,1,1,0,14,98450.5,"[""environment:rural"", ""light:auto_bright_dark"", ""light:dark"", ""light:natural"", ""light:uniform"", ""time_of_day:day"", ""track_layout:curve"", ""weather:cloudy""]"
nlb_fall_001364,1364,5,train,usable,,images/nlb_fall_001364.png,annotations/nlb_fall_001364.json,masks/nlb_fall_001364.png,all_tracks,images/train/nlb_fall_001364.png,labels/train/nlb_fall_001364.txt,1,1,0,24,99920.0,"[""environment:rural"", ""light:auto_bright_dark"", ""light:natural"", ""light:uniform"", ""time_of_day:day"", ""track_layout:curve"", ""weather:cloudy""]"
nlb_fall_001365,1365,5,train,usable,,images/nlb_fall_001365.png,annotations/nlb_fall_001365.json,masks/nlb_fall_001365.png,all_tracks,images/train/nlb_fall_001365.png,labels/train/nlb_fall_001365.txt,1,1,0,18,100151.5,"[""environment:rural"", ""light:auto_bright_dark"", ""light:natural"", ""light:uniform"", ""time_of_day:day"", ""track_layout:curve"", ""weather:cloudy""]"
nlb_fall_001366,1366,5,train,usable,,images/nlb_fall_001366.png,annotations/nlb_fall_001366.json,masks/nlb_fall_001366.png,all_tracks,images/train/nlb_fall_001366.png,labels/train/nlb_fall_001366.txt,1,1,0,20,102368.5,"[""environment:rural"", ""light:auto_bright_dark"", ""light:natural"", ""light:uniform"", ""time_of_day:day"", ""track_layout:curve"", ""weather:cloudy""]"
nlb_fall_001367,1367,5,train,usable,,images/nlb_fall_001367.png,annotations/nlb_fall_001367.json,masks/nlb_fall_001367.png,all_tracks,images/train/nlb_fall_001367.png,labels/train/nlb_fall_001367.txt,1,1,0,16,101989.5,"[""environment:rural"", ""light:auto_bright_dark"", ""light:natural"", ""light:uniform"", ""time_of_day:day"", ""track_layout:curve"", ""track_layout:straight"", ""weather:cloudy""]"
nlb_fall_001368,1368,5,train,usable,,images/nlb_fall_001368.png,annotations/nlb_fall_001368.json,masks/nlb_fall_001368.png,all_tracks,images/train/nlb_fall_001368.png,labels/train/nlb_fall_001368.txt,1,1,0,12,99990.5,"[""environment:rural"", ""light:auto_bright_dark"", ""light:natural"", ""light:uniform"", ""time_of_day:day"", ""track_layout:straight"", ""weather:cloudy""]"
nlb_fall_001369,1369,5,train,usable,,images/nlb_fall_001369.png,annotations/nlb_fall_001369.json,masks/nlb_fall_001369.png,all_tracks,images/train/nlb_fall_001369.png,labels/train/nlb_fall_001369.txt,1,1,0,12,101152.5,"[""environment:rural"", ""light:auto_bright_dark"", ""light:natural"", ""light:uniform"", ""time_of_day:day"", ""track_layout:straight"", ""weather:cloudy""]"
nlb_fall_001370,1370,5,train,usable,,images/nlb_fall_001370.png,annotations/nlb_fall_001370.json,masks/nlb_fall_001370.png,all_tracks,images/train/nlb_fall_001370.png,labels/train/nlb_fall_001370.txt,1,1,0,8,100654.5,"[""environment:rural"", ""light:auto_bright_dark"", ""light:natural"", ""light:uniform"", ""time_of_day:day"", ""track_layout:straight"", ""weather:cloudy""]"
nlb_fall_001371,1371,5,train,usable,,images/nlb_fall_001371.png,annotations/nlb_fall_001371.json,masks/nlb_fall_001371.png,all_tracks,images/train/nlb_fall_001371.png,labels/train/nlb_fall_001371.txt,1,1,0,12,99845.5,"[""environment:rural"", ""light:auto_bright_dark"", ""light:natural"", ""light:uniform"", ""time_of_day:day"", ""track_layout:curve"", ""track_layout:straight"", ""weather:cloudy""]"
nlb_fall_001372,1372,5,train,usable,,images/nlb_fall_001372.png,annotations/nlb_fall_001372.json,masks/nlb_fall_001372.png,all_tracks,images/train/nlb_fall_001372.png,labels/train/nlb_fall_001372.txt,1,1,0,22,100038.5,"[""environment:rural"", ""light:auto_bright_dark"", ""light:natural"", ""light:uniform"", ""time_of_day:day"", ""track_layout:curve"", ""weather:cloudy""]"
nlb_fall_001373,1373,5,train,usable,,images/nlb_fall_001373.png,annotations/nlb_fall_001373.json,masks/nlb_fall_001373.png,all_tracks,images/train/nlb_fall_001373.png,labels/train/nlb_fall_001373.txt,1,1,0,22,99328.5,"[""environment:rural"", ""light:auto_bright_dark"", ""light:natural"", ""light:uniform"", ""time_of_day:day"", ""track_layout:curve"", ""weather:cloudy""]"
nlb_fall_001374,1374,5,train,usable,,images/nlb_fall_001374.png,annotations/nlb_fall_001374.json,masks/nlb_fall_001374.png,all_tracks,images/train/nlb_fall_001374.png,labels/train/nlb_fall_001374.txt,1,1,0,22,100957.5,"[""environment:rural"", ""light:auto_bright_dark"", ""light:natural"", ""light:uniform"", ""time_of_day:day"", ""track_layout:curve"", ""weather:cloudy""]"
nlb_fall_001375,1375,5,train,usable,,images/nlb_fall_001375.png,annotations/nlb_fall_001375.json,masks/nlb_fall_001375.png,all_tracks,images/train/nlb_fall_001375.png,labels/train/nlb_fall_001375.txt,1,1,0,22,100420.0,"[""environment:rural"", ""light:auto_bright_dark"", ""light:natural"", ""light:uniform"", ""time_of_day:day"", ""track_layout:curve"", ""weather:cloudy""]"
nlb_fall_001376,1376,5,train,usable,,images/nlb_fall_001376.png,annotations/nlb_fall_001376.json,masks/nlb_fall_001376.png,all_tracks,images/train/nlb_fall_001376.png,labels/train/nlb_fall_001376.txt,1,1,0,16,97052.0,"[""environment:rural"", ""light:auto_bright_dark"", ""light:natural"", ""light:uniform"", ""time_of_day:day"", ""track_layout:curve"", ""weather:cloudy""]"
nlb_fall_001377,1377,5,train,usable,,images/nlb_fall_001377.png,annotations/nlb_fall_001377.json,masks/nlb_fall_001377.png,all_tracks,images/train/nlb_fall_001377.png,labels/train/nlb_fall_001377.txt,1,1,0,22,100794.0,"[""environment:rural"", ""light:auto_bright_dark"", ""light:natural"", ""light:uniform"", ""time_of_day:day"", ""track_layout:curve"", ""weather:cloudy""]"
nlb_fall_001378,1378,5,train,usable,,images/nlb_fall_001378.png,annotations/nlb_fall_001378.json,masks/nlb_fall_001378.png,all_tracks,images/train/nlb_fall_001378.png,labels/train/nlb_fall_001378.txt,1,1,0,20,100946.5,"[""environment:rural"", ""light:auto_bright_dark"", ""light:natural"", ""light:uniform"", ""time_of_day:day"", ""track_layout:curve"", ""weather:cloudy""]"
nlb_fall_001379,1379,5,train,usable,,images/nlb_fall_001379.png,annotations/nlb_fall_001379.json,masks/nlb_fall_001379.png,all_tracks,images/train/nlb_fall_001379.png,labels/train/nlb_fall_001379.txt,1,1,0,16,101154.0,"[""environment:rural"", ""light:auto_bright_dark"", ""light:natural"", ""light:uniform"", ""time_of_day:day"", ""track_layout:curve"", ""weather:cloudy""]"
nlb_fall_001380,1380,5,train,usable,,images/nlb_fall_001380.png,annotations/nlb_fall_001380.json,masks/nlb_fall_001380.png,all_tracks,images/train/nlb_fall_001380.png,labels/train/nlb_fall_001380.txt,1,1,0,18,101444.0,"[""environment:rural"", ""light:auto_bright_dark"", ""light:natural"", ""light:uniform"", ""time_of_day:day"", ""track_layout:curve"", ""weather:cloudy""]"
nlb_fall_001381,1381,5,train,usable,,images/nlb_fall_001381.png,annotations/nlb_fall_001381.json,masks/nlb_fall_001381.png,all_tracks,images/train/nlb_fall_001381.png,labels/train/nlb_fall_001381.txt,1,1,0,22,100758.5,"[""environment:rural"", ""light:auto_bright_dark"", ""light:natural"", ""light:uniform"", ""time_of_day:day"", ""track_layout:curve"", ""track_layout:straight"", ""weather:cloudy""]"
nlb_fall_001382,1382,5,train,usable,,images/nlb_fall_001382.png,annotations/nlb_fall_001382.json,masks/nlb_fall_001382.png,all_tracks,images/train/nlb_fall_001382.png,labels/train/nlb_fall_001382.txt,1,1,0,12,100589.0,"[""environment:rural"", ""light:auto_bright_dark"", ""light:natural"", ""light:uniform"", ""time_of_day:day"", ""track_layout:straight"", ""weather:cloudy""]"
nlb_fall_001383,1383,5,train,usable,,images/nlb_fall_001383.png,annotations/nlb_fall_001383.json,masks/nlb_fall_001383.png,all_tracks,images/train/nlb_fall_001383.png,labels/train/nlb_fall_001383.txt,1,1,0,14,99695.5,"[""environment:rural"", ""light:auto_bright_dark"", ""light:natural"", ""light:uniform"", ""time_of_day:day"", ""track_layout:straight"", ""weather:cloudy""]"
nlb_fall_001384,1384,5,train,usable,,images/nlb_fall_001384.png,annotations/nlb_fall_001384.json,masks/nlb_fall_001384.png,all_tracks,images/train/nlb_fall_001384.png,labels/train/nlb_fall_001384.txt,1,1,0,14,100884.5,"[""environment:rural"", ""light:auto_bright_dark"", ""light:natural"", ""light:uniform"", ""time_of_day:day"", ""track_layout:straight"", ""weather:cloudy""]"
nlb_fall_001385,1385,5,train,usable,,images/nlb_fall_001385.png,annotations/nlb_fall_001385.json,masks/nlb_fall_001385.png,all_tracks,images/train/nlb_fall_001385.png,labels/train/nlb_fall_001385.txt,1,1,0,10,100920.0,"[""environment:rural"", ""light:auto_bright_dark"", ""light:natural"", ""light:uniform"", ""time_of_day:day"", ""track_layout:straight"", ""weather:cloudy""]"
nlb_fall_001386,1386,5,train,usable,,images/nlb_fall_001386.png,annotations/nlb_fall_001386.json,masks/nlb_fall_001386.png,all_tracks,images/train/nlb_fall_001386.png,labels/train/nlb_fall_001386.txt,1,1,0,8,99719.0,"[""environment:rural"", ""environment:station"", ""light:auto_bright_dark"", ""light:natural"", ""light:uniform"", ""time_of_day:day"", ""track_layout:straight"", ""weather:cloudy""]"
nlb_fall_001387,1387,5,train,usable,,images/nlb_fall_001387.png,annotations/nlb_fall_001387.json,masks/nlb_fall_001387.png,all_tracks,images/train/nlb_fall_001387.png,labels/train/nlb_fall_001387.txt,1,1,0,10,101003.5,"[""environment:rural"", ""environment:station"", ""light:auto_bright_dark"", ""light:natural"", ""light:uniform"", ""time_of_day:day"", ""track_layout:straight"", ""weather:cloudy""]"
nlb_fall_001388,1388,5,train,usable,,images/nlb_fall_001388.png,annotations/nlb_fall_001388.json,masks/nlb_fall_001388.png,all_tracks,images/train/nlb_fall_001388.png,labels/train/nlb_fall_001388.txt,1,1,0,8,100714.0,"[""environment:rural"", ""light:auto_bright_dark"", ""light:natural"", ""light:uniform"", ""time_of_day:day"", ""track_layout:straight"", ""weather:cloudy""]"
nlb_fall_001389,1389,5,train,usable,,images/nlb_fall_001389.png,annotations/nlb_fall_001389.json,masks/nlb_fall_001389.png,all_tracks,images/train/nlb_fall_001389.png,labels/train/nlb_fall_001389.txt,1,1,0,18,100233.0,"[""environment:rural"", ""light:auto_bright_dark"", ""light:natural"", ""light:uniform"", ""time_of_day:day"", ""track_layout:curve"", ""track_layout:straight"", ""weather:cloudy""]"
nlb_fall_001390,1390,5,train,usable,,images/nlb_fall_001390.png,annotations/nlb_fall_001390.json,masks/nlb_fall_001390.png,all_tracks,images/train/nlb_fall_001390.png,labels/train/nlb_fall_001390.txt,1,1,0,20,99433.0,"[""environment:rural"", ""light:auto_bright_dark"", ""light:natural"", ""light:uniform"", ""time_of_day:day"", ""track_layout:curve"", ""weather:cloudy""]"
nlb_fall_001391,1391,5,train,usable,,images/nlb_fall_001391.png,annotations/nlb_fall_001391.json,masks/nlb_fall_001391.png,all_tracks,images/train/nlb_fall_001391.png,labels/train/nlb_fall_001391.txt,1,1,0,16,99775.0,"[""environment:rural"", ""light:auto_bright_dark"", ""light:natural"", ""light:uniform"", ""time_of_day:day"", ""track_layout:curve"", ""weather:cloudy""]"
nlb_fall_001392,1392,5,train,usable,,images/nlb_fall_001392.png,annotations/nlb_fall_001392.json,masks/nlb_fall_001392.png,all_tracks,images/train/nlb_fall_001392.png,labels/train/nlb_fall_001392.txt,1,1,0,24,100501.5,"[""environment:rural"", ""light:auto_bright_dark"", ""light:natural"", ""light:uniform"", ""time_of_day:day"", ""track_layout:curve"", ""weather:cloudy""]"
nlb_fall_001393,1393,5,train,usable,,images/nlb_fall_001393.png,annotations/nlb_fall_001393.json,masks/nlb_fall_001393.png,all_tracks,images/train/nlb_fall_001393.png,labels/train/nlb_fall_001393.txt,1,1,0,28,99926.0,"[""environment:rural"", ""light:auto_bright_dark"", ""light:natural"", ""light:uniform"", ""time_of_day:day"", ""track_layout:curve"", ""weather:cloudy""]"
nlb_fall_001394,1394,5,train,usable,,images/nlb_fall_001394.png,annotations/nlb_fall_001394.json,masks/nlb_fall_001394.png,all_tracks,images/train/nlb_fall_001394.png,labels/train/nlb_fall_001394.txt,1,1,0,14,101941.5,"[""environment:rural"", ""light:auto_bright_dark"", ""light:natural"", ""light:uniform"", ""time_of_day:day"", ""track_layout:straight"", ""weather:cloudy""]"
nlb_fall_001395,1395,5,train,usable,,images/nlb_fall_001395.png,annotations/nlb_fall_001395.json,masks/nlb_fall_001395.png,all_tracks,images/train/nlb_fall_001395.png,labels/train/nlb_fall_001395.txt,1,1,0,12,100320.5,"[""environment:rural"", ""light:auto_bright_dark"", ""light:natural"", ""light:uniform"", ""time_of_day:day"", ""track_layout:straight"", ""weather:cloudy""]"
nlb_fall_001396,1396,5,train,usable,,images/nlb_fall_001396.png,annotations/nlb_fall_001396.json,masks/nlb_fall_001396.png,all_tracks,images/train/nlb_fall_001396.png,labels/train/nlb_fall_001396.txt,1,1,0,14,101454.0,"[""environment:rural"", ""light:auto_bright_dark"", ""light:natural"", ""light:uniform"", ""time_of_day:day"", ""track_layout:straight"", ""weather:cloudy""]"
nlb_fall_001397,1397,5,train,usable,,images/nlb_fall_001397.png,annotations/nlb_fall_001397.json,masks/nlb_fall_001397.png,all_tracks,images/train/nlb_fall_001397.png,labels/train/nlb_fall_001397.txt,1,1,0,12,101043.5,"[""environment:rural"", ""light:auto_bright_dark"", ""light:natural"", ""light:uniform"", ""time_of_day:day"", ""track_layout:straight"", ""weather:cloudy""]"
nlb_fall_001398,1398,5,train,usable,,images/nlb_fall_001398.png,annotations/nlb_fall_001398.json,masks/nlb_fall_001398.png,all_tracks,images/train/nlb_fall_001398.png,labels/train/nlb_fall_001398.txt,1,1,0,12,100399.0,"[""environment:rural"", ""light:auto_bright_dark"", ""light:natural"", ""light:uniform"", ""time_of_day:day"", ""track_layout:straight"", ""weather:cloudy""]"
nlb_fall_001399,1399,5,train,usable,,images/nlb_fall_001399.png,annotations/nlb_fall_001399.json,masks/nlb_fall_001399.png,all_tracks,images/train/nlb_fall_001399.png,labels/train/nlb_fall_001399.txt,1,2,1,10,100391.5,"[""environment:rural"", ""light:auto_bright_dark"", ""light:natural"", ""light:uniform"", ""time_of_day:day"", ""track_layout:curve"", ""track_layout:straight"", ""weather:cloudy""]"
nlb_fall_001400,1400,5,train,usable,,images/nlb_fall_001400.png,annotations/nlb_fall_001400.json,masks/nlb_fall_001400.png,all_tracks,images/train/nlb_fall_001400.png,labels/train/nlb_fall_001400.txt,1,2,1,12,100308.5,"[""environment:rural"", ""light:auto_bright_dark"", ""light:natural"", ""light:uniform"", ""time_of_day:day"", ""track_layout:curve"", ""track_layout:straight"", ""weather:cloudy""]"
nlb_fall_001401,1401,5,train,usable,,images/nlb_fall_001401.png,annotations/nlb_fall_001401.json,masks/nlb_fall_001401.png,all_tracks,images/train/nlb_fall_001401.png,labels/train/nlb_fall_001401.txt,1,2,1,26,101599.5,"[""environment:rural"", ""light:auto_bright_dark"", ""light:natural"", ""light:uniform"", ""time_of_day:day"", ""track_layout:curve"", ""track_layout:straight"", ""weather:cloudy""]"
nlb_fall_001402,1402,5,train,usable,,images/nlb_fall_001402.png,annotations/nlb_fall_001402.json,masks/nlb_fall_001402.png,all_tracks,images/train/nlb_fall_001402.png,labels/train/nlb_fall_001402.txt,1,2,0,22,100036.0,"[""environment:rural"", ""light:auto_bright_dark"", ""light:natural"", ""light:uniform"", ""time_of_day:day"", ""track_layout:curve"", ""track_layout:straight"", ""weather:cloudy""]"
nlb_fall_001403,1403,5,train,usable,,images/nlb_fall_001403.png,annotations/nlb_fall_001403.json,masks/nlb_fall_001403.png,all_tracks,images/train/nlb_fall_001403.png,labels/train/nlb_fall_001403.txt,1,2,0,14,101391.0,"[""environment:rural"", ""light:auto_bright_dark"", ""light:natural"", ""light:uniform"", ""time_of_day:day"", ""track_layout:straight"", ""weather:cloudy""]"
nlb_fall_001404,1404,5,train,usable,,images/nlb_fall_001404.png,annotations/nlb_fall_001404.json,masks/nlb_fall_001404.png,all_tracks,images/train/nlb_fall_001404.png,labels/train/nlb_fall_001404.txt,1,2,0,8,99852.5,"[""environment:rural"", ""light:auto_bright_dark"", ""light:natural"", ""light:uniform"", ""time_of_day:day"", ""track_layout:straight"", ""weather:cloudy""]"
nlb_fall_001405,1405,5,train,usable,,images/nlb_fall_001405.png,annotations/nlb_fall_001405.json,masks/nlb_fall_001405.png,all_tracks,images/train/nlb_fall_001405.png,labels/train/nlb_fall_001405.txt,1,2,0,12,100555.5,"[""environment:rural"", ""light:auto_bright_dark"", ""light:natural"", ""light:uniform"", ""time_of_day:day"", ""track_layout:straight"", ""weather:cloudy""]"
nlb_fall_001406,1406,5,train,usable,,images/nlb_fall_001406.png,annotations/nlb_fall_001406.json,masks/nlb_fall_001406.png,all_tracks,images/train/nlb_fall_001406.png,labels/train/nlb_fall_001406.txt,1,2,0,8,100130.0,"[""environment:rural"", ""light:auto_bright_dark"", ""light:natural"", ""light:uniform"", ""time_of_day:day"", ""track_layout:straight"", ""weather:cloudy""]"
nlb_fall_001407,1407,5,train,usable,,images/nlb_fall_001407.png,annotations/nlb_fall_001407.json,masks/nlb_fall_001407.png,all_tracks,images/train/nlb_fall_001407.png,labels/train/nlb_fall_001407.txt,1,2,0,8,98993.0,"[""environment:rural"", ""light:auto_bright_dark"", ""light:natural"", ""light:uniform"", ""time_of_day:day"", ""track_layout:straight"", ""weather:cloudy""]"
nlb_fall_001408,1408,5,train,usable,,images/nlb_fall_001408.png,annotations/nlb_fall_001408.json,masks/nlb_fall_001408.png,all_tracks,images/train/nlb_fall_001408.png,labels/train/nlb_fall_001408.txt,1,2,0,10,99379.5,"[""environment:rural"", ""light:auto_bright_dark"", ""light:natural"", ""light:uniform"", ""time_of_day:day"", ""track_layout:straight"", ""weather:cloudy""]"
nlb_fall_001409,1409,5,train,usable,,images/nlb_fall_001409.png,annotations/nlb_fall_001409.json,masks/nlb_fall_001409.png,all_tracks,images/train/nlb_fall_001409.png,labels/train/nlb_fall_001409.txt,1,2,0,10,101275.0,"[""environment:rural"", ""light:auto_bright_dark"", ""light:natural"", ""light:uniform"", ""time_of_day:day"", ""track_layout:straight"", ""weather:cloudy""]"
nlb_fall_001410,1410,5,train,usable,,images/nlb_fall_001410.png,annotations/nlb_fall_001410.json,masks/nlb_fall_001410.png,all_tracks,images/train/nlb_fall_001410.png,labels/train/nlb_fall_001410.txt,1,2,0,8,100693.0,"[""environment:rural"", ""light:auto_bright_dark"", ""light:natural"", ""light:uniform"", ""time_of_day:day"", ""track_layout:straight"", ""weather:cloudy""]"
nlb_fall_001411,1411,5,train,usable,,images/nlb_fall_001411.png,annotations/nlb_fall_001411.json,masks/nlb_fall_001411.png,all_tracks,images/train/nlb_fall_001411.png,labels/train/nlb_fall_001411.txt,1,2,0,12,100974.5,"[""environment:rural"", ""light:auto_bright_dark"", ""light:natural"", ""light:uniform"", ""time_of_day:day"", ""track_layout:straight"", ""weather:cloudy""]"
nlb_fall_001412,1412,5,train,usable,,images/nlb_fall_001412.png,annotations/nlb_fall_001412.json,masks/nlb_fall_001412.png,all_tracks,images/train/nlb_fall_001412.png,labels/train/nlb_fall_001412.txt,1,2,0,12,98688.5,"[""environment:rural"", ""light:auto_bright_dark"", ""light:natural"", ""light:uniform"", ""time_of_day:day"", ""track_layout:straight"", ""weather:cloudy""]"
nlb_fall_001413,1413,5,train,usable,,images/nlb_fall_001413.png,annotations/nlb_fall_001413.json,masks/nlb_fall_001413.png,all_tracks,images/train/nlb_fall_001413.png,labels/train/nlb_fall_001413.txt,1,2,0,16,99893.0,"[""environment:rural"", ""light:auto_bright_dark"", ""light:natural"", ""light:uniform"", ""time_of_day:day"", ""track_layout:curve"", ""track_layout:straight"", ""weather:cloudy""]"
nlb_fall_001414,1414,5,train,usable,,images/nlb_fall_001414.png,annotations/nlb_fall_001414.json,masks/nlb_fall_001414.png,all_tracks,images/train/nlb_fall_001414.png,labels/train/nlb_fall_001414.txt,1,2,1,32,100498.5,"[""environment:rural"", ""light:auto_bright_dark"", ""light:natural"", ""light:uniform"", ""time_of_day:day"", ""track_layout:curve"", ""track_layout:straight"", ""weather:cloudy""]"
nlb_fall_001415,1415,5,train,usable,,images/nlb_fall_001415.png,annotations/nlb_fall_001415.json,masks/nlb_fall_001415.png,all_tracks,images/train/nlb_fall_001415.png,labels/train/nlb_fall_001415.txt,1,2,1,28,99096.0,"[""environment:rural"", ""light:auto_bright_dark"", ""light:natural"", ""light:uniform"", ""time_of_day:day"", ""track_layout:curve"", ""track_layout:straight"", ""weather:cloudy"", ""weather:rainy""]"
nlb_fall_001416,1416,5,train,usable,,images/nlb_fall_001416.png,annotations/nlb_fall_001416.json,masks/nlb_fall_001416.png,all_tracks,images/train/nlb_fall_001416.png,labels/train/nlb_fall_001416.txt,1,2,1,30,99959.5,"[""environment:rural"", ""light:auto_bright_dark"", ""light:natural"", ""light:uniform"", ""time_of_day:day"", ""track_layout:curve"", ""track_layout:straight"", ""weather:cloudy"", ""weather:rainy""]"
nlb_fall_001417,1417,5,train,usable,,images/nlb_fall_001417.png,annotations/nlb_fall_001417.json,masks/nlb_fall_001417.png,all_tracks,images/train/nlb_fall_001417.png,labels/train/nlb_fall_001417.txt,1,2,1,32,100039.5,"[""environment:rural"", ""light:auto_bright_dark"", ""light:natural"", ""light:uniform"", ""time_of_day:day"", ""track_layout:curve"", ""track_layout:straight"", ""weather:cloudy"", ""weather:rainy""]"
nlb_fall_001458,1458,5,train,usable,,images/nlb_fall_001458.png,annotations/nlb_fall_001458.json,masks/nlb_fall_001458.png,all_tracks,images/train/nlb_fall_001458.png,labels/train/nlb_fall_001458.txt,1,2,1,30,99123.5,"[""environment:rural"", ""light:auto_bright_dark"", ""light:natural"", ""light:uniform"", ""time_of_day:day"", ""track_layout:curve"", ""track_layout:straight"", ""weather:cloudy"", ""weather:rainy""]"
nlb_fall_001459,1459,5,train,usable,,images/nlb_fall_001459.png,annotations/nlb_fall_001459.json,masks/nlb_fall_001459.png,all_tracks,images/train/nlb_fall_001459.png,labels/train/nlb_fall_001459.txt,1,2,1,32,99808.5,"[""environment:rural"", ""light:auto_bright_dark"", ""light:natural"", ""light:uniform"", ""time_of_day:day"", ""track_layout:curve"", ""track_layout:straight"", ""weather:cloudy"", ""weather:rainy""]"
nlb_fall_001460,1460,5,train,usable,,images/nlb_fall_001460.png,annotations/nlb_fall_001460.json,masks/nlb_fall_001460.png,all_tracks,images/train/nlb_fall_001460.png,labels/train/nlb_fall_001460.txt,1,2,1,22,99600.5,"[""environment:rural"", ""light:auto_bright_dark"", ""light:natural"", ""light:uniform"", ""time_of_day:day"", ""track_layout:curve"", ""track_layout:straight"", ""weather:cloudy"", ""weather:rainy""]"
nlb_fall_001461,1461,5,train,usable,,images/nlb_fall_001461.png,annotations/nlb_fall_001461.json,masks/nlb_fall_001461.png,all_tracks,images/train/nlb_fall_001461.png,labels/train/nlb_fall_001461.txt,1,1,0,14,101227.5,"[""environment:rural"", ""light:auto_bright_dark"", ""light:natural"", ""light:uniform"", ""time_of_day:day"", ""track_layout:straight"", ""weather:cloudy"", ""weather:rainy""]"
nlb_fall_001462,1462,5,train,usable,,images/nlb_fall_001462.png,annotations/nlb_fall_001462.json,masks/nlb_fall_001462.png,all_tracks,images/train/nlb_fall_001462.png,labels/train/nlb_fall_001462.txt,1,1,0,12,99984.0,"[""environment:rural"", ""light:auto_bright_dark"", ""light:natural"", ""light:uniform"", ""time_of_day:day"", ""track_layout:straight"", ""weather:cloudy"", ""weather:rainy""]"
nlb_fall_001463,1463,5,train,usable,,images/nlb_fall_001463.png,annotations/nlb_fall_001463.json,masks/nlb_fall_001463.png,all_tracks,images/train/nlb_fall_001463.png,labels/train/nlb_fall_001463.txt,1,1,0,10,100862.5,"[""environment:rural"", ""light:auto_bright_dark"", ""light:natural"", ""light:uniform"", ""time_of_day:day"", ""track_layout:straight"", ""weather:cloudy"", ""weather:rainy""]"
nlb_fall_001464,1464,5,train,usable,,images/nlb_fall_001464.png,annotations/nlb_fall_001464.json,masks/nlb_fall_001464.png,all_tracks,images/train/nlb_fall_001464.png,labels/train/nlb_fall_001464.txt,1,1,0,8,100280.0,"[""environment:rural"", ""light:auto_bright_dark"", ""light:natural"", ""light:uniform"", ""time_of_day:day"", ""track_layout:straight"", ""weather:cloudy"", ""weather:rainy""]"
nlb_fall_001465,1465,5,train,usable,,images/nlb_fall_001465.png,annotations/nlb_fall_001465.json,masks/nlb_fall_001465.png,all_tracks,images/train/nlb_fall_001465.png,labels/train/nlb_fall_001465.txt,1,1,0,10,99031.5,"[""environment:rural"", ""light:auto_bright_dark"", ""light:natural"", ""light:uniform"", ""time_of_day:day"", ""track_layout:straight"", ""weather:cloudy"", ""weather:rainy""]"
nlb_fall_001466,1466,5,train,usable,,images/nlb_fall_001466.png,annotations/nlb_fall_001466.json,masks/nlb_fall_001466.png,all_tracks,images/train/nlb_fall_001466.png,labels/train/nlb_fall_001466.txt,1,1,0,8,98384.5,"[""environment:rural"", ""light:auto_bright_dark"", ""light:natural"", ""light:uniform"", ""time_of_day:day"", ""track_layout:straight"", ""weather:cloudy"", ""weather:rainy""]"
nlb_fall_001467,1467,5,train,usable,,images/nlb_fall_001467.png,annotations/nlb_fall_001467.json,masks/nlb_fall_001467.png,all_tracks,images/train/nlb_fall_001467.png,labels/train/nlb_fall_001467.txt,1,1,0,10,99607.5,"[""additional_attributes:obstruction"", ""environment:rural"", ""light:auto_bright_dark"", ""light:natural"", ""light:uniform"", ""time_of_day:day"", ""track_layout:straight"", ""weather:cloudy"", ""weather:rainy""]"
nlb_fall_001468,1468,5,train,usable,,images/nlb_fall_001468.png,annotations/nlb_fall_001468.json,masks/nlb_fall_001468.png,all_tracks,images/train/nlb_fall_001468.png,labels/train/nlb_fall_001468.txt,1,1,0,10,99092.0,"[""additional_attributes:obstruction"", ""environment:rural"", ""light:auto_bright_dark"", ""light:natural"", ""light:uniform"", ""time_of_day:day"", ""track_layout:straight"", ""weather:cloudy"", ""weather:rainy""]"
nlb_fall_001469,1469,5,train,usable,,images/nlb_fall_001469.png,annotations/nlb_fall_001469.json,masks/nlb_fall_001469.png,all_tracks,images/train/nlb_fall_001469.png,labels/train/nlb_fall_001469.txt,1,1,0,8,99200.5,"[""additional_attributes:obstruction"", ""environment:rural"", ""light:auto_bright_dark"", ""light:natural"", ""light:uniform"", ""time_of_day:day"", ""track_layout:straight"", ""weather:cloudy"", ""weather:rainy""]"
nlb_fall_001470,1470,5,train,usable,,images/nlb_fall_001470.png,annotations/nlb_fall_001470.json,masks/nlb_fall_001470.png,all_tracks,images/train/nlb_fall_001470.png,labels/train/nlb_fall_001470.txt,1,1,0,8,99122.0,"[""additional_attributes:obstruction"", ""environment:rural"", ""light:auto_bright_dark"", ""light:natural"", ""light:uniform"", ""time_of_day:day"", ""track_layout:straight"", ""weather:cloudy"", ""weather:rainy""]"
nlb_fall_001471,1471,5,train,usable,,images/nlb_fall_001471.png,annotations/nlb_fall_001471.json,masks/nlb_fall_001471.png,all_tracks,images/train/nlb_fall_001471.png,labels/train/nlb_fall_001471.txt,1,1,0,10,99578.0,"[""additional_attributes:obstruction"", ""environment:rural"", ""light:auto_bright_dark"", ""light:natural"", ""light:uniform"", ""time_of_day:day"", ""track_layout:straight"", ""weather:cloudy"", ""weather:rainy""]"
nlb_fall_001472,1472,5,train,usable,,images/nlb_fall_001472.png,annotations/nlb_fall_001472.json,masks/nlb_fall_001472.png,all_tracks,images/train/nlb_fall_001472.png,labels/train/nlb_fall_001472.txt,1,1,0,12,98902.0,"[""additional_attributes:obstruction"", ""environment:rural"", ""light:auto_bright_dark"", ""light:natural"", ""light:uniform"", ""time_of_day:day"", ""track_layout:straight"", ""weather:cloudy"", ""weather:rainy""]"
nlb_fall_001473,1473,5,train,usable,,images/nlb_fall_001473.png,annotations/nlb_fall_001473.json,masks/nlb_fall_001473.png,all_tracks,images/train/nlb_fall_001473.png,labels/train/nlb_fall_001473.txt,1,1,0,8,99508.0,"[""additional_attributes:obstruction"", ""environment:rural"", ""light:auto_bright_dark"", ""light:natural"", ""light:uniform"", ""time_of_day:day"", ""track_layout:straight"", ""weather:cloudy"", ""weather:rainy""]"
nlb_fall_001474,1474,5,train,usable,,images/nlb_fall_001474.png,annotations/nlb_fall_001474.json,masks/nlb_fall_001474.png,all_tracks,images/train/nlb_fall_001474.png,labels/train/nlb_fall_001474.txt,1,1,0,8,98522.5,"[""additional_attributes:obstruction"", ""environment:rural"", ""light:auto_bright_dark"", ""light:natural"", ""light:uniform"", ""time_of_day:day"", ""track_layout:straight"", ""weather:cloudy"", ""weather:rainy""]"
nlb_fall_001475,1475,5,train,usable,,images/nlb_fall_001475.png,annotations/nlb_fall_001475.json,masks/nlb_fall_001475.png,all_tracks,images/train/nlb_fall_001475.png,labels/train/nlb_fall_001475.txt,1,1,0,12,99528.5,"[""environment:rural"", ""light:auto_bright_dark"", ""light:natural"", ""light:uniform"", ""time_of_day:day"", ""track_layout:straight"", ""weather:cloudy"", ""weather:rainy""]"
nlb_fall_001476,1476,5,train,usable,,images/nlb_fall_001476.png,annotations/nlb_fall_001476.json,masks/nlb_fall_001476.png,all_tracks,images/train/nlb_fall_001476.png,labels/train/nlb_fall_001476.txt,1,1,0,8,99744.5,"[""environment:rural"", ""light:auto_bright_dark"", ""light:natural"", ""light:uniform"", ""time_of_day:day"", ""track_layout:straight"", ""weather:cloudy"", ""weather:rainy""]"
nlb_fall_001477,1477,5,train,usable,,images/nlb_fall_001477.png,annotations/nlb_fall_001477.json,masks/nlb_fall_001477.png,all_tracks,images/train/nlb_fall_001477.png,labels/train/nlb_fall_001477.txt,1,1,0,8,99437.5,"[""environment:rural"", ""light:auto_bright_dark"", ""light:natural"", ""light:uniform"", ""time_of_day:day"", ""track_layout:straight"", ""weather:cloudy"", ""weather:rainy""]"
nlb_fall_001478,1478,5,train,usable,,images/nlb_fall_001478.png,annotations/nlb_fall_001478.json,masks/nlb_fall_001478.png,all_tracks,images/train/nlb_fall_001478.png,labels/train/nlb_fall_001478.txt,1,1,0,8,99162.5,"[""environment:rural"", ""light:auto_bright_dark"", ""light:natural"", ""light:uniform"", ""time_of_day:day"", ""track_layout:straight"", ""weather:cloudy"", ""weather:rainy""]"
nlb_fall_001479,1479,5,train,usable,,images/nlb_fall_001479.png,annotations/nlb_fall_001479.json,masks/nlb_fall_001479.png,all_tracks,images/train/nlb_fall_001479.png,labels/train/nlb_fall_001479.txt,1,1,0,8,98915.0,"[""environment:rural"", ""light:auto_bright_dark"", ""light:natural"", ""light:uniform"", ""time_of_day:day"", ""track_layout:straight"", ""weather:cloudy"", ""weather:rainy""]"
nlb_fall_001480,1480,5,train,usable,,images/nlb_fall_001480.png,annotations/nlb_fall_001480.json,masks/nlb_fall_001480.png,all_tracks,images/train/nlb_fall_001480.png,labels/train/nlb_fall_001480.txt,1,1,0,8,99295.5,"[""environment:rural"", ""light:auto_bright_dark"", ""light:natural"", ""light:uniform"", ""time_of_day:day"", ""track_layout:straight"", ""weather:cloudy"", ""weather:rainy""]"
nlb_fall_001481,1481,5,train,usable,,images/nlb_fall_001481.png,annotations/nlb_fall_001481.json,masks/nlb_fall_001481.png,all_tracks,images/train/nlb_fall_001481.png,labels/train/nlb_fall_001481.txt,1,1,0,10,99826.5,"[""environment:rural"", ""light:auto_bright_dark"", ""light:natural"", ""light:uniform"", ""time_of_day:day"", ""track_layout:straight"", ""weather:cloudy"", ""weather:rainy""]"
nlb_fall_001482,1482,5,train,usable,,images/nlb_fall_001482.png,annotations/nlb_fall_001482.json,masks/nlb_fall_001482.png,all_tracks,images/train/nlb_fall_001482.png,labels/train/nlb_fall_001482.txt,1,1,0,6,100106.0,"[""environment:rural"", ""light:auto_bright_dark"", ""light:natural"", ""light:uniform"", ""time_of_day:day"", ""track_layout:straight"", ""weather:cloudy"", ""weather:rainy""]"
nlb_fall_001483,1483,5,train,usable,,images/nlb_fall_001483.png,annotations/nlb_fall_001483.json,masks/nlb_fall_001483.png,all_tracks,images/train/nlb_fall_001483.png,labels/train/nlb_fall_001483.txt,1,1,0,12,99213.5,"[""environment:rural"", ""light:auto_bright_dark"", ""light:natural"", ""light:uniform"", ""time_of_day:day"", ""track_layout:straight"", ""weather:cloudy"", ""weather:rainy""]"
nlb_fall_001484,1484,5,train,usable,,images/nlb_fall_001484.png,annotations/nlb_fall_001484.json,masks/nlb_fall_001484.png,all_tracks,images/train/nlb_fall_001484.png,labels/train/nlb_fall_001484.txt,1,1,0,10,99450.5,"[""environment:rural"", ""light:auto_bright_dark"", ""light:natural"", ""light:uniform"", ""time_of_day:day"", ""track_layout:straight"", ""weather:cloudy"", ""weather:rainy""]"
nlb_fall_001485,1485,5,train,usable,,images/nlb_fall_001485.png,annotations/nlb_fall_001485.json,masks/nlb_fall_001485.png,all_tracks,images/train/nlb_fall_001485.png,labels/train/nlb_fall_001485.txt,1,1,0,8,99341.5,"[""environment:rural"", ""light:auto_bright_dark"", ""light:natural"", ""light:uniform"", ""time_of_day:day"", ""track_layout:straight"", ""weather:cloudy"", ""weather:rainy""]"
nlb_fall_001486,1486,5,train,usable,,images/nlb_fall_001486.png,annotations/nlb_fall_001486.json,masks/nlb_fall_001486.png,all_tracks,images/train/nlb_fall_001486.png,labels/train/nlb_fall_001486.txt,1,1,0,10,99505.5,"[""environment:rural"", ""light:auto_bright_dark"", ""light:natural"", ""light:uniform"", ""time_of_day:day"", ""track_layout:straight"", ""weather:cloudy"", ""weather:rainy""]"
nlb_fall_001487,1487,,,excluded,self_intersecting_polygon,images/nlb_fall_001487.png,annotations/nlb_fall_001487.json,masks/nlb_fall_001487.png,all_tracks,,,1,1,0,0,0,"[""environment:rural"", ""light:auto_bright_dark"", ""light:natural"", ""light:uniform"", ""time_of_day:day"", ""track_layout:curve"", ""track_layout:straight"", ""weather:cloudy"", ""weather:rainy""]"
nlb_fall_001488,1488,5,train,usable,,images/nlb_fall_001488.png,annotations/nlb_fall_001488.json,masks/nlb_fall_001488.png,all_tracks,images/train/nlb_fall_001488.png,labels/train/nlb_fall_001488.txt,1,1,0,16,97144.5,"[""additional_attributes:obstruction"", ""environment:rural"", ""light:auto_bright_dark"", ""light:natural"", ""light:uniform"", ""time_of_day:day"", ""track_layout:curve"", ""weather:cloudy"", ""weather:rainy""]"
nlb_fall_001489,1489,5,train,usable,,images/nlb_fall_001489.png,annotations/nlb_fall_001489.json,masks/nlb_fall_001489.png,all_tracks,images/train/nlb_fall_001489.png,labels/train/nlb_fall_001489.txt,1,1,0,22,100899.5,"[""additional_attributes:obstruction"", ""environment:rural"", ""light:auto_bright_dark"", ""light:natural"", ""light:uniform"", ""time_of_day:day"", ""track_layout:curve"", ""weather:cloudy"", ""weather:rainy""]"
nlb_fall_001490,1490,5,train,usable,,images/nlb_fall_001490.png,annotations/nlb_fall_001490.json,masks/nlb_fall_001490.png,all_tracks,images/train/nlb_fall_001490.png,labels/train/nlb_fall_001490.txt,1,1,0,18,100531.5,"[""additional_attributes:obstruction"", ""environment:rural"", ""light:auto_bright_dark"", ""light:natural"", ""light:uniform"", ""time_of_day:day"", ""track_layout:curve"", ""weather:cloudy"", ""weather:rainy""]"
nlb_fall_001491,1491,5,train,usable,,images/nlb_fall_001491.png,annotations/nlb_fall_001491.json,masks/nlb_fall_001491.png,all_tracks,images/train/nlb_fall_001491.png,labels/train/nlb_fall_001491.txt,1,1,0,14,99816.5,"[""additional_attributes:obstruction"", ""environment:rural"", ""light:auto_bright_dark"", ""light:natural"", ""light:uniform"", ""time_of_day:day"", ""track_layout:curve"", ""weather:cloudy"", ""weather:rainy""]"
nlb_fall_001492,1492,5,train,usable,,images/nlb_fall_001492.png,annotations/nlb_fall_001492.json,masks/nlb_fall_001492.png,all_tracks,images/train/nlb_fall_001492.png,labels/train/nlb_fall_001492.txt,1,1,0,16,99926.5,"[""additional_attributes:obstruction"", ""environment:rural"", ""light:auto_bright_dark"", ""light:natural"", ""light:uniform"", ""time_of_day:day"", ""track_layout:curve"", ""weather:cloudy"", ""weather:rainy""]"
nlb_fall_001493,1493,5,train,usable,,images/nlb_fall_001493.png,annotations/nlb_fall_001493.json,masks/nlb_fall_001493.png,all_tracks,images/train/nlb_fall_001493.png,labels/train/nlb_fall_001493.txt,1,1,0,10,100651.0,"[""additional_attributes:obstruction"", ""environment:rural"", ""light:auto_bright_dark"", ""light:natural"", ""light:uniform"", ""time_of_day:day"", ""track_layout:straight"", ""weather:cloudy"", ""weather:rainy""]"
nlb_fall_001494,1494,5,train,usable,,images/nlb_fall_001494.png,annotations/nlb_fall_001494.json,masks/nlb_fall_001494.png,all_tracks,images/train/nlb_fall_001494.png,labels/train/nlb_fall_001494.txt,1,1,0,6,99157.5,"[""additional_attributes:obstruction"", ""environment:rural"", ""light:auto_bright_dark"", ""light:natural"", ""light:uniform"", ""time_of_day:day"", ""track_layout:straight"", ""weather:cloudy"", ""weather:rainy""]"
nlb_fall_001495,1495,5,train,usable,,images/nlb_fall_001495.png,annotations/nlb_fall_001495.json,masks/nlb_fall_001495.png,all_tracks,images/train/nlb_fall_001495.png,labels/train/nlb_fall_001495.txt,1,1,0,10,98183.0,"[""additional_attributes:obstruction"", ""environment:rural"", ""light:auto_bright_dark"", ""light:natural"", ""light:uniform"", ""time_of_day:day"", ""track_layout:straight"", ""weather:cloudy"", ""weather:rainy""]"
nlb_fall_001496,1496,5,train,usable,,images/nlb_fall_001496.png,annotations/nlb_fall_001496.json,masks/nlb_fall_001496.png,all_tracks,images/train/nlb_fall_001496.png,labels/train/nlb_fall_001496.txt,1,1,0,6,99851.0,"[""additional_attributes:obstruction"", ""environment:rural"", ""light:auto_bright_dark"", ""light:natural"", ""light:uniform"", ""time_of_day:day"", ""track_layout:straight"", ""weather:cloudy"", ""weather:rainy""]"
nlb_fall_001497,1497,5,train,usable,,images/nlb_fall_001497.png,annotations/nlb_fall_001497.json,masks/nlb_fall_001497.png,all_tracks,images/train/nlb_fall_001497.png,labels/train/nlb_fall_001497.txt,1,1,0,18,100037.0,"[""additional_attributes:obstruction"", ""environment:rural"", ""light:auto_bright_dark"", ""light:natural"", ""light:uniform"", ""time_of_day:day"", ""track_layout:curve"", ""track_layout:straight"", ""weather:cloudy"", ""weather:rainy""]"
nlb_fall_001498,1498,5,train,usable,,images/nlb_fall_001498.png,annotations/nlb_fall_001498.json,masks/nlb_fall_001498.png,all_tracks,images/train/nlb_fall_001498.png,labels/train/nlb_fall_001498.txt,1,1,0,22,100666.5,"[""additional_attributes:obstruction"", ""environment:rural"", ""light:auto_bright_dark"", ""light:natural"", ""light:uniform"", ""time_of_day:day"", ""track_layout:curve"", ""weather:cloudy"", ""weather:rainy""]"
nlb_fall_001499,1499,5,train,usable,,images/nlb_fall_001499.png,annotations/nlb_fall_001499.json,masks/nlb_fall_001499.png,all_tracks,images/train/nlb_fall_001499.png,labels/train/nlb_fall_001499.txt,1,1,0,14,100727.0,"[""additional_attributes:obstruction"", ""environment:rural"", ""light:auto_bright_dark"", ""light:natural"", ""light:uniform"", ""time_of_day:day"", ""track_layout:curve"", ""weather:cloudy"", ""weather:rainy""]"
nlb_fall_001500,1500,,,excluded,self_intersecting_polygon,images/nlb_fall_001500.png,annotations/nlb_fall_001500.json,masks/nlb_fall_001500.png,all_tracks,,,1,1,0,0,0,"[""additional_attributes:obstruction"", ""environment:rural"", ""light:auto_bright_dark"", ""light:natural"", ""light:uniform"", ""time_of_day:day"", ""track_layout:curve"", ""weather:cloudy"", ""weather:rainy""]"
nlb_fall_001501,1501,6,train,usable,,images/nlb_fall_001501.png,annotations/nlb_fall_001501.json,masks/nlb_fall_001501.png,all_tracks,images/train/nlb_fall_001501.png,labels/train/nlb_fall_001501.txt,1,1,0,16,100265.5,"[""environment:rural"", ""light:auto_bright_dark"", ""light:natural"", ""light:uniform"", ""time_of_day:day"", ""track_layout:curve"", ""track_layout:straight"", ""weather:cloudy"", ""weather:rainy""]"
nlb_fall_001502,1502,6,train,usable,,images/nlb_fall_001502.png,annotations/nlb_fall_001502.json,masks/nlb_fall_001502.png,all_tracks,images/train/nlb_fall_001502.png,labels/train/nlb_fall_001502.txt,1,1,0,20,98543.0,"[""environment:rural"", ""light:auto_bright_dark"", ""light:natural"", ""light:uniform"", ""time_of_day:day"", ""track_layout:curve"", ""weather:cloudy"", ""weather:rainy""]"
nlb_fall_001503,1503,6,train,usable,,images/nlb_fall_001503.png,annotations/nlb_fall_001503.json,masks/nlb_fall_001503.png,all_tracks,images/train/nlb_fall_001503.png,labels/train/nlb_fall_001503.txt,1,1,0,26,101953.5,"[""environment:rural"", ""light:auto_bright_dark"", ""light:natural"", ""light:uniform"", ""time_of_day:day"", ""track_layout:curve"", ""weather:cloudy"", ""weather:rainy""]"
nlb_fall_001504,1504,6,train,usable,,images/nlb_fall_001504.png,annotations/nlb_fall_001504.json,masks/nlb_fall_001504.png,all_tracks,images/train/nlb_fall_001504.png,labels/train/nlb_fall_001504.txt,1,1,0,18,99592.5,"[""environment:rural"", ""light:auto_bright_dark"", ""light:natural"", ""light:uniform"", ""time_of_day:day"", ""track_layout:curve"", ""weather:cloudy"", ""weather:rainy""]"
nlb_fall_001505,1505,6,train,usable,,images/nlb_fall_001505.png,annotations/nlb_fall_001505.json,masks/nlb_fall_001505.png,all_tracks,images/train/nlb_fall_001505.png,labels/train/nlb_fall_001505.txt,1,1,0,22,101091.0,"[""environment:rural"", ""light:auto_bright_dark"", ""light:natural"", ""light:uniform"", ""time_of_day:day"", ""track_layout:curve"", ""weather:cloudy"", ""weather:rainy""]"
nlb_fall_001506,1506,6,train,usable,,images/nlb_fall_001506.png,annotations/nlb_fall_001506.json,masks/nlb_fall_001506.png,all_tracks,images/train/nlb_fall_001506.png,labels/train/nlb_fall_001506.txt,1,1,0,26,100549.5,"[""environment:rural"", ""light:auto_bright_dark"", ""light:natural"", ""light:uniform"", ""time_of_day:day"", ""track_layout:curve"", ""weather:cloudy"", ""weather:rainy""]"
nlb_fall_001507,1507,6,train,usable,,images/nlb_fall_001507.png,annotations/nlb_fall_001507.json,masks/nlb_fall_001507.png,all_tracks,images/train/nlb_fall_001507.png,labels/train/nlb_fall_001507.txt,1,1,0,22,100086.5,"[""environment:rural"", ""light:auto_bright_dark"", ""light:natural"", ""light:uniform"", ""time_of_day:day"", ""track_layout:curve"", ""weather:cloudy"", ""weather:rainy""]"
nlb_fall_001508,1508,6,train,usable,,images/nlb_fall_001508.png,annotations/nlb_fall_001508.json,masks/nlb_fall_001508.png,all_tracks,images/train/nlb_fall_001508.png,labels/train/nlb_fall_001508.txt,1,1,0,24,102160.5,"[""environment:rural"", ""light:auto_bright_dark"", ""light:natural"", ""light:uniform"", ""time_of_day:day"", ""track_layout:curve"", ""weather:cloudy"", ""weather:rainy""]"
nlb_fall_001509,1509,6,train,usable,,images/nlb_fall_001509.png,annotations/nlb_fall_001509.json,masks/nlb_fall_001509.png,all_tracks,images/train/nlb_fall_001509.png,labels/train/nlb_fall_001509.txt,1,1,0,26,101202.0,"[""environment:rural"", ""light:auto_bright_dark"", ""light:natural"", ""light:uniform"", ""time_of_day:day"", ""track_layout:curve"", ""weather:cloudy""]"
nlb_fall_001510,1510,6,train,usable,,images/nlb_fall_001510.png,annotations/nlb_fall_001510.json,masks/nlb_fall_001510.png,all_tracks,images/train/nlb_fall_001510.png,labels/train/nlb_fall_001510.txt,1,1,0,20,100066.0,"[""environment:rural"", ""light:auto_bright_dark"", ""light:natural"", ""light:uniform"", ""time_of_day:day"", ""track_layout:curve"", ""weather:cloudy""]"
nlb_fall_001511,1511,6,train,usable,,images/nlb_fall_001511.png,annotations/nlb_fall_001511.json,masks/nlb_fall_001511.png,all_tracks,images/train/nlb_fall_001511.png,labels/train/nlb_fall_001511.txt,1,1,0,22,99013.0,"[""environment:rural"", ""light:auto_bright_dark"", ""light:natural"", ""light:uniform"", ""time_of_day:day"", ""track_layout:curve"", ""weather:cloudy""]"
nlb_fall_001512,1512,6,train,usable,,images/nlb_fall_001512.png,annotations/nlb_fall_001512.json,masks/nlb_fall_001512.png,all_tracks,images/train/nlb_fall_001512.png,labels/train/nlb_fall_001512.txt,1,1,0,28,98442.5,"[""environment:rural"", ""light:auto_bright_dark"", ""light:natural"", ""light:uniform"", ""time_of_day:day"", ""track_layout:curve"", ""weather:cloudy""]"
nlb_fall_001513,1513,6,train,usable,,images/nlb_fall_001513.png,annotations/nlb_fall_001513.json,masks/nlb_fall_001513.png,all_tracks,images/train/nlb_fall_001513.png,labels/train/nlb_fall_001513.txt,1,1,0,22,99623.0,"[""environment:rural"", ""light:auto_bright_dark"", ""light:natural"", ""light:uniform"", ""time_of_day:day"", ""track_layout:curve"", ""weather:cloudy""]"
nlb_fall_001514,1514,6,train,usable,,images/nlb_fall_001514.png,annotations/nlb_fall_001514.json,masks/nlb_fall_001514.png,all_tracks,images/train/nlb_fall_001514.png,labels/train/nlb_fall_001514.txt,1,1,0,20,99429.0,"[""environment:rural"", ""light:auto_bright_dark"", ""light:natural"", ""light:uniform"", ""time_of_day:day"", ""track_layout:curve"", ""weather:cloudy""]"
nlb_fall_001515,1515,6,train,usable,,images/nlb_fall_001515.png,annotations/nlb_fall_001515.json,masks/nlb_fall_001515.png,all_tracks,images/train/nlb_fall_001515.png,labels/train/nlb_fall_001515.txt,1,1,0,20,99761.0,"[""environment:rural"", ""light:auto_bright_dark"", ""light:natural"", ""light:uniform"", ""time_of_day:day"", ""track_layout:curve"", ""weather:cloudy""]"
nlb_fall_001516,1516,6,train,usable,,images/nlb_fall_001516.png,annotations/nlb_fall_001516.json,masks/nlb_fall_001516.png,all_tracks,images/train/nlb_fall_001516.png,labels/train/nlb_fall_001516.txt,1,1,0,20,100537.0,"[""environment:rural"", ""light:auto_bright_dark"", ""light:natural"", ""light:uniform"", ""time_of_day:day"", ""track_layout:curve"", ""weather:cloudy""]"
nlb_fall_001517,1517,6,train,usable,,images/nlb_fall_001517.png,annotations/nlb_fall_001517.json,masks/nlb_fall_001517.png,all_tracks,images/train/nlb_fall_001517.png,labels/train/nlb_fall_001517.txt,1,1,0,28,99980.0,"[""environment:rural"", ""light:auto_bright_dark"", ""light:natural"", ""light:uniform"", ""time_of_day:day"", ""track_layout:curve"", ""weather:cloudy""]"
nlb_fall_001518,1518,6,train,usable,,images/nlb_fall_001518.png,annotations/nlb_fall_001518.json,masks/nlb_fall_001518.png,all_tracks,images/train/nlb_fall_001518.png,labels/train/nlb_fall_001518.txt,1,1,0,22,100385.0,"[""environment:rural"", ""light:auto_bright_dark"", ""light:natural"", ""light:uniform"", ""time_of_day:day"", ""track_layout:curve"", ""weather:cloudy""]"
nlb_fall_001519,1519,6,train,usable,,images/nlb_fall_001519.png,annotations/nlb_fall_001519.json,masks/nlb_fall_001519.png,all_tracks,images/train/nlb_fall_001519.png,labels/train/nlb_fall_001519.txt,1,1,0,20,101948.5,"[""environment:rural"", ""light:auto_bright_dark"", ""light:natural"", ""light:uniform"", ""time_of_day:day"", ""track_layout:curve"", ""weather:cloudy""]"
nlb_fall_001520,1520,6,train,usable,,images/nlb_fall_001520.png,annotations/nlb_fall_001520.json,masks/nlb_fall_001520.png,all_tracks,images/train/nlb_fall_001520.png,labels/train/nlb_fall_001520.txt,1,1,0,28,104262.5,"[""environment:rural"", ""light:auto_bright_dark"", ""light:natural"", ""light:uniform"", ""time_of_day:day"", ""track_layout:curve"", ""weather:cloudy""]"
nlb_fall_001521,1521,,,excluded,self_intersecting_polygon,images/nlb_fall_001521.png,annotations/nlb_fall_001521.json,masks/nlb_fall_001521.png,all_tracks,,,1,1,0,0,0,"[""environment:rural"", ""light:auto_bright_dark"", ""light:natural"", ""light:uniform"", ""time_of_day:day"", ""track_layout:curve"", ""weather:cloudy""]"
nlb_fall_001522,1522,6,train,usable,,images/nlb_fall_001522.png,annotations/nlb_fall_001522.json,masks/nlb_fall_001522.png,all_tracks,images/train/nlb_fall_001522.png,labels/train/nlb_fall_001522.txt,1,1,0,28,100457.5,"[""environment:rural"", ""light:auto_bright_dark"", ""light:natural"", ""light:uniform"", ""time_of_day:day"", ""track_layout:curve"", ""weather:cloudy""]"
nlb_fall_001523,1523,6,train,usable,,images/nlb_fall_001523.png,annotations/nlb_fall_001523.json,masks/nlb_fall_001523.png,all_tracks,images/train/nlb_fall_001523.png,labels/train/nlb_fall_001523.txt,1,1,0,34,100621.5,"[""environment:rural"", ""light:auto_bright_dark"", ""light:natural"", ""light:uniform"", ""time_of_day:day"", ""track_layout:curve"", ""weather:cloudy""]"
nlb_fall_001524,1524,6,train,usable,,images/nlb_fall_001524.png,annotations/nlb_fall_001524.json,masks/nlb_fall_001524.png,all_tracks,images/train/nlb_fall_001524.png,labels/train/nlb_fall_001524.txt,1,1,0,20,100046.5,"[""environment:rural"", ""light:auto_bright_dark"", ""light:natural"", ""light:uniform"", ""time_of_day:day"", ""track_layout:curve"", ""weather:cloudy""]"
nlb_fall_001525,1525,6,train,usable,,images/nlb_fall_001525.png,annotations/nlb_fall_001525.json,masks/nlb_fall_001525.png,all_tracks,images/train/nlb_fall_001525.png,labels/train/nlb_fall_001525.txt,1,1,0,16,99966.5,"[""environment:rural"", ""light:auto_bright_dark"", ""light:natural"", ""light:uniform"", ""time_of_day:day"", ""track_layout:curve"", ""weather:cloudy""]"
nlb_fall_001526,1526,6,train,usable,,images/nlb_fall_001526.png,annotations/nlb_fall_001526.json,masks/nlb_fall_001526.png,all_tracks,images/train/nlb_fall_001526.png,labels/train/nlb_fall_001526.txt,1,1,0,24,97996.5,"[""environment:rural"", ""light:auto_bright_dark"", ""light:natural"", ""light:uniform"", ""time_of_day:day"", ""track_layout:curve"", ""weather:cloudy""]"
nlb_fall_001527,1527,6,train,usable,,images/nlb_fall_001527.png,annotations/nlb_fall_001527.json,masks/nlb_fall_001527.png,all_tracks,images/train/nlb_fall_001527.png,labels/train/nlb_fall_001527.txt,1,1,0,10,99565.5,"[""environment:rural"", ""light:auto_bright_dark"", ""light:natural"", ""light:uniform"", ""time_of_day:day"", ""track_layout:straight"", ""weather:cloudy""]"
nlb_fall_001528,1528,6,train,usable,,images/nlb_fall_001528.png,annotations/nlb_fall_001528.json,masks/nlb_fall_001528.png,all_tracks,images/train/nlb_fall_001528.png,labels/train/nlb_fall_001528.txt,1,1,0,18,98830.5,"[""environment:rural"", ""light:auto_bright_dark"", ""light:natural"", ""light:uniform"", ""time_of_day:day"", ""track_layout:curve"", ""track_layout:straight"", ""weather:cloudy""]"
nlb_fall_001529,1529,6,train,usable,,images/nlb_fall_001529.png,annotations/nlb_fall_001529.json,masks/nlb_fall_001529.png,all_tracks,images/train/nlb_fall_001529.png,labels/train/nlb_fall_001529.txt,1,1,0,20,98728.5,"[""environment:rural"", ""light:auto_bright_dark"", ""light:natural"", ""light:uniform"", ""time_of_day:day"", ""track_layout:curve"", ""weather:cloudy""]"
nlb_fall_001530,1530,6,train,usable,,images/nlb_fall_001530.png,annotations/nlb_fall_001530.json,masks/nlb_fall_001530.png,all_tracks,images/train/nlb_fall_001530.png,labels/train/nlb_fall_001530.txt,1,1,0,24,100639.0,"[""environment:rural"", ""light:auto_bright_dark"", ""light:natural"", ""light:uniform"", ""time_of_day:day"", ""track_layout:curve"", ""weather:cloudy""]"
nlb_fall_001531,1531,6,train,usable,,images/nlb_fall_001531.png,annotations/nlb_fall_001531.json,masks/nlb_fall_001531.png,all_tracks,images/train/nlb_fall_001531.png,labels/train/nlb_fall_001531.txt,1,1,0,22,99653.5,"[""environment:rural"", ""light:auto_bright_dark"", ""light:natural"", ""light:uniform"", ""time_of_day:day"", ""track_layout:curve"", ""weather:cloudy""]"
nlb_fall_001532,1532,6,train,usable,,images/nlb_fall_001532.png,annotations/nlb_fall_001532.json,masks/nlb_fall_001532.png,all_tracks,images/train/nlb_fall_001532.png,labels/train/nlb_fall_001532.txt,1,1,0,24,100341.0,"[""environment:rural"", ""light:auto_bright_dark"", ""light:natural"", ""light:uniform"", ""time_of_day:day"", ""track_layout:curve"", ""weather:cloudy""]"
nlb_fall_001533,1533,6,train,usable,,images/nlb_fall_001533.png,annotations/nlb_fall_001533.json,masks/nlb_fall_001533.png,all_tracks,images/train/nlb_fall_001533.png,labels/train/nlb_fall_001533.txt,1,1,0,16,99920.0,"[""environment:rural"", ""light:auto_bright_dark"", ""light:natural"", ""light:uniform"", ""time_of_day:day"", ""track_layout:curve"", ""weather:cloudy""]"
nlb_fall_001534,1534,6,train,usable,,images/nlb_fall_001534.png,annotations/nlb_fall_001534.json,masks/nlb_fall_001534.png,all_tracks,images/train/nlb_fall_001534.png,labels/train/nlb_fall_001534.txt,1,1,0,13,100001.0,"[""environment:rural"", ""light:auto_bright_dark"", ""light:natural"", ""light:uniform"", ""time_of_day:day"", ""track_layout:straight"", ""weather:cloudy""]"
nlb_fall_001535,1535,6,train,usable,,images/nlb_fall_001535.png,annotations/nlb_fall_001535.json,masks/nlb_fall_001535.png,all_tracks,images/train/nlb_fall_001535.png,labels/train/nlb_fall_001535.txt,1,1,0,16,100723.5,"[""environment:rural"", ""environment:urban"", ""light:auto_bright_dark"", ""light:natural"", ""light:uniform"", ""time_of_day:day"", ""track_layout:straight"", ""weather:cloudy""]"
nlb_fall_001536,1536,6,train,usable,,images/nlb_fall_001536.png,annotations/nlb_fall_001536.json,masks/nlb_fall_001536.png,all_tracks,images/train/nlb_fall_001536.png,labels/train/nlb_fall_001536.txt,1,1,0,14,100870.0,"[""environment:urban"", ""light:auto_bright_dark"", ""light:natural"", ""light:uniform"", ""time_of_day:day"", ""track_layout:straight"", ""weather:cloudy""]"
nlb_fall_001537,1537,6,train,usable,,images/nlb_fall_001537.png,annotations/nlb_fall_001537.json,masks/nlb_fall_001537.png,all_tracks,images/train/nlb_fall_001537.png,labels/train/nlb_fall_001537.txt,1,1,0,12,99784.0,"[""environment:urban"", ""light:auto_bright_dark"", ""light:natural"", ""light:uniform"", ""time_of_day:day"", ""track_layout:curve"", ""track_layout:straight"", ""weather:cloudy""]"
nlb_fall_001538,1538,6,train,usable,,images/nlb_fall_001538.png,annotations/nlb_fall_001538.json,masks/nlb_fall_001538.png,all_tracks,images/train/nlb_fall_001538.png,labels/train/nlb_fall_001538.txt,1,1,0,18,99284.0,"[""environment:urban"", ""light:auto_bright_dark"", ""light:natural"", ""light:uniform"", ""time_of_day:day"", ""track_layout:curve"", ""weather:cloudy""]"
nlb_fall_001539,1539,6,train,usable,,images/nlb_fall_001539.png,annotations/nlb_fall_001539.json,masks/nlb_fall_001539.png,all_tracks,images/train/nlb_fall_001539.png,labels/train/nlb_fall_001539.txt,1,1,0,33,100764.0,"[""environment:urban"", ""light:auto_bright_dark"", ""light:natural"", ""light:uniform"", ""time_of_day:day"", ""track_layout:curve"", ""weather:cloudy""]"
nlb_fall_001540,1540,6,train,usable,,images/nlb_fall_001540.png,annotations/nlb_fall_001540.json,masks/nlb_fall_001540.png,all_tracks,images/train/nlb_fall_001540.png,labels/train/nlb_fall_001540.txt,1,1,0,25,104054.5,"[""environment:urban"", ""light:auto_bright_dark"", ""light:natural"", ""light:uniform"", ""time_of_day:day"", ""track_layout:curve"", ""track_layout:parallel structures"", ""weather:cloudy""]"
nlb_fall_001541,1541,,,excluded,self_intersecting_polygon,images/nlb_fall_001541.png,annotations/nlb_fall_001541.json,masks/nlb_fall_001541.png,all_tracks,,,1,1,0,0,0,"[""environment:urban"", ""light:auto_bright_dark"", ""light:natural"", ""light:uniform"", ""time_of_day:day"", ""track_layout:curve"", ""track_layout:parallel structures"", ""weather:cloudy""]"
nlb_fall_001542,1542,6,train,usable,,images/nlb_fall_001542.png,annotations/nlb_fall_001542.json,masks/nlb_fall_001542.png,all_tracks,images/train/nlb_fall_001542.png,labels/train/nlb_fall_001542.txt,1,2,0,32,101879.5,"[""environment:urban"", ""light:auto_bright_dark"", ""light:natural"", ""light:uniform"", ""time_of_day:day"", ""track_layout:curve"", ""weather:cloudy""]"
nlb_fall_001543,1543,6,train,usable,,images/nlb_fall_001543.png,annotations/nlb_fall_001543.json,masks/nlb_fall_001543.png,all_tracks,images/train/nlb_fall_001543.png,labels/train/nlb_fall_001543.txt,1,2,0,30,102494.0,"[""environment:urban"", ""light:auto_bright_dark"", ""light:natural"", ""light:uniform"", ""time_of_day:day"", ""track_layout:curve"", ""weather:cloudy""]"
nlb_fall_001544,1544,6,train,usable,,images/nlb_fall_001544.png,annotations/nlb_fall_001544.json,masks/nlb_fall_001544.png,all_tracks,images/train/nlb_fall_001544.png,labels/train/nlb_fall_001544.txt,1,4,2,31,101794.0,"[""environment:urban"", ""light:auto_bright_dark"", ""light:natural"", ""light:uniform"", ""time_of_day:day"", ""track_layout:curve"", ""weather:cloudy""]"
nlb_fall_001545,1545,6,train,usable,,images/nlb_fall_001545.png,annotations/nlb_fall_001545.json,masks/nlb_fall_001545.png,all_tracks,images/train/nlb_fall_001545.png,labels/train/nlb_fall_001545.txt,1,3,1,24,105466.0,"[""environment:urban"", ""light:auto_bright_dark"", ""light:natural"", ""light:uniform"", ""time_of_day:day"", ""track_layout:curve"", ""weather:cloudy""]"
nlb_fall_001546,1546,6,train,usable,,images/nlb_fall_001546.png,annotations/nlb_fall_001546.json,masks/nlb_fall_001546.png,all_tracks,images/train/nlb_fall_001546.png,labels/train/nlb_fall_001546.txt,1,4,2,14,101199.5,"[""environment:urban"", ""light:auto_bright_dark"", ""light:natural"", ""light:uniform"", ""time_of_day:day"", ""track_layout:curve"", ""track_layout:straight"", ""weather:cloudy""]"
nlb_fall_001547,1547,6,train,usable,,images/nlb_fall_001547.png,annotations/nlb_fall_001547.json,masks/nlb_fall_001547.png,all_tracks,images/train/nlb_fall_001547.png,labels/train/nlb_fall_001547.txt,1,4,0,10,98427.0,"[""environment:station"", ""environment:urban"", ""light:auto_bright_dark"", ""light:natural"", ""light:uniform"", ""time_of_day:day"", ""track_layout:curve"", ""track_layout:straight"", ""weather:cloudy""]"
nlb_fall_001548,1548,6,train,usable,,images/nlb_fall_001548.png,annotations/nlb_fall_001548.json,masks/nlb_fall_001548.png,all_tracks,images/train/nlb_fall_001548.png,labels/train/nlb_fall_001548.txt,1,6,2,16,99849.0,"[""environment:station"", ""environment:urban"", ""light:auto_bright_dark"", ""light:natural"", ""light:uniform"", ""time_of_day:day"", ""track_layout:curve"", ""track_layout:straight"", ""weather:cloudy""]"
nlb_fall_001549,1549,6,train,usable,,images/nlb_fall_001549.png,annotations/nlb_fall_001549.json,masks/nlb_fall_001549.png,all_tracks,images/train/nlb_fall_001549.png,labels/train/nlb_fall_001549.txt,1,5,0,10,100797.5,"[""environment:station"", ""environment:urban"", ""light:auto_bright_dark"", ""light:natural"", ""light:uniform"", ""time_of_day:day"", ""track_layout:straight"", ""weather:cloudy""]"
nlb_fall_001550,1550,6,train,usable,,images/nlb_fall_001550.png,annotations/nlb_fall_001550.json,masks/nlb_fall_001550.png,all_tracks,images/train/nlb_fall_001550.png,labels/train/nlb_fall_001550.txt,1,5,0,14,100820.0,"[""environment:station"", ""environment:urban"", ""light:auto_bright_dark"", ""light:natural"", ""light:uniform"", ""time_of_day:day"", ""track_layout:straight"", ""weather:cloudy""]"
nlb_fall_001551,1551,6,train,usable,,images/nlb_fall_001551.png,annotations/nlb_fall_001551.json,masks/nlb_fall_001551.png,all_tracks,images/train/nlb_fall_001551.png,labels/train/nlb_fall_001551.txt,1,5,0,15,98026.5,"[""environment:station"", ""environment:urban"", ""light:auto_bright_dark"", ""light:natural"", ""light:uniform"", ""time_of_day:day"", ""track_layout:straight"", ""weather:cloudy""]"
nlb_fall_001552,1552,6,train,usable,,images/nlb_fall_001552.png,annotations/nlb_fall_001552.json,masks/nlb_fall_001552.png,all_tracks,images/train/nlb_fall_001552.png,labels/train/nlb_fall_001552.txt,1,6,0,12,101164.5,"[""environment:station"", ""environment:urban"", ""light:auto_bright_dark"", ""light:natural"", ""light:uniform"", ""time_of_day:day"", ""track_layout:curve"", ""track_layout:straight"", ""weather:cloudy""]"
nlb_fall_001553,1553,6,train,usable,,images/nlb_fall_001553.png,annotations/nlb_fall_001553.json,masks/nlb_fall_001553.png,all_tracks,images/train/nlb_fall_001553.png,labels/train/nlb_fall_001553.txt,1,5,3,14,100632.0,"[""environment:station"", ""environment:urban"", ""light:auto_bright_dark"", ""light:natural"", ""light:uniform"", ""time_of_day:day"", ""track_layout:curve"", ""track_layout:straight"", ""weather:cloudy""]"
nlb_fall_001554,1554,6,train,usable,,images/nlb_fall_001554.png,annotations/nlb_fall_001554.json,masks/nlb_fall_001554.png,all_tracks,images/train/nlb_fall_001554.png,labels/train/nlb_fall_001554.txt,1,5,4,12,100507.5,"[""environment:rural"", ""environment:station"", ""light:auto_bright_dark"", ""light:natural"", ""light:uniform"", ""time_of_day:day"", ""track_layout:curve"", ""track_layout:straight"", ""weather:cloudy""]"
nlb_fall_001555,1555,6,train,usable,,images/nlb_fall_001555.png,annotations/nlb_fall_001555.json,masks/nlb_fall_001555.png,all_tracks,images/train/nlb_fall_001555.png,labels/train/nlb_fall_001555.txt,1,4,3,18,99751.0,"[""environment:rural"", ""environment:station"", ""light:auto_bright_dark"", ""light:natural"", ""light:uniform"", ""time_of_day:day"", ""track_layout:curve"", ""track_layout:straight"", ""weather:cloudy""]"
nlb_fall_001556,1556,6,train,usable,,images/nlb_fall_001556.png,annotations/nlb_fall_001556.json,masks/nlb_fall_001556.png,all_tracks,images/train/nlb_fall_001556.png,labels/train/nlb_fall_001556.txt,1,4,3,15,99228.0,"[""environment:rural"", ""environment:station"", ""light:auto_bright_dark"", ""light:natural"", ""light:uniform"", ""time_of_day:day"", ""track_layout:curve"", ""track_layout:straight"", ""weather:cloudy""]"
nlb_fall_001577,1577,6,train,usable,,images/nlb_fall_001577.png,annotations/nlb_fall_001577.json,masks/nlb_fall_001577.png,all_tracks,images/train/nlb_fall_001577.png,labels/train/nlb_fall_001577.txt,1,4,3,24,99896.0,"[""environment:rural"", ""light:auto_bright_dark"", ""light:natural"", ""light:uniform"", ""time_of_day:day"", ""track_layout:curve"", ""track_layout:straight"", ""weather:cloudy""]"
nlb_fall_001578,1578,6,train,usable,,images/nlb_fall_001578.png,annotations/nlb_fall_001578.json,masks/nlb_fall_001578.png,all_tracks,images/train/nlb_fall_001578.png,labels/train/nlb_fall_001578.txt,1,4,3,19,101986.0,"[""environment:rural"", ""light:auto_bright_dark"", ""light:natural"", ""light:uniform"", ""time_of_day:day"", ""track_layout:curve"", ""track_layout:straight"", ""weather:cloudy""]"
nlb_fall_001579,1579,6,train,usable,,images/nlb_fall_001579.png,annotations/nlb_fall_001579.json,masks/nlb_fall_001579.png,all_tracks,images/train/nlb_fall_001579.png,labels/train/nlb_fall_001579.txt,1,3,1,17,99662.0,"[""environment:rural"", ""light:auto_bright_dark"", ""light:natural"", ""light:uniform"", ""time_of_day:day"", ""track_layout:curve"", ""track_layout:straight"", ""weather:cloudy""]"
nlb_fall_001580,1580,6,train,usable,,images/nlb_fall_001580.png,annotations/nlb_fall_001580.json,masks/nlb_fall_001580.png,all_tracks,images/train/nlb_fall_001580.png,labels/train/nlb_fall_001580.txt,1,3,1,20,99288.0,"[""environment:rural"", ""light:auto_bright_dark"", ""light:natural"", ""light:uniform"", ""time_of_day:day"", ""track_layout:curve"", ""track_layout:straight"", ""weather:cloudy""]"
nlb_fall_001581,1581,6,train,usable,,images/nlb_fall_001581.png,annotations/nlb_fall_001581.json,masks/nlb_fall_001581.png,all_tracks,images/train/nlb_fall_001581.png,labels/train/nlb_fall_001581.txt,1,1,0,23,101526.5,"[""environment:rural"", ""light:auto_bright_dark"", ""light:natural"", ""light:uniform"", ""time_of_day:day"", ""track_layout:curve"", ""weather:cloudy""]"
nlb_fall_001582,1582,6,train,usable,,images/nlb_fall_001582.png,annotations/nlb_fall_001582.json,masks/nlb_fall_001582.png,all_tracks,images/train/nlb_fall_001582.png,labels/train/nlb_fall_001582.txt,1,1,0,30,103657.5,"[""environment:urban"", ""light:auto_bright_dark"", ""light:natural"", ""light:uniform"", ""time_of_day:day"", ""track_layout:curve"", ""weather:cloudy""]"
nlb_fall_001583,1583,6,train,usable,,images/nlb_fall_001583.png,annotations/nlb_fall_001583.json,masks/nlb_fall_001583.png,all_tracks,images/train/nlb_fall_001583.png,labels/train/nlb_fall_001583.txt,1,1,0,26,102922.0,"[""environment:urban"", ""light:auto_bright_dark"", ""light:natural"", ""light:uniform"", ""time_of_day:day"", ""track_layout:curve"", ""weather:cloudy""]"
nlb_fall_001584,1584,6,train,usable,,images/nlb_fall_001584.png,annotations/nlb_fall_001584.json,masks/nlb_fall_001584.png,all_tracks,images/train/nlb_fall_001584.png,labels/train/nlb_fall_001584.txt,1,1,0,25,100883.5,"[""environment:urban"", ""light:auto_bright_dark"", ""light:natural"", ""light:uniform"", ""time_of_day:day"", ""track_layout:curve"", ""weather:cloudy""]"
nlb_fall_001585,1585,6,train,usable,,images/nlb_fall_001585.png,annotations/nlb_fall_001585.json,masks/nlb_fall_001585.png,all_tracks,images/train/nlb_fall_001585.png,labels/train/nlb_fall_001585.txt,1,1,0,17,95604.0,"[""environment:urban"", ""light:auto_bright_dark"", ""light:natural"", ""light:uniform"", ""time_of_day:day"", ""track_layout:curve"", ""track_layout:parallel structures"", ""track_layout:straight"", ""weather:cloudy""]"
nlb_fall_001586,1586,6,train,usable,,images/nlb_fall_001586.png,annotations/nlb_fall_001586.json,masks/nlb_fall_001586.png,all_tracks,images/train/nlb_fall_001586.png,labels/train/nlb_fall_001586.txt,1,1,0,21,99234.5,"[""environment:urban"", ""light:auto_bright_dark"", ""light:natural"", ""light:uniform"", ""time_of_day:day"", ""track_layout:curve"", ""track_layout:parallel structures"", ""weather:cloudy""]"
nlb_fall_001587,1587,6,train,usable,,images/nlb_fall_001587.png,annotations/nlb_fall_001587.json,masks/nlb_fall_001587.png,all_tracks,images/train/nlb_fall_001587.png,labels/train/nlb_fall_001587.txt,1,1,0,24,101010.0,"[""environment:urban"", ""light:auto_bright_dark"", ""light:natural"", ""light:uniform"", ""time_of_day:day"", ""track_layout:curve"", ""weather:cloudy""]"
nlb_fall_001588,1588,6,train,usable,,images/nlb_fall_001588.png,annotations/nlb_fall_001588.json,masks/nlb_fall_001588.png,all_tracks,images/train/nlb_fall_001588.png,labels/train/nlb_fall_001588.txt,1,1,0,20,96584.5,"[""environment:urban"", ""light:auto_bright_dark"", ""light:natural"", ""light:uniform"", ""time_of_day:day"", ""track_layout:curve"", ""track_layout:parallel structures"", ""weather:cloudy""]"
nlb_fall_001589,1589,6,train,usable,,images/nlb_fall_001589.png,annotations/nlb_fall_001589.json,masks/nlb_fall_001589.png,all_tracks,images/train/nlb_fall_001589.png,labels/train/nlb_fall_001589.txt,1,1,0,22,97456.5,"[""environment:urban"", ""light:auto_bright_dark"", ""light:natural"", ""light:uniform"", ""time_of_day:day"", ""track_layout:curve"", ""track_layout:parallel structures"", ""weather:cloudy""]"
nlb_fall_001590,1590,6,train,usable,,images/nlb_fall_001590.png,annotations/nlb_fall_001590.json,masks/nlb_fall_001590.png,all_tracks,images/train/nlb_fall_001590.png,labels/train/nlb_fall_001590.txt,1,1,0,24,102179.0,"[""environment:urban"", ""light:auto_bright_dark"", ""light:natural"", ""light:uniform"", ""time_of_day:day"", ""track_layout:curve"", ""weather:cloudy""]"
nlb_fall_001591,1591,6,train,usable,,images/nlb_fall_001591.png,annotations/nlb_fall_001591.json,masks/nlb_fall_001591.png,all_tracks,images/train/nlb_fall_001591.png,labels/train/nlb_fall_001591.txt,1,1,0,20,101780.5,"[""environment:urban"", ""light:auto_bright_dark"", ""light:natural"", ""light:uniform"", ""time_of_day:day"", ""track_layout:curve"", ""weather:cloudy""]"
nlb_fall_001592,1592,6,train,usable,,images/nlb_fall_001592.png,annotations/nlb_fall_001592.json,masks/nlb_fall_001592.png,all_tracks,images/train/nlb_fall_001592.png,labels/train/nlb_fall_001592.txt,1,1,0,18,98945.5,"[""environment:urban"", ""light:auto_bright_dark"", ""light:natural"", ""light:uniform"", ""time_of_day:day"", ""track_layout:curve"", ""weather:cloudy""]"
nlb_fall_001593,1593,6,train,usable,,images/nlb_fall_001593.png,annotations/nlb_fall_001593.json,masks/nlb_fall_001593.png,all_tracks,images/train/nlb_fall_001593.png,labels/train/nlb_fall_001593.txt,1,1,0,22,99344.0,"[""environment:rural"", ""light:auto_bright_dark"", ""light:natural"", ""light:uniform"", ""time_of_day:day"", ""track_layout:curve"", ""weather:cloudy""]"
nlb_fall_001594,1594,6,train,usable,,images/nlb_fall_001594.png,annotations/nlb_fall_001594.json,masks/nlb_fall_001594.png,all_tracks,images/train/nlb_fall_001594.png,labels/train/nlb_fall_001594.txt,1,1,0,18,99176.0,"[""environment:rural"", ""light:auto_bright_dark"", ""light:natural"", ""light:uniform"", ""time_of_day:day"", ""track_layout:curve"", ""weather:cloudy""]"
nlb_fall_001595,1595,6,train,usable,,images/nlb_fall_001595.png,annotations/nlb_fall_001595.json,masks/nlb_fall_001595.png,all_tracks,images/train/nlb_fall_001595.png,labels/train/nlb_fall_001595.txt,1,1,0,18,98183.5,"[""environment:rural"", ""light:auto_bright_dark"", ""light:natural"", ""light:uniform"", ""time_of_day:day"", ""track_layout:curve"", ""weather:cloudy""]"
nlb_fall_001596,1596,6,train,usable,,images/nlb_fall_001596.png,annotations/nlb_fall_001596.json,masks/nlb_fall_001596.png,all_tracks,images/train/nlb_fall_001596.png,labels/train/nlb_fall_001596.txt,1,1,0,20,97760.0,"[""environment:rural"", ""light:auto_bright_dark"", ""light:natural"", ""light:uniform"", ""time_of_day:day"", ""track_layout:curve"", ""weather:cloudy""]"
nlb_fall_001597,1597,6,train,usable,,images/nlb_fall_001597.png,annotations/nlb_fall_001597.json,masks/nlb_fall_001597.png,all_tracks,images/train/nlb_fall_001597.png,labels/train/nlb_fall_001597.txt,1,1,0,6,99389.5,"[""environment:rural"", ""light:auto_bright_dark"", ""light:natural"", ""light:uniform"", ""time_of_day:day"", ""track_layout:straight"", ""weather:cloudy""]"
nlb_fall_001598,1598,6,train,usable,,images/nlb_fall_001598.png,annotations/nlb_fall_001598.json,masks/nlb_fall_001598.png,all_tracks,images/train/nlb_fall_001598.png,labels/train/nlb_fall_001598.txt,1,1,0,10,100764.0,"[""environment:rural"", ""light:auto_bright_dark"", ""light:natural"", ""light:uniform"", ""time_of_day:day"", ""track_layout:straight"", ""weather:cloudy""]"
nlb_fall_001599,1599,6,train,usable,,images/nlb_fall_001599.png,annotations/nlb_fall_001599.json,masks/nlb_fall_001599.png,all_tracks,images/train/nlb_fall_001599.png,labels/train/nlb_fall_001599.txt,1,1,0,8,100347.0,"[""environment:rural"", ""light:auto_bright_dark"", ""light:natural"", ""light:uniform"", ""time_of_day:day"", ""track_layout:straight"", ""weather:cloudy""]"
nlb_fall_001600,1600,6,train,usable,,images/nlb_fall_001600.png,annotations/nlb_fall_001600.json,masks/nlb_fall_001600.png,all_tracks,images/train/nlb_fall_001600.png,labels/train/nlb_fall_001600.txt,1,1,0,10,99816.5,"[""environment:rural"", ""light:auto_bright_dark"", ""light:natural"", ""light:uniform"", ""time_of_day:day"", ""track_layout:straight"", ""weather:cloudy""]"
nlb_fall_001741,1741,6,train,usable,,images/nlb_fall_001741.png,annotations/nlb_fall_001741.json,masks/nlb_fall_001741.png,all_tracks,images/train/nlb_fall_001741.png,labels/train/nlb_fall_001741.txt,1,2,0,8,97802.0,"[""environment:rural"", ""light:auto_bright_dark"", ""light:natural"", ""light:uniform"", ""time_of_day:day"", ""track_layout:curve"", ""track_layout:straight"", ""weather:cloudy""]"
nlb_fall_001742,1742,6,train,usable,,images/nlb_fall_001742.png,annotations/nlb_fall_001742.json,masks/nlb_fall_001742.png,all_tracks,images/train/nlb_fall_001742.png,labels/train/nlb_fall_001742.txt,1,2,0,12,100032.5,"[""environment:rural"", ""light:auto_bright_dark"", ""light:natural"", ""light:uniform"", ""time_of_day:day"", ""track_layout:straight"", ""weather:cloudy""]"
nlb_fall_001743,1743,6,train,usable,,images/nlb_fall_001743.png,annotations/nlb_fall_001743.json,masks/nlb_fall_001743.png,all_tracks,images/train/nlb_fall_001743.png,labels/train/nlb_fall_001743.txt,1,2,0,30,99271.5,"[""environment:rural"", ""light:auto_bright_dark"", ""light:natural"", ""light:uniform"", ""time_of_day:day"", ""track_layout:curve"", ""weather:cloudy""]"
nlb_fall_001744,1744,6,train,usable,,images/nlb_fall_001744.png,annotations/nlb_fall_001744.json,masks/nlb_fall_001744.png,all_tracks,images/train/nlb_fall_001744.png,labels/train/nlb_fall_001744.txt,1,2,0,26,100888.5,"[""environment:rural"", ""light:auto_bright_dark"", ""light:natural"", ""light:uniform"", ""time_of_day:day"", ""track_layout:curve"", ""weather:cloudy""]"
nlb_fall_001745,1745,6,train,usable,,images/nlb_fall_001745.png,annotations/nlb_fall_001745.json,masks/nlb_fall_001745.png,all_tracks,images/train/nlb_fall_001745.png,labels/train/nlb_fall_001745.txt,1,2,1,13,99030.5,"[""environment:rural"", ""light:auto_bright_dark"", ""light:natural"", ""light:uniform"", ""time_of_day:day"", ""track_layout:curve"", ""track_layout:straight"", ""weather:cloudy""]"
nlb_fall_001920,1920,7,train,usable,,images/nlb_fall_001920.png,annotations/nlb_fall_001920.json,masks/nlb_fall_001920.png,all_tracks,images/train/nlb_fall_001920.png,labels/train/nlb_fall_001920.txt,1,2,1,29,98909.0,"[""environment:rural"", ""light:auto_bright_dark"", ""light:natural"", ""light:uniform"", ""time_of_day:day"", ""track_layout:curve"", ""track_layout:straight"", ""weather:cloudy""]"
nlb_fall_001921,1921,,,excluded,self_intersecting_polygon,images/nlb_fall_001921.png,annotations/nlb_fall_001921.json,masks/nlb_fall_001921.png,all_tracks,,,1,2,0,0,0,"[""environment:rural"", ""light:auto_bright_dark"", ""light:natural"", ""light:uniform"", ""time_of_day:day"", ""track_layout:curve"", ""weather:cloudy""]"
nlb_fall_001922,1922,7,train,usable,,images/nlb_fall_001922.png,annotations/nlb_fall_001922.json,masks/nlb_fall_001922.png,all_tracks,images/train/nlb_fall_001922.png,labels/train/nlb_fall_001922.txt,1,2,0,34,99936.0,"[""environment:rural"", ""light:auto_bright_dark"", ""light:natural"", ""light:uniform"", ""time_of_day:day"", ""track_layout:curve"", ""weather:cloudy""]"
nlb_fall_001923,1923,7,train,usable,,images/nlb_fall_001923.png,annotations/nlb_fall_001923.json,masks/nlb_fall_001923.png,all_tracks,images/train/nlb_fall_001923.png,labels/train/nlb_fall_001923.txt,1,2,0,27,100359.5,"[""environment:rural"", ""light:auto_bright_dark"", ""light:natural"", ""light:uniform"", ""time_of_day:day"", ""track_layout:curve"", ""weather:cloudy""]"
nlb_fall_001924,1924,7,train,usable,,images/nlb_fall_001924.png,annotations/nlb_fall_001924.json,masks/nlb_fall_001924.png,all_tracks,images/train/nlb_fall_001924.png,labels/train/nlb_fall_001924.txt,1,2,0,30,98880.0,"[""environment:rural"", ""light:auto_bright_dark"", ""light:natural"", ""light:uniform"", ""time_of_day:day"", ""track_layout:curve"", ""weather:cloudy""]"
nlb_fall_001925,1925,7,train,usable,,images/nlb_fall_001925.png,annotations/nlb_fall_001925.json,masks/nlb_fall_001925.png,all_tracks,images/train/nlb_fall_001925.png,labels/train/nlb_fall_001925.txt,1,2,1,30,101127.0,"[""environment:rural"", ""light:auto_bright_dark"", ""light:natural"", ""light:uniform"", ""time_of_day:day"", ""track_layout:curve"", ""weather:cloudy""]"
nlb_fall_001926,1926,7,train,usable,,images/nlb_fall_001926.png,annotations/nlb_fall_001926.json,masks/nlb_fall_001926.png,all_tracks,images/train/nlb_fall_001926.png,labels/train/nlb_fall_001926.txt,1,2,1,12,99239.0,"[""environment:rural"", ""light:auto_bright_dark"", ""light:natural"", ""light:uniform"", ""time_of_day:day"", ""track_layout:curve"", ""weather:cloudy""]"
nlb_fall_002001,2001,8,val,usable,,images/nlb_fall_002001.png,annotations/nlb_fall_002001.json,masks/nlb_fall_002001.png,all_tracks,images/val/nlb_fall_002001.png,labels/val/nlb_fall_002001.txt,1,1,0,12,104283.5,"[""environment:rural"", ""light:auto_bright_dark"", ""light:natural"", ""light:uniform"", ""time_of_day:day"", ""track_layout:curve"", ""weather:cloudy""]"
nlb_fall_002002,2002,8,val,usable,,images/nlb_fall_002002.png,annotations/nlb_fall_002002.json,masks/nlb_fall_002002.png,all_tracks,images/val/nlb_fall_002002.png,labels/val/nlb_fall_002002.txt,1,1,0,4,99757.0,"[""environment:rural"", ""light:auto_bright_dark"", ""light:natural"", ""light:uniform"", ""time_of_day:day"", ""track_layout:straight"", ""weather:cloudy""]"
nlb_fall_002003,2003,8,val,usable,,images/nlb_fall_002003.png,annotations/nlb_fall_002003.json,masks/nlb_fall_002003.png,all_tracks,images/val/nlb_fall_002003.png,labels/val/nlb_fall_002003.txt,1,1,0,8,99810.0,"[""environment:rural"", ""light:auto_bright_dark"", ""light:dark"", ""light:natural"", ""light:uniform"", ""time_of_day:day"", ""track_layout:straight"", ""weather:cloudy""]"
nlb_fall_002004,2004,8,val,usable,,images/nlb_fall_002004.png,annotations/nlb_fall_002004.json,masks/nlb_fall_002004.png,all_tracks,images/val/nlb_fall_002004.png,labels/val/nlb_fall_002004.txt,1,3,2,8,102210.5,"[""environment:rural"", ""light:auto_bright_dark"", ""light:natural"", ""light:uniform"", ""time_of_day:day"", ""track_layout:curve"", ""track_layout:straight"", ""weather:cloudy""]"
nlb_fall_002005,2005,8,val,usable,,images/nlb_fall_002005.png,annotations/nlb_fall_002005.json,masks/nlb_fall_002005.png,all_tracks,images/val/nlb_fall_002005.png,labels/val/nlb_fall_002005.txt,1,4,2,10,101981.5,"[""environment:rural"", ""light:auto_bright_dark"", ""light:natural"", ""light:uniform"", ""time_of_day:day"", ""track_layout:curve"", ""track_layout:straight"", ""weather:cloudy""]"
nlb_fall_002006,2006,8,val,usable,,images/nlb_fall_002006.png,annotations/nlb_fall_002006.json,masks/nlb_fall_002006.png,all_tracks,images/val/nlb_fall_002006.png,labels/val/nlb_fall_002006.txt,1,4,1,6,100876.5,"[""additional_attributes:obstruction"", ""environment:rural"", ""light:auto_bright_dark"", ""light:natural"", ""light:uniform"", ""time_of_day:day"", ""track_layout:straight"", ""weather:cloudy""]"
nlb_fall_002007,2007,8,val,usable,,images/nlb_fall_002007.png,annotations/nlb_fall_002007.json,masks/nlb_fall_002007.png,all_tracks,images/val/nlb_fall_002007.png,labels/val/nlb_fall_002007.txt,1,3,0,6,102235.0,"[""additional_attributes:obstruction"", ""environment:rural"", ""light:auto_bright_dark"", ""light:natural"", ""light:uniform"", ""time_of_day:day"", ""track_layout:straight"", ""weather:cloudy""]"
nlb_fall_002008,2008,8,val,usable,,images/nlb_fall_002008.png,annotations/nlb_fall_002008.json,masks/nlb_fall_002008.png,all_tracks,images/val/nlb_fall_002008.png,labels/val/nlb_fall_002008.txt,1,3,0,8,100546.5,"[""additional_attributes:obstruction"", ""environment:rural"", ""light:auto_bright_dark"", ""light:natural"", ""light:uniform"", ""time_of_day:day"", ""track_layout:curve"", ""track_layout:straight"", ""weather:cloudy""]"
nlb_fall_002009,2009,8,val,usable,,images/nlb_fall_002009.png,annotations/nlb_fall_002009.json,masks/nlb_fall_002009.png,all_tracks,images/val/nlb_fall_002009.png,labels/val/nlb_fall_002009.txt,1,4,1,6,100332.5,"[""environment:rural"", ""light:auto_bright_dark"", ""light:natural"", ""light:uniform"", ""time_of_day:day"", ""track_layout:curve"", ""track_layout:straight"", ""weather:cloudy""]"
nlb_fall_002010,2010,8,val,usable,,images/nlb_fall_002010.png,annotations/nlb_fall_002010.json,masks/nlb_fall_002010.png,all_tracks,images/val/nlb_fall_002010.png,labels/val/nlb_fall_002010.txt,1,3,2,8,101265.0,"[""environment:rural"", ""light:auto_bright_dark"", ""light:natural"", ""light:uniform"", ""time_of_day:day"", ""track_layout:curve"", ""track_layout:straight"", ""weather:cloudy""]"
nlb_fall_002011,2011,8,val,usable,,images/nlb_fall_002011.png,annotations/nlb_fall_002011.json,masks/nlb_fall_002011.png,all_tracks,images/val/nlb_fall_002011.png,labels/val/nlb_fall_002011.txt,1,3,2,10,99591.0,"[""environment:rural"", ""light:auto_bright_dark"", ""light:natural"", ""light:uniform"", ""time_of_day:day"", ""track_layout:curve"", ""track_layout:straight"", ""weather:cloudy""]"
nlb_fall_002012,2012,8,val,usable,,images/nlb_fall_002012.png,annotations/nlb_fall_002012.json,masks/nlb_fall_002012.png,all_tracks,images/val/nlb_fall_002012.png,labels/val/nlb_fall_002012.txt,1,3,2,10,100553.0,"[""environment:rural"", ""light:auto_bright_dark"", ""light:natural"", ""light:uniform"", ""time_of_day:day"", ""track_layout:curve"", ""track_layout:straight"", ""weather:cloudy""]"
nlb_fall_002040,2040,8,val,usable,,images/nlb_fall_002040.png,annotations/nlb_fall_002040.json,masks/nlb_fall_002040.png,all_tracks,images/val/nlb_fall_002040.png,labels/val/nlb_fall_002040.txt,1,3,2,12,100405.0,"[""environment:rural"", ""light:auto_bright_dark"", ""light:natural"", ""time_of_day:day"", ""track_layout:curve"", ""track_layout:straight"", ""weather:cloudy""]"
nlb_fall_002041,2041,8,val,usable,,images/nlb_fall_002041.png,annotations/nlb_fall_002041.json,masks/nlb_fall_002041.png,all_tracks,images/val/nlb_fall_002041.png,labels/val/nlb_fall_002041.txt,1,3,2,10,99557.5,"[""environment:rural"", ""light:auto_bright_dark"", ""light:natural"", ""time_of_day:day"", ""track_layout:curve"", ""track_layout:straight"", ""weather:cloudy""]"
nlb_fall_002042,2042,8,val,usable,,images/nlb_fall_002042.png,annotations/nlb_fall_002042.json,masks/nlb_fall_002042.png,all_tracks,images/val/nlb_fall_002042.png,labels/val/nlb_fall_002042.txt,1,2,1,12,100212.0,"[""environment:rural"", ""light:auto_bright_dark"", ""light:natural"", ""time_of_day:day"", ""track_layout:curve"", ""track_layout:straight"", ""weather:cloudy""]"
nlb_fall_002043,2043,8,val,usable,,images/nlb_fall_002043.png,annotations/nlb_fall_002043.json,masks/nlb_fall_002043.png,all_tracks,images/val/nlb_fall_002043.png,labels/val/nlb_fall_002043.txt,1,1,0,14,105258.5,"[""environment:rural"", ""light:auto_bright_dark"", ""light:natural"", ""time_of_day:day"", ""track_layout:curve"", ""weather:cloudy""]"
nlb_fall_002044,2044,8,val,usable,,images/nlb_fall_002044.png,annotations/nlb_fall_002044.json,masks/nlb_fall_002044.png,all_tracks,images/val/nlb_fall_002044.png,labels/val/nlb_fall_002044.txt,1,1,0,14,103513.0,"[""environment:rural"", ""light:auto_bright_dark"", ""light:natural"", ""time_of_day:day"", ""track_layout:curve"", ""weather:cloudy""]"
nlb_fall_002045,2045,8,val,usable,,images/nlb_fall_002045.png,annotations/nlb_fall_002045.json,masks/nlb_fall_002045.png,all_tracks,images/val/nlb_fall_002045.png,labels/val/nlb_fall_002045.txt,1,1,0,10,104623.0,"[""environment:rural"", ""light:auto_bright_dark"", ""light:natural"", ""time_of_day:day"", ""track_layout:curve"", ""weather:cloudy""]"
nlb_fall_002046,2046,8,val,usable,,images/nlb_fall_002046.png,annotations/nlb_fall_002046.json,masks/nlb_fall_002046.png,all_tracks,images/val/nlb_fall_002046.png,labels/val/nlb_fall_002046.txt,1,1,0,16,104563.0,"[""environment:rural"", ""light:auto_bright_dark"", ""light:natural"", ""time_of_day:day"", ""track_layout:curve"", ""weather:cloudy""]"
nlb_fall_002047,2047,8,val,usable,,images/nlb_fall_002047.png,annotations/nlb_fall_002047.json,masks/nlb_fall_002047.png,all_tracks,images/val/nlb_fall_002047.png,labels/val/nlb_fall_002047.txt,1,1,0,6,99318.0,"[""environment:rural"", ""light:auto_bright_dark"", ""light:natural"", ""time_of_day:day"", ""track_layout:straight"", ""weather:cloudy""]"
nlb_fall_002048,2048,8,val,usable,,images/nlb_fall_002048.png,annotations/nlb_fall_002048.json,masks/nlb_fall_002048.png,all_tracks,images/val/nlb_fall_002048.png,labels/val/nlb_fall_002048.txt,1,1,0,6,99049.0,"[""environment:rural"", ""light:auto_bright_dark"", ""light:natural"", ""time_of_day:day"", ""track_layout:straight"", ""weather:cloudy""]"
nlb_fall_002054,2054,8,val,usable,,images/nlb_fall_002054.png,annotations/nlb_fall_002054.json,masks/nlb_fall_002054.png,all_tracks,images/val/nlb_fall_002054.png,labels/val/nlb_fall_002054.txt,1,1,0,10,103527.0,"[""environment:rural"", ""light:auto_bright_dark"", ""light:natural"", ""light:uniform"", ""time_of_day:day"", ""track_layout:curve"", ""weather:cloudy""]"
nlb_fall_002055,2055,8,val,usable,,images/nlb_fall_002055.png,annotations/nlb_fall_002055.json,masks/nlb_fall_002055.png,all_tracks,images/val/nlb_fall_002055.png,labels/val/nlb_fall_002055.txt,1,1,0,10,101668.0,"[""environment:rural"", ""light:auto_bright_dark"", ""light:dark"", ""light:natural"", ""light:uniform"", ""time_of_day:day"", ""track_layout:curve"", ""weather:cloudy""]"
nlb_fall_002056,2056,8,val,usable,,images/nlb_fall_002056.png,annotations/nlb_fall_002056.json,masks/nlb_fall_002056.png,all_tracks,images/val/nlb_fall_002056.png,labels/val/nlb_fall_002056.txt,1,1,0,8,100810.5,"[""environment:rural"", ""light:auto_bright_dark"", ""light:dark"", ""light:natural"", ""light:uniform"", ""time_of_day:day"", ""track_layout:straight"", ""weather:cloudy""]"
nlb_fall_002057,2057,8,val,usable,,images/nlb_fall_002057.png,annotations/nlb_fall_002057.json,masks/nlb_fall_002057.png,all_tracks,images/val/nlb_fall_002057.png,labels/val/nlb_fall_002057.txt,1,1,0,8,99700.0,"[""environment:rural"", ""light:auto_bright_dark"", ""light:dark"", ""light:natural"", ""light:uniform"", ""time_of_day:day"", ""track_layout:straight"", ""weather:cloudy""]"
nlb_fall_002058,2058,8,val,usable,,images/nlb_fall_002058.png,annotations/nlb_fall_002058.json,masks/nlb_fall_002058.png,all_tracks,images/val/nlb_fall_002058.png,labels/val/nlb_fall_002058.txt,1,1,0,6,99188.0,"[""environment:rural"", ""light:auto_bright_dark"", ""light:dark"", ""light:natural"", ""light:uniform"", ""time_of_day:day"", ""track_layout:straight"", ""weather:cloudy""]"
nlb_fall_002059,2059,8,val,usable,,images/nlb_fall_002059.png,annotations/nlb_fall_002059.json,masks/nlb_fall_002059.png,all_tracks,images/val/nlb_fall_002059.png,labels/val/nlb_fall_002059.txt,1,1,0,12,100837.5,"[""environment:rural"", ""light:auto_bright_dark"", ""light:dark"", ""light:natural"", ""light:uniform"", ""time_of_day:day"", ""track_layout:curve"", ""weather:cloudy""]"
nlb_fall_002060,2060,8,val,usable,,images/nlb_fall_002060.png,annotations/nlb_fall_002060.json,masks/nlb_fall_002060.png,all_tracks,images/val/nlb_fall_002060.png,labels/val/nlb_fall_002060.txt,1,1,0,8,103645.5,"[""environment:rural"", ""light:auto_bright_dark"", ""light:dark"", ""light:natural"", ""light:uniform"", ""time_of_day:day"", ""track_layout:curve"", ""weather:cloudy""]"
nlb_fall_002061,2061,8,val,usable,,images/nlb_fall_002061.png,annotations/nlb_fall_002061.json,masks/nlb_fall_002061.png,all_tracks,images/val/nlb_fall_002061.png,labels/val/nlb_fall_002061.txt,1,1,0,14,99527.5,"[""environment:rural"", ""light:auto_bright_dark"", ""light:dark"", ""light:natural"", ""light:uniform"", ""time_of_day:day"", ""track_layout:curve"", ""weather:cloudy""]"
nlb_fall_002062,2062,8,val,usable,,images/nlb_fall_002062.png,annotations/nlb_fall_002062.json,masks/nlb_fall_002062.png,all_tracks,images/val/nlb_fall_002062.png,labels/val/nlb_fall_002062.txt,1,1,0,14,101478.0,"[""environment:rural"", ""light:auto_bright_dark"", ""light:dark"", ""light:natural"", ""light:uniform"", ""time_of_day:day"", ""track_layout:curve"", ""weather:cloudy""]"
nlb_fall_002063,2063,8,val,usable,,images/nlb_fall_002063.png,annotations/nlb_fall_002063.json,masks/nlb_fall_002063.png,all_tracks,images/val/nlb_fall_002063.png,labels/val/nlb_fall_002063.txt,1,1,0,4,98475.0,"[""environment:rural"", ""light:auto_bright_dark"", ""light:dark"", ""light:natural"", ""light:uniform"", ""time_of_day:day"", ""track_layout:straight"", ""weather:cloudy""]"
nlb_fall_002064,2064,8,val,usable,,images/nlb_fall_002064.png,annotations/nlb_fall_002064.json,masks/nlb_fall_002064.png,all_tracks,images/val/nlb_fall_002064.png,labels/val/nlb_fall_002064.txt,1,1,0,6,100426.0,"[""environment:rural"", ""light:auto_bright_dark"", ""light:dark"", ""light:natural"", ""light:uniform"", ""time_of_day:day"", ""track_layout:straight"", ""weather:cloudy""]"
nlb_fall_002065,2065,8,val,usable,,images/nlb_fall_002065.png,annotations/nlb_fall_002065.json,masks/nlb_fall_002065.png,all_tracks,images/val/nlb_fall_002065.png,labels/val/nlb_fall_002065.txt,1,1,0,12,100495.0,"[""environment:rural"", ""light:auto_bright_dark"", ""light:dark"", ""light:natural"", ""light:uniform"", ""time_of_day:day"", ""track_layout:curve"", ""weather:cloudy""]"
nlb_fall_002066,2066,8,val,usable,,images/nlb_fall_002066.png,annotations/nlb_fall_002066.json,masks/nlb_fall_002066.png,all_tracks,images/val/nlb_fall_002066.png,labels/val/nlb_fall_002066.txt,1,1,0,12,100261.0,"[""environment:rural"", ""light:auto_bright_dark"", ""light:dark"", ""light:natural"", ""light:uniform"", ""time_of_day:day"", ""track_layout:curve"", ""weather:cloudy""]"
nlb_fall_002067,2067,8,val,usable,,images/nlb_fall_002067.png,annotations/nlb_fall_002067.json,masks/nlb_fall_002067.png,all_tracks,images/val/nlb_fall_002067.png,labels/val/nlb_fall_002067.txt,1,1,0,16,101785.5,"[""environment:rural"", ""light:auto_bright_dark"", ""light:dark"", ""light:natural"", ""light:uniform"", ""time_of_day:day"", ""track_layout:curve"", ""weather:cloudy""]"
nlb_fall_002068,2068,8,val,usable,,images/nlb_fall_002068.png,annotations/nlb_fall_002068.json,masks/nlb_fall_002068.png,all_tracks,images/val/nlb_fall_002068.png,labels/val/nlb_fall_002068.txt,1,1,0,10,100265.5,"[""environment:rural"", ""light:auto_bright_dark"", ""light:natural"", ""light:uniform"", ""time_of_day:day"", ""track_layout:curve"", ""weather:cloudy""]"
nlb_fall_002069,2069,8,val,usable,,images/nlb_fall_002069.png,annotations/nlb_fall_002069.json,masks/nlb_fall_002069.png,all_tracks,images/val/nlb_fall_002069.png,labels/val/nlb_fall_002069.txt,1,1,0,10,100398.5,"[""environment:rural"", ""light:auto_bright_dark"", ""light:dark"", ""light:natural"", ""light:uniform"", ""time_of_day:day"", ""track_layout:curve"", ""weather:cloudy""]"
nlb_fall_002070,2070,8,val,usable,,images/nlb_fall_002070.png,annotations/nlb_fall_002070.json,masks/nlb_fall_002070.png,all_tracks,images/val/nlb_fall_002070.png,labels/val/nlb_fall_002070.txt,1,1,0,8,100491.0,"[""environment:rural"", ""light:auto_bright_dark"", ""light:natural"", ""light:uniform"", ""time_of_day:day"", ""track_layout:straight"", ""weather:cloudy""]"
nlb_fall_002071,2071,8,val,usable,,images/nlb_fall_002071.png,annotations/nlb_fall_002071.json,masks/nlb_fall_002071.png,all_tracks,images/val/nlb_fall_002071.png,labels/val/nlb_fall_002071.txt,1,1,0,6,100606.0,"[""environment:rural"", ""light:auto_bright_dark"", ""light:dark"", ""light:natural"", ""light:uniform"", ""time_of_day:day"", ""track_layout:straight"", ""weather:cloudy""]"
nlb_fall_002072,2072,8,val,usable,,images/nlb_fall_002072.png,annotations/nlb_fall_002072.json,masks/nlb_fall_002072.png,all_tracks,images/val/nlb_fall_002072.png,labels/val/nlb_fall_002072.txt,1,1,0,10,99703.5,"[""environment:rural"", ""light:auto_bright_dark"", ""light:natural"", ""light:uniform"", ""time_of_day:day"", ""track_layout:curve"", ""weather:cloudy""]"
nlb_fall_002073,2073,8,val,usable,,images/nlb_fall_002073.png,annotations/nlb_fall_002073.json,masks/nlb_fall_002073.png,all_tracks,images/val/nlb_fall_002073.png,labels/val/nlb_fall_002073.txt,1,1,0,12,100145.0,"[""environment:rural"", ""light:auto_bright_dark"", ""light:dark"", ""light:natural"", ""light:uniform"", ""time_of_day:day"", ""track_layout:curve"", ""weather:cloudy""]"
nlb_fall_002074,2074,8,val,usable,,images/nlb_fall_002074.png,annotations/nlb_fall_002074.json,masks/nlb_fall_002074.png,all_tracks,images/val/nlb_fall_002074.png,labels/val/nlb_fall_002074.txt,1,1,0,10,100878.0,"[""environment:rural"", ""light:auto_bright_dark"", ""light:natural"", ""light:uniform"", ""time_of_day:day"", ""track_layout:curve"", ""weather:cloudy""]"
nlb_fall_002075,2075,8,val,usable,,images/nlb_fall_002075.png,annotations/nlb_fall_002075.json,masks/nlb_fall_002075.png,all_tracks,images/val/nlb_fall_002075.png,labels/val/nlb_fall_002075.txt,1,1,0,10,100573.5,"[""environment:rural"", ""light:auto_bright_dark"", ""light:dark"", ""light:natural"", ""light:uniform"", ""time_of_day:day"", ""track_layout:curve"", ""weather:cloudy""]"
nlb_fall_002076,2076,8,val,usable,,images/nlb_fall_002076.png,annotations/nlb_fall_002076.json,masks/nlb_fall_002076.png,all_tracks,images/val/nlb_fall_002076.png,labels/val/nlb_fall_002076.txt,1,1,0,10,101228.0,"[""environment:rural"", ""light:auto_bright_dark"", ""light:dark"", ""light:natural"", ""light:uniform"", ""time_of_day:day"", ""track_layout:curve"", ""track_layout:straight"", ""weather:cloudy""]"
nlb_fall_002077,2077,8,val,usable,,images/nlb_fall_002077.png,annotations/nlb_fall_002077.json,masks/nlb_fall_002077.png,all_tracks,images/val/nlb_fall_002077.png,labels/val/nlb_fall_002077.txt,1,1,0,8,100843.5,"[""environment:rural"", ""light:auto_bright_dark"", ""light:dark"", ""light:natural"", ""light:uniform"", ""time_of_day:day"", ""track_layout:straight"", ""weather:cloudy""]"
nlb_fall_002078,2078,8,val,usable,,images/nlb_fall_002078.png,annotations/nlb_fall_002078.json,masks/nlb_fall_002078.png,all_tracks,images/val/nlb_fall_002078.png,labels/val/nlb_fall_002078.txt,1,1,0,6,100366.0,"[""environment:rural"", ""light:auto_bright_dark"", ""light:natural"", ""light:uniform"", ""time_of_day:day"", ""track_layout:straight"", ""weather:cloudy""]"
nlb_fall_002079,2079,8,val,usable,,images/nlb_fall_002079.png,annotations/nlb_fall_002079.json,masks/nlb_fall_002079.png,all_tracks,images/val/nlb_fall_002079.png,labels/val/nlb_fall_002079.txt,1,1,0,14,100406.0,"[""environment:rural"", ""light:auto_bright_dark"", ""light:natural"", ""light:uniform"", ""time_of_day:day"", ""track_layout:curve"", ""weather:cloudy""]"
nlb_fall_002080,2080,8,val,usable,,images/nlb_fall_002080.png,annotations/nlb_fall_002080.json,masks/nlb_fall_002080.png,all_tracks,images/val/nlb_fall_002080.png,labels/val/nlb_fall_002080.txt,1,1,0,14,99452.0,"[""environment:rural"", ""light:auto_bright_dark"", ""light:natural"", ""light:uniform"", ""time_of_day:day"", ""track_layout:curve"", ""weather:cloudy""]"
nlb_fall_002081,2081,8,val,usable,,images/nlb_fall_002081.png,annotations/nlb_fall_002081.json,masks/nlb_fall_002081.png,all_tracks,images/val/nlb_fall_002081.png,labels/val/nlb_fall_002081.txt,1,1,0,12,103706.0,"[""environment:rural"", ""light:auto_bright_dark"", ""light:natural"", ""light:uniform"", ""time_of_day:day"", ""track_layout:curve"", ""weather:cloudy""]"
nlb_fall_002082,2082,8,val,usable,,images/nlb_fall_002082.png,annotations/nlb_fall_002082.json,masks/nlb_fall_002082.png,all_tracks,images/val/nlb_fall_002082.png,labels/val/nlb_fall_002082.txt,1,1,0,10,105038.0,"[""environment:rural"", ""light:auto_bright_dark"", ""light:natural"", ""light:uniform"", ""time_of_day:day"", ""track_layout:curve"", ""weather:cloudy""]"
nlb_fall_002084,2084,8,val,usable,,images/nlb_fall_002084.png,annotations/nlb_fall_002084.json,masks/nlb_fall_002084.png,all_tracks,images/val/nlb_fall_002084.png,labels/val/nlb_fall_002084.txt,1,1,0,12,107446.0,"[""environment:rural"", ""light:auto_bright_dark"", ""light:natural"", ""light:uniform"", ""time_of_day:day"", ""track_layout:curve"", ""weather:cloudy""]"
nlb_fall_002085,2085,8,val,usable,,images/nlb_fall_002085.png,annotations/nlb_fall_002085.json,masks/nlb_fall_002085.png,all_tracks,images/val/nlb_fall_002085.png,labels/val/nlb_fall_002085.txt,1,1,0,16,107090.0,"[""environment:rural"", ""light:auto_bright_dark"", ""light:natural"", ""light:uniform"", ""time_of_day:day"", ""track_layout:curve"", ""weather:cloudy""]"
nlb_fall_002086,2086,8,val,usable,,images/nlb_fall_002086.png,annotations/nlb_fall_002086.json,masks/nlb_fall_002086.png,all_tracks,images/val/nlb_fall_002086.png,labels/val/nlb_fall_002086.txt,1,1,0,10,100075.0,"[""environment:rural"", ""light:auto_bright_dark"", ""light:natural"", ""light:uniform"", ""time_of_day:day"", ""track_layout:curve"", ""weather:cloudy""]"
nlb_fall_002087,2087,8,val,usable,,images/nlb_fall_002087.png,annotations/nlb_fall_002087.json,masks/nlb_fall_002087.png,all_tracks,images/val/nlb_fall_002087.png,labels/val/nlb_fall_002087.txt,1,1,0,12,99987.0,"[""environment:rural"", ""light:auto_bright_dark"", ""light:natural"", ""light:uniform"", ""time_of_day:day"", ""track_layout:curve"", ""weather:cloudy""]"
nlb_fall_002088,2088,8,val,usable,,images/nlb_fall_002088.png,annotations/nlb_fall_002088.json,masks/nlb_fall_002088.png,all_tracks,images/val/nlb_fall_002088.png,labels/val/nlb_fall_002088.txt,1,1,0,12,100526.0,"[""environment:rural"", ""light:auto_bright_dark"", ""light:natural"", ""light:uniform"", ""time_of_day:day"", ""track_layout:curve"", ""weather:cloudy""]"
nlb_fall_002089,2089,8,val,usable,,images/nlb_fall_002089.png,annotations/nlb_fall_002089.json,masks/nlb_fall_002089.png,all_tracks,images/val/nlb_fall_002089.png,labels/val/nlb_fall_002089.txt,1,1,0,12,100917.0,"[""environment:rural"", ""light:auto_bright_dark"", ""light:natural"", ""light:uniform"", ""time_of_day:day"", ""track_layout:curve"", ""weather:cloudy""]"
nlb_fall_002090,2090,8,val,usable,,images/nlb_fall_002090.png,annotations/nlb_fall_002090.json,masks/nlb_fall_002090.png,all_tracks,images/val/nlb_fall_002090.png,labels/val/nlb_fall_002090.txt,1,1,0,12,100591.0,"[""environment:rural"", ""light:auto_bright_dark"", ""light:natural"", ""light:uniform"", ""time_of_day:day"", ""track_layout:curve"", ""weather:cloudy""]"
nlb_fall_002091,2091,8,val,usable,,images/nlb_fall_002091.png,annotations/nlb_fall_002091.json,masks/nlb_fall_002091.png,all_tracks,images/val/nlb_fall_002091.png,labels/val/nlb_fall_002091.txt,1,1,0,14,102316.5,"[""environment:rural"", ""light:auto_bright_dark"", ""light:natural"", ""light:uniform"", ""time_of_day:day"", ""track_layout:curve"", ""weather:cloudy""]"
nlb_fall_002092,2092,8,val,usable,,images/nlb_fall_002092.png,annotations/nlb_fall_002092.json,masks/nlb_fall_002092.png,all_tracks,images/val/nlb_fall_002092.png,labels/val/nlb_fall_002092.txt,1,1,0,14,100530.0,"[""environment:rural"", ""light:auto_bright_dark"", ""light:natural"", ""light:uniform"", ""time_of_day:day"", ""track_layout:curve"", ""weather:cloudy""]"
nlb_fall_002093,2093,8,val,usable,,images/nlb_fall_002093.png,annotations/nlb_fall_002093.json,masks/nlb_fall_002093.png,all_tracks,images/val/nlb_fall_002093.png,labels/val/nlb_fall_002093.txt,1,1,0,12,100815.5,"[""environment:rural"", ""light:auto_bright_dark"", ""light:natural"", ""light:uniform"", ""time_of_day:day"", ""track_layout:curve"", ""weather:cloudy""]"
nlb_fall_002094,2094,8,val,usable,,images/nlb_fall_002094.png,annotations/nlb_fall_002094.json,masks/nlb_fall_002094.png,all_tracks,images/val/nlb_fall_002094.png,labels/val/nlb_fall_002094.txt,1,1,0,12,100810.0,"[""environment:rural"", ""light:auto_bright_dark"", ""light:natural"", ""light:uniform"", ""time_of_day:day"", ""track_layout:curve"", ""weather:cloudy""]"
nlb_fall_002095,2095,8,val,usable,,images/nlb_fall_002095.png,annotations/nlb_fall_002095.json,masks/nlb_fall_002095.png,all_tracks,images/val/nlb_fall_002095.png,labels/val/nlb_fall_002095.txt,1,1,0,16,104382.0,"[""environment:rural"", ""light:auto_bright_dark"", ""light:natural"", ""light:uniform"", ""time_of_day:day"", ""track_layout:curve"", ""weather:cloudy""]"
nlb_fall_002096,2096,8,val,usable,,images/nlb_fall_002096.png,annotations/nlb_fall_002096.json,masks/nlb_fall_002096.png,all_tracks,images/val/nlb_fall_002096.png,labels/val/nlb_fall_002096.txt,1,1,0,10,100998.0,"[""environment:rural"", ""light:auto_bright_dark"", ""light:natural"", ""light:uniform"", ""time_of_day:day"", ""track_layout:curve"", ""weather:cloudy""]"
nlb_fall_002097,2097,8,val,usable,,images/nlb_fall_002097.png,annotations/nlb_fall_002097.json,masks/nlb_fall_002097.png,all_tracks,images/val/nlb_fall_002097.png,labels/val/nlb_fall_002097.txt,1,1,0,10,101139.5,"[""environment:rural"", ""light:auto_bright_dark"", ""light:natural"", ""light:uniform"", ""time_of_day:day"", ""track_layout:straight"", ""weather:cloudy""]"
nlb_fall_002098,2098,8,val,usable,,images/nlb_fall_002098.png,annotations/nlb_fall_002098.json,masks/nlb_fall_002098.png,all_tracks,images/val/nlb_fall_002098.png,labels/val/nlb_fall_002098.txt,1,1,0,10,98662.0,"[""environment:rural"", ""light:auto_bright_dark"", ""light:natural"", ""light:uniform"", ""time_of_day:day"", ""track_layout:straight"", ""weather:cloudy""]"
nlb_fall_002099,2099,8,val,usable,,images/nlb_fall_002099.png,annotations/nlb_fall_002099.json,masks/nlb_fall_002099.png,all_tracks,images/val/nlb_fall_002099.png,labels/val/nlb_fall_002099.txt,1,1,0,10,101605.5,"[""environment:rural"", ""light:auto_bright_dark"", ""light:natural"", ""light:uniform"", ""time_of_day:day"", ""track_layout:straight"", ""weather:cloudy""]"
nlb_fall_002100,2100,8,val,usable,,images/nlb_fall_002100.png,annotations/nlb_fall_002100.json,masks/nlb_fall_002100.png,all_tracks,images/val/nlb_fall_002100.png,labels/val/nlb_fall_002100.txt,1,1,0,8,99576.5,"[""environment:rural"", ""light:auto_bright_dark"", ""light:natural"", ""light:uniform"", ""time_of_day:day"", ""track_layout:straight"", ""weather:cloudy""]"
nlb_fall_002101,2101,8,val,usable,,images/nlb_fall_002101.png,annotations/nlb_fall_002101.json,masks/nlb_fall_002101.png,all_tracks,images/val/nlb_fall_002101.png,labels/val/nlb_fall_002101.txt,1,1,0,6,99807.0,"[""environment:rural"", ""light:auto_bright_dark"", ""light:natural"", ""light:uniform"", ""time_of_day:day"", ""track_layout:straight"", ""weather:cloudy""]"
nlb_fall_002102,2102,8,val,usable,,images/nlb_fall_002102.png,annotations/nlb_fall_002102.json,masks/nlb_fall_002102.png,all_tracks,images/val/nlb_fall_002102.png,labels/val/nlb_fall_002102.txt,1,1,0,4,98522.5,"[""environment:rural"", ""light:auto_bright_dark"", ""light:natural"", ""light:uniform"", ""time_of_day:day"", ""track_layout:straight"", ""weather:cloudy""]"
nlb_fall_002103,2103,8,val,usable,,images/nlb_fall_002103.png,annotations/nlb_fall_002103.json,masks/nlb_fall_002103.png,all_tracks,images/val/nlb_fall_002103.png,labels/val/nlb_fall_002103.txt,1,1,0,5,99595.0,"[""environment:rural"", ""light:auto_bright_dark"", ""light:natural"", ""light:uniform"", ""time_of_day:day"", ""track_layout:straight"", ""weather:cloudy""]"
nlb_fall_002104,2104,8,val,usable,,images/nlb_fall_002104.png,annotations/nlb_fall_002104.json,masks/nlb_fall_002104.png,all_tracks,images/val/nlb_fall_002104.png,labels/val/nlb_fall_002104.txt,1,1,0,5,100098.0,"[""environment:rural"", ""light:auto_bright_dark"", ""light:natural"", ""light:uniform"", ""time_of_day:day"", ""track_layout:straight"", ""weather:cloudy""]"
nlb_fall_002105,2105,8,val,usable,,images/nlb_fall_002105.png,annotations/nlb_fall_002105.json,masks/nlb_fall_002105.png,all_tracks,images/val/nlb_fall_002105.png,labels/val/nlb_fall_002105.txt,1,1,0,7,100141.0,"[""environment:rural"", ""light:auto_bright_dark"", ""light:natural"", ""light:uniform"", ""time_of_day:day"", ""track_layout:straight"", ""weather:cloudy""]"
nlb_fall_002106,2106,8,val,usable,,images/nlb_fall_002106.png,annotations/nlb_fall_002106.json,masks/nlb_fall_002106.png,all_tracks,images/val/nlb_fall_002106.png,labels/val/nlb_fall_002106.txt,1,1,0,6,99964.0,"[""environment:rural"", ""light:auto_bright_dark"", ""light:natural"", ""light:uniform"", ""time_of_day:day"", ""track_layout:straight"", ""weather:cloudy""]"
nlb_fall_002107,2107,8,val,usable,,images/nlb_fall_002107.png,annotations/nlb_fall_002107.json,masks/nlb_fall_002107.png,all_tracks,images/val/nlb_fall_002107.png,labels/val/nlb_fall_002107.txt,1,1,0,5,99715.0,"[""environment:rural"", ""light:auto_bright_dark"", ""light:natural"", ""light:uniform"", ""time_of_day:day"", ""track_layout:straight"", ""weather:cloudy""]"
nlb_fall_002108,2108,8,val,usable,,images/nlb_fall_002108.png,annotations/nlb_fall_002108.json,masks/nlb_fall_002108.png,all_tracks,images/val/nlb_fall_002108.png,labels/val/nlb_fall_002108.txt,1,1,0,10,99946.5,"[""environment:rural"", ""light:auto_bright_dark"", ""light:natural"", ""light:uniform"", ""time_of_day:day"", ""track_layout:curve"", ""weather:cloudy""]"
nlb_fall_002109,2109,8,val,usable,,images/nlb_fall_002109.png,annotations/nlb_fall_002109.json,masks/nlb_fall_002109.png,all_tracks,images/val/nlb_fall_002109.png,labels/val/nlb_fall_002109.txt,1,1,0,12,101890.5,"[""environment:rural"", ""light:auto_bright_dark"", ""light:natural"", ""light:uniform"", ""time_of_day:day"", ""track_layout:curve"", ""weather:cloudy""]"
nlb_fall_002110,2110,8,val,usable,,images/nlb_fall_002110.png,annotations/nlb_fall_002110.json,masks/nlb_fall_002110.png,all_tracks,images/val/nlb_fall_002110.png,labels/val/nlb_fall_002110.txt,1,1,0,8,99616.5,"[""environment:rural"", ""light:auto_bright_dark"", ""light:natural"", ""light:uniform"", ""time_of_day:day"", ""track_layout:straight"", ""weather:cloudy""]"
nlb_fall_002111,2111,8,val,usable,,images/nlb_fall_002111.png,annotations/nlb_fall_002111.json,masks/nlb_fall_002111.png,all_tracks,images/val/nlb_fall_002111.png,labels/val/nlb_fall_002111.txt,1,1,0,5,100578.0,"[""environment:rural"", ""light:auto_bright_dark"", ""light:natural"", ""light:uniform"", ""time_of_day:day"", ""track_layout:straight"", ""weather:cloudy""]"
nlb_fall_002112,2112,8,val,usable,,images/nlb_fall_002112.png,annotations/nlb_fall_002112.json,masks/nlb_fall_002112.png,all_tracks,images/val/nlb_fall_002112.png,labels/val/nlb_fall_002112.txt,1,1,0,8,99904.0,"[""environment:rural"", ""light:auto_bright_dark"", ""light:natural"", ""light:uniform"", ""time_of_day:day"", ""track_layout:straight"", ""weather:cloudy""]"
nlb_fall_002113,2113,8,val,usable,,images/nlb_fall_002113.png,annotations/nlb_fall_002113.json,masks/nlb_fall_002113.png,all_tracks,images/val/nlb_fall_002113.png,labels/val/nlb_fall_002113.txt,1,2,1,5,98504.0,"[""environment:rural"", ""light:auto_bright_dark"", ""light:natural"", ""light:uniform"", ""time_of_day:day"", ""track_layout:curve"", ""track_layout:straight"", ""weather:cloudy""]"
nlb_fall_002114,2114,8,val,usable,,images/nlb_fall_002114.png,annotations/nlb_fall_002114.json,masks/nlb_fall_002114.png,all_tracks,images/val/nlb_fall_002114.png,labels/val/nlb_fall_002114.txt,1,2,0,7,100636.5,"[""environment:rural"", ""light:auto_bright_dark"", ""light:natural"", ""light:uniform"", ""time_of_day:day"", ""track_layout:straight"", ""weather:cloudy""]"
nlb_fall_002115,2115,8,val,usable,,images/nlb_fall_002115.png,annotations/nlb_fall_002115.json,masks/nlb_fall_002115.png,all_tracks,images/val/nlb_fall_002115.png,labels/val/nlb_fall_002115.txt,1,2,0,6,101254.0,"[""environment:rural"", ""light:auto_bright_dark"", ""light:natural"", ""light:uniform"", ""time_of_day:day"", ""track_layout:straight"", ""weather:cloudy""]"
nlb_fall_002116,2116,8,val,usable,,images/nlb_fall_002116.png,annotations/nlb_fall_002116.json,masks/nlb_fall_002116.png,all_tracks,images/val/nlb_fall_002116.png,labels/val/nlb_fall_002116.txt,1,2,0,12,101036.0,"[""environment:rural"", ""light:auto_bright_dark"", ""light:natural"", ""light:uniform"", ""time_of_day:day"", ""track_layout:curve"", ""track_layout:straight"", ""weather:cloudy""]"
nlb_fall_002117,2117,8,val,usable,,images/nlb_fall_002117.png,annotations/nlb_fall_002117.json,masks/nlb_fall_002117.png,all_tracks,images/val/nlb_fall_002117.png,labels/val/nlb_fall_002117.txt,1,2,0,12,100185.5,"[""environment:rural"", ""light:auto_bright_dark"", ""light:natural"", ""light:uniform"", ""time_of_day:day"", ""track_layout:curve"", ""weather:cloudy""]"
nlb_fall_002118,2118,8,val,usable,,images/nlb_fall_002118.png,annotations/nlb_fall_002118.json,masks/nlb_fall_002118.png,all_tracks,images/val/nlb_fall_002118.png,labels/val/nlb_fall_002118.txt,1,2,1,12,102574.0,"[""environment:rural"", ""light:auto_bright_dark"", ""light:natural"", ""light:uniform"", ""time_of_day:day"", ""track_layout:curve"", ""weather:cloudy""]"
nlb_fall_002119,2119,8,val,usable,,images/nlb_fall_002119.png,annotations/nlb_fall_002119.json,masks/nlb_fall_002119.png,all_tracks,images/val/nlb_fall_002119.png,labels/val/nlb_fall_002119.txt,1,2,1,12,100589.5,"[""environment:rural"", ""light:auto_bright_dark"", ""light:natural"", ""light:uniform"", ""time_of_day:day"", ""track_layout:curve"", ""weather:cloudy""]"
nlb_fall_002120,2120,8,val,usable,,images/nlb_fall_002120.png,annotations/nlb_fall_002120.json,masks/nlb_fall_002120.png,all_tracks,images/val/nlb_fall_002120.png,labels/val/nlb_fall_002120.txt,1,1,0,10,97877.5,"[""environment:rural"", ""light:auto_bright_dark"", ""light:natural"", ""light:uniform"", ""time_of_day:day"", ""track_layout:curve"", ""weather:cloudy""]"
nlb_fall_002121,2121,8,val,usable,,images/nlb_fall_002121.png,annotations/nlb_fall_002121.json,masks/nlb_fall_002121.png,all_tracks,images/val/nlb_fall_002121.png,labels/val/nlb_fall_002121.txt,1,1,0,11,101288.5,"[""environment:rural"", ""light:auto_bright_dark"", ""light:natural"", ""light:uniform"", ""time_of_day:day"", ""track_layout:curve"", ""weather:cloudy""]"
nlb_fall_002122,2122,8,val,usable,,images/nlb_fall_002122.png,annotations/nlb_fall_002122.json,masks/nlb_fall_002122.png,all_tracks,images/val/nlb_fall_002122.png,labels/val/nlb_fall_002122.txt,1,1,0,14,100737.5,"[""environment:rural"", ""light:auto_bright_dark"", ""light:natural"", ""light:uniform"", ""time_of_day:day"", ""track_layout:curve"", ""weather:cloudy""]"
nlb_fall_002123,2123,8,val,usable,,images/nlb_fall_002123.png,annotations/nlb_fall_002123.json,masks/nlb_fall_002123.png,all_tracks,images/val/nlb_fall_002123.png,labels/val/nlb_fall_002123.txt,1,1,0,11,100295.5,"[""environment:rural"", ""light:auto_bright_dark"", ""light:natural"", ""light:uniform"", ""time_of_day:day"", ""track_layout:curve"", ""weather:cloudy""]"
nlb_fall_002124,2124,8,val,usable,,images/nlb_fall_002124.png,annotations/nlb_fall_002124.json,masks/nlb_fall_002124.png,all_tracks,images/val/nlb_fall_002124.png,labels/val/nlb_fall_002124.txt,1,1,0,10,101238.0,"[""environment:rural"", ""light:auto_bright_dark"", ""light:natural"", ""light:uniform"", ""time_of_day:day"", ""track_layout:curve"", ""weather:cloudy""]"
nlb_fall_002125,2125,8,val,usable,,images/nlb_fall_002125.png,annotations/nlb_fall_002125.json,masks/nlb_fall_002125.png,all_tracks,images/val/nlb_fall_002125.png,labels/val/nlb_fall_002125.txt,1,1,0,8,101031.5,"[""environment:rural"", ""light:auto_bright_dark"", ""light:natural"", ""light:uniform"", ""time_of_day:day"", ""track_layout:curve"", ""weather:cloudy""]"
nlb_fall_002126,2126,8,val,usable,,images/nlb_fall_002126.png,annotations/nlb_fall_002126.json,masks/nlb_fall_002126.png,all_tracks,images/val/nlb_fall_002126.png,labels/val/nlb_fall_002126.txt,1,1,0,10,100227.5,"[""environment:rural"", ""light:auto_bright_dark"", ""light:natural"", ""light:uniform"", ""time_of_day:day"", ""track_layout:curve"", ""weather:cloudy""]"
nlb_fall_002127,2127,8,val,usable,,images/nlb_fall_002127.png,annotations/nlb_fall_002127.json,masks/nlb_fall_002127.png,all_tracks,images/val/nlb_fall_002127.png,labels/val/nlb_fall_002127.txt,1,1,0,11,100202.5,"[""environment:rural"", ""light:auto_bright_dark"", ""light:natural"", ""light:uniform"", ""time_of_day:day"", ""track_layout:curve"", ""weather:cloudy""]"
nlb_fall_002128,2128,8,val,usable,,images/nlb_fall_002128.png,annotations/nlb_fall_002128.json,masks/nlb_fall_002128.png,all_tracks,images/val/nlb_fall_002128.png,labels/val/nlb_fall_002128.txt,1,1,0,13,104317.0,"[""environment:rural"", ""light:auto_bright_dark"", ""light:natural"", ""light:uniform"", ""time_of_day:day"", ""track_layout:curve"", ""weather:cloudy""]"
nlb_fall_002129,2129,8,val,usable,,images/nlb_fall_002129.png,annotations/nlb_fall_002129.json,masks/nlb_fall_002129.png,all_tracks,images/val/nlb_fall_002129.png,labels/val/nlb_fall_002129.txt,1,1,0,12,102185.5,"[""environment:rural"", ""light:auto_bright_dark"", ""light:natural"", ""light:uniform"", ""time_of_day:day"", ""track_layout:curve"", ""weather:cloudy""]"
nlb_fall_002130,2130,8,val,usable,,images/nlb_fall_002130.png,annotations/nlb_fall_002130.json,masks/nlb_fall_002130.png,all_tracks,images/val/nlb_fall_002130.png,labels/val/nlb_fall_002130.txt,1,1,0,18,102789.5,"[""environment:rural"", ""light:auto_bright_dark"", ""light:natural"", ""light:uniform"", ""time_of_day:day"", ""track_layout:curve"", ""weather:cloudy""]"
nlb_fall_002131,2131,8,val,usable,,images/nlb_fall_002131.png,annotations/nlb_fall_002131.json,masks/nlb_fall_002131.png,all_tracks,images/val/nlb_fall_002131.png,labels/val/nlb_fall_002131.txt,1,1,0,13,99630.0,"[""environment:rural"", ""light:auto_bright_dark"", ""light:natural"", ""light:uniform"", ""time_of_day:day"", ""track_layout:curve"", ""weather:cloudy""]"
nlb_fall_002132,2132,8,val,usable,,images/nlb_fall_002132.png,annotations/nlb_fall_002132.json,masks/nlb_fall_002132.png,all_tracks,images/val/nlb_fall_002132.png,labels/val/nlb_fall_002132.txt,1,1,0,10,100322.5,"[""environment:rural"", ""light:auto_bright_dark"", ""light:natural"", ""light:uniform"", ""time_of_day:day"", ""track_layout:curve"", ""weather:cloudy""]"
nlb_fall_002133,2133,8,val,usable,,images/nlb_fall_002133.png,annotations/nlb_fall_002133.json,masks/nlb_fall_002133.png,all_tracks,images/val/nlb_fall_002133.png,labels/val/nlb_fall_002133.txt,1,1,0,7,100159.0,"[""environment:rural"", ""light:auto_bright_dark"", ""light:natural"", ""light:uniform"", ""time_of_day:day"", ""track_layout:straight"", ""weather:cloudy""]"
nlb_fall_002134,2134,8,val,usable,,images/nlb_fall_002134.png,annotations/nlb_fall_002134.json,masks/nlb_fall_002134.png,all_tracks,images/val/nlb_fall_002134.png,labels/val/nlb_fall_002134.txt,1,1,0,7,100936.5,"[""environment:rural"", ""light:auto_bright_dark"", ""light:natural"", ""light:uniform"", ""time_of_day:day"", ""track_layout:straight"", ""weather:cloudy""]"
nlb_fall_002135,2135,8,val,usable,,images/nlb_fall_002135.png,annotations/nlb_fall_002135.json,masks/nlb_fall_002135.png,all_tracks,images/val/nlb_fall_002135.png,labels/val/nlb_fall_002135.txt,1,1,0,8,100439.5,"[""environment:rural"", ""light:auto_bright_dark"", ""light:natural"", ""light:uniform"", ""time_of_day:day"", ""track_layout:straight"", ""weather:cloudy""]"
nlb_fall_002136,2136,8,val,usable,,images/nlb_fall_002136.png,annotations/nlb_fall_002136.json,masks/nlb_fall_002136.png,all_tracks,images/val/nlb_fall_002136.png,labels/val/nlb_fall_002136.txt,1,1,0,4,99229.0,"[""environment:rural"", ""light:auto_bright_dark"", ""light:natural"", ""light:uniform"", ""time_of_day:day"", ""track_layout:straight"", ""weather:cloudy""]"
nlb_fall_002137,2137,8,val,usable,,images/nlb_fall_002137.png,annotations/nlb_fall_002137.json,masks/nlb_fall_002137.png,all_tracks,images/val/nlb_fall_002137.png,labels/val/nlb_fall_002137.txt,1,1,0,9,100299.0,"[""environment:rural"", ""light:auto_bright_dark"", ""light:dark"", ""light:natural"", ""light:uniform"", ""time_of_day:day"", ""track_layout:straight"", ""weather:cloudy""]"
nlb_fall_002138,2138,8,val,usable,,images/nlb_fall_002138.png,annotations/nlb_fall_002138.json,masks/nlb_fall_002138.png,all_tracks,images/val/nlb_fall_002138.png,labels/val/nlb_fall_002138.txt,1,1,0,6,100255.5,"[""environment:rural"", ""light:auto_bright_dark"", ""light:natural"", ""light:uniform"", ""time_of_day:day"", ""track_layout:straight"", ""weather:cloudy""]"
nlb_fall_002139,2139,8,val,usable,,images/nlb_fall_002139.png,annotations/nlb_fall_002139.json,masks/nlb_fall_002139.png,all_tracks,images/val/nlb_fall_002139.png,labels/val/nlb_fall_002139.txt,1,1,0,5,105184.5,"[""environment:rural"", ""light:auto_bright_dark"", ""light:natural"", ""light:uniform"", ""time_of_day:day"", ""track_layout:straight"", ""weather:cloudy""]"
nlb_fall_002140,2140,8,val,usable,,images/nlb_fall_002140.png,annotations/nlb_fall_002140.json,masks/nlb_fall_002140.png,all_tracks,images/val/nlb_fall_002140.png,labels/val/nlb_fall_002140.txt,1,1,0,5,100338.0,"[""environment:rural"", ""light:auto_bright_dark"", ""light:natural"", ""light:uniform"", ""time_of_day:day"", ""track_layout:straight"", ""weather:cloudy""]"
nlb_fall_002141,2141,8,val,usable,,images/nlb_fall_002141.png,annotations/nlb_fall_002141.json,masks/nlb_fall_002141.png,all_tracks,images/val/nlb_fall_002141.png,labels/val/nlb_fall_002141.txt,1,1,0,7,101037.5,"[""environment:rural"", ""light:auto_bright_dark"", ""light:natural"", ""light:uniform"", ""time_of_day:day"", ""track_layout:straight"", ""weather:cloudy""]"
nlb_fall_002142,2142,8,val,usable,,images/nlb_fall_002142.png,annotations/nlb_fall_002142.json,masks/nlb_fall_002142.png,all_tracks,images/val/nlb_fall_002142.png,labels/val/nlb_fall_002142.txt,1,1,0,7,98588.0,"[""environment:rural"", ""light:auto_bright_dark"", ""light:natural"", ""light:uniform"", ""time_of_day:day"", ""track_layout:straight"", ""weather:cloudy""]"
nlb_fall_002143,2143,8,val,usable,,images/nlb_fall_002143.png,annotations/nlb_fall_002143.json,masks/nlb_fall_002143.png,all_tracks,images/val/nlb_fall_002143.png,labels/val/nlb_fall_002143.txt,1,1,0,6,102156.0,"[""environment:rural"", ""light:auto_bright_dark"", ""light:natural"", ""light:uniform"", ""time_of_day:day"", ""track_layout:straight"", ""weather:cloudy""]"
nlb_fall_002144,2144,8,val,usable,,images/nlb_fall_002144.png,annotations/nlb_fall_002144.json,masks/nlb_fall_002144.png,all_tracks,images/val/nlb_fall_002144.png,labels/val/nlb_fall_002144.txt,1,1,0,5,99982.0,"[""environment:rural"", ""light:auto_bright_dark"", ""light:natural"", ""light:uniform"", ""time_of_day:day"", ""track_layout:straight"", ""weather:cloudy""]"
nlb_fall_002145,2145,8,val,usable,,images/nlb_fall_002145.png,annotations/nlb_fall_002145.json,masks/nlb_fall_002145.png,all_tracks,images/val/nlb_fall_002145.png,labels/val/nlb_fall_002145.txt,1,1,0,12,100735.0,"[""environment:rural"", ""light:auto_bright_dark"", ""light:natural"", ""light:uniform"", ""time_of_day:day"", ""track_layout:curve"", ""weather:cloudy""]"
nlb_fall_002146,2146,8,val,usable,,images/nlb_fall_002146.png,annotations/nlb_fall_002146.json,masks/nlb_fall_002146.png,all_tracks,images/val/nlb_fall_002146.png,labels/val/nlb_fall_002146.txt,1,1,0,12,99143.5,"[""environment:rural"", ""light:auto_bright_dark"", ""light:natural"", ""light:uniform"", ""time_of_day:day"", ""track_layout:curve"", ""weather:cloudy""]"
nlb_fall_002147,2147,8,val,usable,,images/nlb_fall_002147.png,annotations/nlb_fall_002147.json,masks/nlb_fall_002147.png,all_tracks,images/val/nlb_fall_002147.png,labels/val/nlb_fall_002147.txt,1,1,0,12,98624.5,"[""environment:rural"", ""light:auto_bright_dark"", ""light:dark"", ""light:natural"", ""light:uniform"", ""time_of_day:day"", ""track_layout:curve"", ""weather:cloudy""]"
nlb_fall_002148,2148,8,val,usable,,images/nlb_fall_002148.png,annotations/nlb_fall_002148.json,masks/nlb_fall_002148.png,all_tracks,images/val/nlb_fall_002148.png,labels/val/nlb_fall_002148.txt,1,1,0,9,101144.0,"[""environment:rural"", ""light:auto_bright_dark"", ""light:natural"", ""light:uniform"", ""time_of_day:day"", ""track_layout:curve"", ""weather:cloudy""]"
nlb_fall_002149,2149,8,val,usable,,images/nlb_fall_002149.png,annotations/nlb_fall_002149.json,masks/nlb_fall_002149.png,all_tracks,images/val/nlb_fall_002149.png,labels/val/nlb_fall_002149.txt,1,1,0,9,101033.5,"[""environment:rural"", ""light:auto_bright_dark"", ""light:dark"", ""light:natural"", ""light:uniform"", ""time_of_day:day"", ""track_layout:straight"", ""weather:cloudy""]"
nlb_fall_002150,2150,8,val,usable,,images/nlb_fall_002150.png,annotations/nlb_fall_002150.json,masks/nlb_fall_002150.png,all_tracks,images/val/nlb_fall_002150.png,labels/val/nlb_fall_002150.txt,1,1,0,6,100494.0,"[""environment:rural"", ""light:auto_bright_dark"", ""light:dark"", ""light:natural"", ""light:uniform"", ""time_of_day:day"", ""track_layout:straight"", ""weather:cloudy""]"
nlb_fall_002151,2151,8,val,usable,,images/nlb_fall_002151.png,annotations/nlb_fall_002151.json,masks/nlb_fall_002151.png,all_tracks,images/val/nlb_fall_002151.png,labels/val/nlb_fall_002151.txt,1,1,0,5,99993.0,"[""environment:rural"", ""light:auto_bright_dark"", ""light:natural"", ""light:uniform"", ""time_of_day:day"", ""track_layout:straight"", ""weather:cloudy""]"
nlb_fall_002152,2152,8,val,usable,,images/nlb_fall_002152.png,annotations/nlb_fall_002152.json,masks/nlb_fall_002152.png,all_tracks,images/val/nlb_fall_002152.png,labels/val/nlb_fall_002152.txt,1,1,0,7,100279.0,"[""environment:rural"", ""light:auto_bright_dark"", ""light:natural"", ""light:uniform"", ""time_of_day:day"", ""track_layout:straight"", ""weather:cloudy""]"
nlb_fall_002153,2153,8,val,usable,,images/nlb_fall_002153.png,annotations/nlb_fall_002153.json,masks/nlb_fall_002153.png,all_tracks,images/val/nlb_fall_002153.png,labels/val/nlb_fall_002153.txt,1,1,0,6,101398.5,"[""environment:rural"", ""light:auto_bright_dark"", ""light:natural"", ""light:uniform"", ""time_of_day:day"", ""track_layout:straight"", ""weather:cloudy""]"
nlb_fall_002154,2154,8,val,usable,,images/nlb_fall_002154.png,annotations/nlb_fall_002154.json,masks/nlb_fall_002154.png,all_tracks,images/val/nlb_fall_002154.png,labels/val/nlb_fall_002154.txt,1,1,0,5,99592.5,"[""environment:rural"", ""light:auto_bright_dark"", ""light:natural"", ""light:uniform"", ""time_of_day:day"", ""track_layout:straight"", ""weather:cloudy""]"
nlb_fall_002155,2155,8,val,usable,,images/nlb_fall_002155.png,annotations/nlb_fall_002155.json,masks/nlb_fall_002155.png,all_tracks,images/val/nlb_fall_002155.png,labels/val/nlb_fall_002155.txt,1,1,0,6,100856.0,"[""environment:rural"", ""light:auto_bright_dark"", ""light:natural"", ""light:uniform"", ""time_of_day:day"", ""track_layout:straight"", ""weather:cloudy""]"
nlb_fall_002156,2156,8,val,usable,,images/nlb_fall_002156.png,annotations/nlb_fall_002156.json,masks/nlb_fall_002156.png,all_tracks,images/val/nlb_fall_002156.png,labels/val/nlb_fall_002156.txt,1,1,0,14,102148.5,"[""environment:rural"", ""light:auto_bright_dark"", ""light:natural"", ""light:uniform"", ""time_of_day:day"", ""track_layout:curve"", ""weather:cloudy""]"
nlb_fall_002157,2157,8,val,usable,,images/nlb_fall_002157.png,annotations/nlb_fall_002157.json,masks/nlb_fall_002157.png,all_tracks,images/val/nlb_fall_002157.png,labels/val/nlb_fall_002157.txt,1,1,0,12,102634.5,"[""environment:rural"", ""light:auto_bright_dark"", ""light:natural"", ""light:uniform"", ""time_of_day:day"", ""track_layout:curve"", ""weather:cloudy""]"
nlb_fall_002158,2158,8,val,usable,,images/nlb_fall_002158.png,annotations/nlb_fall_002158.json,masks/nlb_fall_002158.png,all_tracks,images/val/nlb_fall_002158.png,labels/val/nlb_fall_002158.txt,1,1,0,14,102588.5,"[""environment:rural"", ""light:auto_bright_dark"", ""light:dark"", ""light:natural"", ""light:uniform"", ""time_of_day:day"", ""track_layout:curve"", ""weather:cloudy""]"
nlb_fall_002159,2159,8,val,usable,,images/nlb_fall_002159.png,annotations/nlb_fall_002159.json,masks/nlb_fall_002159.png,all_tracks,images/val/nlb_fall_002159.png,labels/val/nlb_fall_002159.txt,1,1,0,14,107662.5,"[""environment:rural"", ""light:auto_bright_dark"", ""light:natural"", ""light:uniform"", ""time_of_day:day"", ""track_layout:curve"", ""weather:cloudy""]"
nlb_fall_002160,2160,8,val,usable,,images/nlb_fall_002160.png,annotations/nlb_fall_002160.json,masks/nlb_fall_002160.png,all_tracks,images/val/nlb_fall_002160.png,labels/val/nlb_fall_002160.txt,1,1,0,15,104091.5,"[""environment:rural"", ""light:auto_bright_dark"", ""light:natural"", ""light:uniform"", ""time_of_day:day"", ""track_layout:curve"", ""weather:cloudy""]"
nlb_fall_002161,2161,8,val,usable,,images/nlb_fall_002161.png,annotations/nlb_fall_002161.json,masks/nlb_fall_002161.png,all_tracks,images/val/nlb_fall_002161.png,labels/val/nlb_fall_002161.txt,1,1,0,11,99515.0,"[""environment:rural"", ""light:auto_bright_dark"", ""light:natural"", ""light:uniform"", ""time_of_day:day"", ""track_layout:curve"", ""weather:cloudy""]"
nlb_fall_002162,2162,8,val,usable,,images/nlb_fall_002162.png,annotations/nlb_fall_002162.json,masks/nlb_fall_002162.png,all_tracks,images/val/nlb_fall_002162.png,labels/val/nlb_fall_002162.txt,1,1,0,10,103025.5,"[""environment:rural"", ""light:auto_bright_dark"", ""light:natural"", ""light:uniform"", ""time_of_day:day"", ""track_layout:curve"", ""weather:cloudy""]"
nlb_fall_002163,2163,8,val,usable,,images/nlb_fall_002163.png,annotations/nlb_fall_002163.json,masks/nlb_fall_002163.png,all_tracks,images/val/nlb_fall_002163.png,labels/val/nlb_fall_002163.txt,1,1,0,12,101082.0,"[""environment:rural"", ""light:auto_bright_dark"", ""light:natural"", ""light:uniform"", ""time_of_day:day"", ""track_layout:curve"", ""weather:cloudy""]"
nlb_fall_002164,2164,8,val,usable,,images/nlb_fall_002164.png,annotations/nlb_fall_002164.json,masks/nlb_fall_002164.png,all_tracks,images/val/nlb_fall_002164.png,labels/val/nlb_fall_002164.txt,1,1,0,10,100908.0,"[""environment:rural"", ""light:auto_bright_dark"", ""light:natural"", ""light:uniform"", ""time_of_day:day"", ""track_layout:curve"", ""weather:cloudy""]"
nlb_fall_002165,2165,8,val,usable,,images/nlb_fall_002165.png,annotations/nlb_fall_002165.json,masks/nlb_fall_002165.png,all_tracks,images/val/nlb_fall_002165.png,labels/val/nlb_fall_002165.txt,1,1,0,13,107719.5,"[""environment:rural"", ""light:auto_bright_dark"", ""light:natural"", ""light:uniform"", ""time_of_day:day"", ""track_layout:curve"", ""weather:cloudy""]"
nlb_fall_002166,2166,8,val,usable,,images/nlb_fall_002166.png,annotations/nlb_fall_002166.json,masks/nlb_fall_002166.png,all_tracks,images/val/nlb_fall_002166.png,labels/val/nlb_fall_002166.txt,1,1,0,11,102398.0,"[""environment:rural"", ""light:auto_bright_dark"", ""light:natural"", ""light:uniform"", ""time_of_day:day"", ""track_layout:curve"", ""weather:cloudy""]"
nlb_fall_002167,2167,8,val,usable,,images/nlb_fall_002167.png,annotations/nlb_fall_002167.json,masks/nlb_fall_002167.png,all_tracks,images/val/nlb_fall_002167.png,labels/val/nlb_fall_002167.txt,1,1,0,9,102152.5,"[""environment:rural"", ""light:auto_bright_dark"", ""light:natural"", ""light:uniform"", ""time_of_day:day"", ""track_layout:straight"", ""weather:cloudy""]"
nlb_fall_002168,2168,8,val,usable,,images/nlb_fall_002168.png,annotations/nlb_fall_002168.json,masks/nlb_fall_002168.png,all_tracks,images/val/nlb_fall_002168.png,labels/val/nlb_fall_002168.txt,1,1,0,7,100428.5,"[""environment:rural"", ""light:auto_bright_dark"", ""light:natural"", ""light:uniform"", ""time_of_day:day"", ""track_layout:straight"", ""weather:cloudy""]"
nlb_fall_002169,2169,8,val,usable,,images/nlb_fall_002169.png,annotations/nlb_fall_002169.json,masks/nlb_fall_002169.png,all_tracks,images/val/nlb_fall_002169.png,labels/val/nlb_fall_002169.txt,1,1,0,6,98879.0,"[""environment:rural"", ""light:auto_bright_dark"", ""light:natural"", ""light:uniform"", ""time_of_day:day"", ""track_layout:straight"", ""weather:cloudy""]"
nlb_fall_002170,2170,8,val,usable,,images/nlb_fall_002170.png,annotations/nlb_fall_002170.json,masks/nlb_fall_002170.png,all_tracks,images/val/nlb_fall_002170.png,labels/val/nlb_fall_002170.txt,1,1,0,5,100236.5,"[""environment:rural"", ""light:auto_bright_dark"", ""light:natural"", ""light:uniform"", ""time_of_day:day"", ""track_layout:straight"", ""weather:cloudy""]"
nlb_fall_002171,2171,8,val,usable,,images/nlb_fall_002171.png,annotations/nlb_fall_002171.json,masks/nlb_fall_002171.png,all_tracks,images/val/nlb_fall_002171.png,labels/val/nlb_fall_002171.txt,1,1,0,5,98776.0,"[""environment:rural"", ""light:auto_bright_dark"", ""light:natural"", ""light:uniform"", ""time_of_day:day"", ""track_layout:straight"", ""weather:cloudy""]"
nlb_fall_002172,2172,8,val,usable,,images/nlb_fall_002172.png,annotations/nlb_fall_002172.json,masks/nlb_fall_002172.png,all_tracks,images/val/nlb_fall_002172.png,labels/val/nlb_fall_002172.txt,1,1,0,11,100427.0,"[""environment:rural"", ""light:auto_bright_dark"", ""light:natural"", ""light:uniform"", ""time_of_day:day"", ""track_layout:curve"", ""weather:cloudy""]"
nlb_fall_002173,2173,8,val,usable,,images/nlb_fall_002173.png,annotations/nlb_fall_002173.json,masks/nlb_fall_002173.png,all_tracks,images/val/nlb_fall_002173.png,labels/val/nlb_fall_002173.txt,1,1,0,12,100382.0,"[""environment:rural"", ""light:auto_bright_dark"", ""light:natural"", ""light:uniform"", ""time_of_day:day"", ""track_layout:curve"", ""weather:cloudy""]"
nlb_fall_002174,2174,8,val,usable,,images/nlb_fall_002174.png,annotations/nlb_fall_002174.json,masks/nlb_fall_002174.png,all_tracks,images/val/nlb_fall_002174.png,labels/val/nlb_fall_002174.txt,1,1,0,13,101779.5,"[""environment:rural"", ""light:auto_bright_dark"", ""light:natural"", ""light:uniform"", ""time_of_day:day"", ""track_layout:curve"", ""weather:cloudy""]"
nlb_fall_002175,2175,8,val,usable,,images/nlb_fall_002175.png,annotations/nlb_fall_002175.json,masks/nlb_fall_002175.png,all_tracks,images/val/nlb_fall_002175.png,labels/val/nlb_fall_002175.txt,1,1,0,9,102653.0,"[""environment:rural"", ""light:auto_bright_dark"", ""light:natural"", ""light:uniform"", ""time_of_day:day"", ""track_layout:curve"", ""weather:cloudy""]"
nlb_fall_002176,2176,8,val,usable,,images/nlb_fall_002176.png,annotations/nlb_fall_002176.json,masks/nlb_fall_002176.png,all_tracks,images/val/nlb_fall_002176.png,labels/val/nlb_fall_002176.txt,1,1,0,8,97321.5,"[""environment:rural"", ""light:auto_bright_dark"", ""light:natural"", ""light:uniform"", ""time_of_day:day"", ""track_layout:curve"", ""weather:cloudy""]"
nlb_fall_002177,2177,8,val,usable,,images/nlb_fall_002177.png,annotations/nlb_fall_002177.json,masks/nlb_fall_002177.png,all_tracks,images/val/nlb_fall_002177.png,labels/val/nlb_fall_002177.txt,1,1,0,6,102110.0,"[""environment:rural"", ""light:auto_bright_dark"", ""light:natural"", ""light:uniform"", ""time_of_day:day"", ""track_layout:straight"", ""weather:cloudy""]"
nlb_fall_002178,2178,8,val,usable,,images/nlb_fall_002178.png,annotations/nlb_fall_002178.json,masks/nlb_fall_002178.png,all_tracks,images/val/nlb_fall_002178.png,labels/val/nlb_fall_002178.txt,1,1,0,12,101730.0,"[""environment:rural"", ""light:auto_bright_dark"", ""light:natural"", ""light:uniform"", ""time_of_day:day"", ""track_layout:curve"", ""weather:cloudy""]"
nlb_fall_002179,2179,8,val,usable,,images/nlb_fall_002179.png,annotations/nlb_fall_002179.json,masks/nlb_fall_002179.png,all_tracks,images/val/nlb_fall_002179.png,labels/val/nlb_fall_002179.txt,1,1,0,12,100365.5,"[""environment:rural"", ""light:auto_bright_dark"", ""light:natural"", ""light:uniform"", ""time_of_day:day"", ""track_layout:curve"", ""weather:cloudy""]"
nlb_fall_002180,2180,8,val,usable,,images/nlb_fall_002180.png,annotations/nlb_fall_002180.json,masks/nlb_fall_002180.png,all_tracks,images/val/nlb_fall_002180.png,labels/val/nlb_fall_002180.txt,1,1,0,14,100031.5,"[""environment:rural"", ""light:auto_bright_dark"", ""light:natural"", ""light:uniform"", ""time_of_day:day"", ""track_layout:curve"", ""weather:cloudy""]"
nlb_fall_002181,2181,8,val,usable,,images/nlb_fall_002181.png,annotations/nlb_fall_002181.json,masks/nlb_fall_002181.png,all_tracks,images/val/nlb_fall_002181.png,labels/val/nlb_fall_002181.txt,1,1,0,14,103871.5,"[""environment:rural"", ""light:auto_bright_dark"", ""light:natural"", ""light:uniform"", ""time_of_day:day"", ""track_layout:curve"", ""weather:cloudy""]"
nlb_fall_002182,2182,8,val,usable,,images/nlb_fall_002182.png,annotations/nlb_fall_002182.json,masks/nlb_fall_002182.png,all_tracks,images/val/nlb_fall_002182.png,labels/val/nlb_fall_002182.txt,1,1,0,15,103616.0,"[""environment:rural"", ""light:auto_bright_dark"", ""light:natural"", ""light:uniform"", ""time_of_day:day"", ""track_layout:curve"", ""weather:cloudy""]"
nlb_fall_002183,2183,8,val,usable,,images/nlb_fall_002183.png,annotations/nlb_fall_002183.json,masks/nlb_fall_002183.png,all_tracks,images/val/nlb_fall_002183.png,labels/val/nlb_fall_002183.txt,1,1,0,15,99984.0,"[""environment:rural"", ""light:auto_bright_dark"", ""light:natural"", ""light:uniform"", ""time_of_day:day"", ""track_layout:curve"", ""weather:cloudy""]"
nlb_fall_002184,2184,8,val,usable,,images/nlb_fall_002184.png,annotations/nlb_fall_002184.json,masks/nlb_fall_002184.png,all_tracks,images/val/nlb_fall_002184.png,labels/val/nlb_fall_002184.txt,1,1,0,14,104768.5,"[""environment:rural"", ""light:auto_bright_dark"", ""light:natural"", ""light:uniform"", ""time_of_day:day"", ""track_layout:curve"", ""weather:cloudy""]"
nlb_fall_002185,2185,8,val,usable,,images/nlb_fall_002185.png,annotations/nlb_fall_002185.json,masks/nlb_fall_002185.png,all_tracks,images/val/nlb_fall_002185.png,labels/val/nlb_fall_002185.txt,1,1,0,11,102745.0,"[""environment:rural"", ""light:auto_bright_dark"", ""light:natural"", ""light:uniform"", ""time_of_day:day"", ""track_layout:curve"", ""weather:cloudy""]"
nlb_fall_002186,2186,8,val,usable,,images/nlb_fall_002186.png,annotations/nlb_fall_002186.json,masks/nlb_fall_002186.png,all_tracks,images/val/nlb_fall_002186.png,labels/val/nlb_fall_002186.txt,1,1,0,10,103638.0,"[""environment:rural"", ""light:auto_bright_dark"", ""light:natural"", ""light:uniform"", ""time_of_day:day"", ""track_layout:curve"", ""weather:cloudy""]"
nlb_fall_002187,2187,8,val,usable,,images/nlb_fall_002187.png,annotations/nlb_fall_002187.json,masks/nlb_fall_002187.png,all_tracks,images/val/nlb_fall_002187.png,labels/val/nlb_fall_002187.txt,1,1,0,12,100940.0,"[""environment:rural"", ""light:auto_bright_dark"", ""light:natural"", ""light:uniform"", ""time_of_day:day"", ""track_layout:curve"", ""weather:cloudy""]"
nlb_fall_002188,2188,8,val,usable,,images/nlb_fall_002188.png,annotations/nlb_fall_002188.json,masks/nlb_fall_002188.png,all_tracks,images/val/nlb_fall_002188.png,labels/val/nlb_fall_002188.txt,1,1,0,13,101887.5,"[""environment:rural"", ""light:auto_bright_dark"", ""light:natural"", ""light:uniform"", ""time_of_day:day"", ""track_layout:curve"", ""weather:cloudy""]"
nlb_fall_002189,2189,8,val,usable,,images/nlb_fall_002189.png,annotations/nlb_fall_002189.json,masks/nlb_fall_002189.png,all_tracks,images/val/nlb_fall_002189.png,labels/val/nlb_fall_002189.txt,1,1,0,9,99709.5,"[""environment:rural"", ""light:auto_bright_dark"", ""light:natural"", ""light:uniform"", ""time_of_day:day"", ""track_layout:straight"", ""weather:cloudy""]"
nlb_fall_002190,2190,8,val,usable,,images/nlb_fall_002190.png,annotations/nlb_fall_002190.json,masks/nlb_fall_002190.png,all_tracks,images/val/nlb_fall_002190.png,labels/val/nlb_fall_002190.txt,1,1,0,15,100556.5,"[""environment:rural"", ""light:auto_bright_dark"", ""light:natural"", ""light:uniform"", ""time_of_day:day"", ""track_layout:curve"", ""weather:cloudy""]"
nlb_fall_002191,2191,8,val,usable,,images/nlb_fall_002191.png,annotations/nlb_fall_002191.json,masks/nlb_fall_002191.png,all_tracks,images/val/nlb_fall_002191.png,labels/val/nlb_fall_002191.txt,1,1,0,14,101977.5,"[""environment:rural"", ""light:auto_bright_dark"", ""light:natural"", ""light:uniform"", ""time_of_day:day"", ""track_layout:curve"", ""weather:cloudy""]"
nlb_fall_002192,2192,8,val,usable,,images/nlb_fall_002192.png,annotations/nlb_fall_002192.json,masks/nlb_fall_002192.png,all_tracks,images/val/nlb_fall_002192.png,labels/val/nlb_fall_002192.txt,1,1,0,10,102330.5,"[""environment:rural"", ""light:auto_bright_dark"", ""light:natural"", ""light:uniform"", ""time_of_day:day"", ""track_layout:curve"", ""weather:cloudy""]"
nlb_fall_002193,2193,8,val,usable,,images/nlb_fall_002193.png,annotations/nlb_fall_002193.json,masks/nlb_fall_002193.png,all_tracks,images/val/nlb_fall_002193.png,labels/val/nlb_fall_002193.txt,1,1,0,14,102331.5,"[""environment:rural"", ""light:auto_bright_dark"", ""light:natural"", ""light:uniform"", ""time_of_day:day"", ""track_layout:curve"", ""weather:cloudy""]"
nlb_fall_002194,2194,8,val,usable,,images/nlb_fall_002194.png,annotations/nlb_fall_002194.json,masks/nlb_fall_002194.png,all_tracks,images/val/nlb_fall_002194.png,labels/val/nlb_fall_002194.txt,1,1,0,6,100214.0,"[""environment:rural"", ""light:auto_bright_dark"", ""light:natural"", ""light:uniform"", ""time_of_day:day"", ""track_layout:straight"", ""weather:cloudy""]"
nlb_fall_002195,2195,8,val,usable,,images/nlb_fall_002195.png,annotations/nlb_fall_002195.json,masks/nlb_fall_002195.png,all_tracks,images/val/nlb_fall_002195.png,labels/val/nlb_fall_002195.txt,1,1,0,5,101808.0,"[""environment:rural"", ""light:auto_bright_dark"", ""light:natural"", ""light:uniform"", ""time_of_day:day"", ""track_layout:straight"", ""weather:cloudy""]"
nlb_fall_002196,2196,8,val,usable,,images/nlb_fall_002196.png,annotations/nlb_fall_002196.json,masks/nlb_fall_002196.png,all_tracks,images/val/nlb_fall_002196.png,labels/val/nlb_fall_002196.txt,1,1,0,12,100311.5,"[""environment:rural"", ""light:auto_bright_dark"", ""light:natural"", ""light:uniform"", ""time_of_day:day"", ""track_layout:curve"", ""weather:cloudy""]"
nlb_fall_002197,2197,8,val,usable,,images/nlb_fall_002197.png,annotations/nlb_fall_002197.json,masks/nlb_fall_002197.png,all_tracks,images/val/nlb_fall_002197.png,labels/val/nlb_fall_002197.txt,1,1,0,12,102168.0,"[""environment:rural"", ""light:auto_bright_dark"", ""light:natural"", ""light:uniform"", ""time_of_day:day"", ""track_layout:curve"", ""weather:cloudy""]"
nlb_fall_002198,2198,8,val,usable,,images/nlb_fall_002198.png,annotations/nlb_fall_002198.json,masks/nlb_fall_002198.png,all_tracks,images/val/nlb_fall_002198.png,labels/val/nlb_fall_002198.txt,1,1,0,9,103156.0,"[""environment:rural"", ""light:auto_bright_dark"", ""light:natural"", ""light:uniform"", ""time_of_day:day"", ""track_layout:curve"", ""weather:cloudy""]"
nlb_fall_002199,2199,8,val,usable,,images/nlb_fall_002199.png,annotations/nlb_fall_002199.json,masks/nlb_fall_002199.png,all_tracks,images/val/nlb_fall_002199.png,labels/val/nlb_fall_002199.txt,1,1,0,12,104465.0,"[""environment:rural"", ""light:auto_bright_dark"", ""light:natural"", ""light:uniform"", ""time_of_day:day"", ""track_layout:curve"", ""weather:cloudy""]"
nlb_fall_002200,2200,8,val,usable,,images/nlb_fall_002200.png,annotations/nlb_fall_002200.json,masks/nlb_fall_002200.png,all_tracks,images/val/nlb_fall_002200.png,labels/val/nlb_fall_002200.txt,1,1,0,12,103566.0,"[""environment:rural"", ""light:auto_bright_dark"", ""light:dark"", ""light:natural"", ""light:uniform"", ""time_of_day:day"", ""track_layout:curve"", ""weather:cloudy""]"
nlb_fall_002201,2201,8,val,usable,,images/nlb_fall_002201.png,annotations/nlb_fall_002201.json,masks/nlb_fall_002201.png,all_tracks,images/val/nlb_fall_002201.png,labels/val/nlb_fall_002201.txt,1,1,0,16,100735.0,"[""environment:rural"", ""environment:underground"", ""light:auto_bright_dark"", ""light:dark"", ""light:natural"", ""light:uniform"", ""time_of_day:day"", ""track_layout:curve"", ""weather:cloudy""]"
nlb_fall_002202,2202,8,val,usable,,images/nlb_fall_002202.png,annotations/nlb_fall_002202.json,masks/nlb_fall_002202.png,all_tracks,images/val/nlb_fall_002202.png,labels/val/nlb_fall_002202.txt,1,1,0,6,100447.5,"[""environment:rural"", ""light:auto_bright_dark"", ""light:natural"", ""light:uniform"", ""time_of_day:day"", ""track_layout:straight"", ""weather:cloudy""]"
nlb_fall_002203,2203,,,excluded,ego_track_count_0,images/nlb_fall_002203.png,annotations/nlb_fall_002203.json,masks/nlb_fall_002203.png,all_tracks,,,0,0,0,0,0,"[""environment:underground"", ""light:auto_bright_dark"", ""light:dark"", ""light:unknown"", ""time_of_day:unknown"", ""weather:unknown""]"
nlb_fall_002204,2204,8,val,usable,,images/nlb_fall_002204.png,annotations/nlb_fall_002204.json,masks/nlb_fall_002204.png,all_tracks,images/val/nlb_fall_002204.png,labels/val/nlb_fall_002204.txt,1,1,0,9,103726.5,"[""environment:rural"", ""environment:underground"", ""light:auto_bright_dark"", ""light:dark"", ""light:natural"", ""light:uniform"", ""time_of_day:day"", ""track_layout:curve"", ""weather:cloudy""]"
nlb_fall_002205,2205,8,val,usable,,images/nlb_fall_002205.png,annotations/nlb_fall_002205.json,masks/nlb_fall_002205.png,all_tracks,images/val/nlb_fall_002205.png,labels/val/nlb_fall_002205.txt,1,1,0,10,102434.5,"[""environment:rural"", ""light:auto_bright_dark"", ""light:natural"", ""light:uniform"", ""time_of_day:day"", ""track_layout:curve"", ""weather:cloudy""]"
nlb_fall_002206,2206,8,val,usable,,images/nlb_fall_002206.png,annotations/nlb_fall_002206.json,masks/nlb_fall_002206.png,all_tracks,images/val/nlb_fall_002206.png,labels/val/nlb_fall_002206.txt,1,1,0,13,96920.5,"[""environment:rural"", ""environment:underground"", ""light:auto_bright_dark"", ""light:dark"", ""light:natural"", ""light:uniform"", ""time_of_day:day"", ""track_layout:curve"", ""weather:cloudy""]"
nlb_fall_002207,2207,8,val,usable,,images/nlb_fall_002207.png,annotations/nlb_fall_002207.json,masks/nlb_fall_002207.png,all_tracks,images/val/nlb_fall_002207.png,labels/val/nlb_fall_002207.txt,1,1,0,12,103859.5,"[""environment:rural"", ""environment:underground"", ""light:auto_bright_dark"", ""light:dark"", ""light:natural"", ""light:uniform"", ""time_of_day:day"", ""track_layout:curve"", ""weather:cloudy""]"
nlb_fall_002208,2208,8,val,usable,,images/nlb_fall_002208.png,annotations/nlb_fall_002208.json,masks/nlb_fall_002208.png,all_tracks,images/val/nlb_fall_002208.png,labels/val/nlb_fall_002208.txt,1,1,0,8,103058.5,"[""environment:rural"", ""light:auto_bright_dark"", ""light:dark"", ""light:natural"", ""light:uniform"", ""time_of_day:day"", ""track_layout:curve"", ""weather:cloudy""]"
nlb_fall_002209,2209,8,val,usable,,images/nlb_fall_002209.png,annotations/nlb_fall_002209.json,masks/nlb_fall_002209.png,all_tracks,images/val/nlb_fall_002209.png,labels/val/nlb_fall_002209.txt,1,1,0,10,8443.0,"[""environment:rural"", ""environment:underground"", ""light:auto_bright_dark"", ""light:dark"", ""light:natural"", ""light:uniform"", ""time_of_day:day"", ""track_layout:curve"", ""weather:cloudy""]"
nlb_fall_002210,2210,8,val,usable,,images/nlb_fall_002210.png,annotations/nlb_fall_002210.json,masks/nlb_fall_002210.png,all_tracks,images/val/nlb_fall_002210.png,labels/val/nlb_fall_002210.txt,1,1,0,9,102770.0,"[""environment:rural"", ""light:auto_bright_dark"", ""light:natural"", ""light:uniform"", ""time_of_day:day"", ""track_layout:curve"", ""weather:cloudy""]"
nlb_fall_002211,2211,8,val,usable,,images/nlb_fall_002211.png,annotations/nlb_fall_002211.json,masks/nlb_fall_002211.png,all_tracks,images/val/nlb_fall_002211.png,labels/val/nlb_fall_002211.txt,1,1,0,9,101423.5,"[""environment:rural"", ""light:auto_bright_dark"", ""light:dark"", ""light:natural"", ""light:uniform"", ""time_of_day:day"", ""track_layout:curve"", ""weather:cloudy""]"
nlb_fall_002212,2212,8,val,usable,,images/nlb_fall_002212.png,annotations/nlb_fall_002212.json,masks/nlb_fall_002212.png,all_tracks,images/val/nlb_fall_002212.png,labels/val/nlb_fall_002212.txt,1,1,0,10,102144.0,"[""environment:rural"", ""light:auto_bright_dark"", ""light:natural"", ""light:uniform"", ""time_of_day:day"", ""track_layout:curve"", ""weather:cloudy""]"
nlb_fall_002213,2213,8,val,usable,,images/nlb_fall_002213.png,annotations/nlb_fall_002213.json,masks/nlb_fall_002213.png,all_tracks,images/val/nlb_fall_002213.png,labels/val/nlb_fall_002213.txt,1,1,0,14,57923.0,"[""environment:rural"", ""environment:underground"", ""light:auto_bright_dark"", ""light:dark"", ""light:natural"", ""light:uniform"", ""time_of_day:day"", ""track_layout:curve"", ""weather:cloudy""]"
nlb_fall_002214,2214,8,val,usable,,images/nlb_fall_002214.png,annotations/nlb_fall_002214.json,masks/nlb_fall_002214.png,all_tracks,images/val/nlb_fall_002214.png,labels/val/nlb_fall_002214.txt,1,1,0,14,103387.5,"[""environment:rural"", ""light:auto_bright_dark"", ""light:natural"", ""light:uniform"", ""time_of_day:day"", ""track_layout:curve"", ""weather:cloudy""]"
nlb_fall_002215,2215,8,val,usable,,images/nlb_fall_002215.png,annotations/nlb_fall_002215.json,masks/nlb_fall_002215.png,all_tracks,images/val/nlb_fall_002215.png,labels/val/nlb_fall_002215.txt,1,1,0,10,104960.0,"[""environment:rural"", ""light:auto_bright_dark"", ""light:natural"", ""light:uniform"", ""time_of_day:day"", ""track_layout:curve"", ""weather:cloudy""]"
nlb_fall_002216,2216,8,val,usable,,images/nlb_fall_002216.png,annotations/nlb_fall_002216.json,masks/nlb_fall_002216.png,all_tracks,images/val/nlb_fall_002216.png,labels/val/nlb_fall_002216.txt,1,1,0,8,100017.0,"[""environment:rural"", ""light:auto_bright_dark"", ""light:dark"", ""light:natural"", ""light:uniform"", ""time_of_day:day"", ""track_layout:straight"", ""weather:cloudy""]"
nlb_fall_002217,2217,8,val,usable,,images/nlb_fall_002217.png,annotations/nlb_fall_002217.json,masks/nlb_fall_002217.png,all_tracks,images/val/nlb_fall_002217.png,labels/val/nlb_fall_002217.txt,1,1,0,9,101475.0,"[""environment:rural"", ""light:auto_bright_dark"", ""light:natural"", ""light:uniform"", ""time_of_day:day"", ""track_layout:straight"", ""weather:cloudy""]"
nlb_fall_002218,2218,8,val,usable,,images/nlb_fall_002218.png,annotations/nlb_fall_002218.json,masks/nlb_fall_002218.png,all_tracks,images/val/nlb_fall_002218.png,labels/val/nlb_fall_002218.txt,1,1,0,13,102833.5,"[""environment:rural"", ""light:auto_bright_dark"", ""light:natural"", ""light:uniform"", ""time_of_day:day"", ""track_layout:curve"", ""weather:cloudy""]"
nlb_fall_002219,2219,8,val,usable,,images/nlb_fall_002219.png,annotations/nlb_fall_002219.json,masks/nlb_fall_002219.png,all_tracks,images/val/nlb_fall_002219.png,labels/val/nlb_fall_002219.txt,1,1,0,14,101872.0,"[""environment:rural"", ""light:auto_bright_dark"", ""light:natural"", ""light:uniform"", ""time_of_day:day"", ""track_layout:curve"", ""weather:cloudy""]"
nlb_fall_002220,2220,8,val,usable,,images/nlb_fall_002220.png,annotations/nlb_fall_002220.json,masks/nlb_fall_002220.png,all_tracks,images/val/nlb_fall_002220.png,labels/val/nlb_fall_002220.txt,1,1,0,11,102832.0,"[""environment:rural"", ""light:auto_bright_dark"", ""light:natural"", ""light:uniform"", ""time_of_day:day"", ""track_layout:curve"", ""weather:cloudy""]"
nlb_fall_002221,2221,8,val,usable,,images/nlb_fall_002221.png,annotations/nlb_fall_002221.json,masks/nlb_fall_002221.png,all_tracks,images/val/nlb_fall_002221.png,labels/val/nlb_fall_002221.txt,1,1,0,9,102327.0,"[""environment:rural"", ""light:auto_bright_dark"", ""light:natural"", ""light:uniform"", ""time_of_day:day"", ""track_layout:curve"", ""weather:cloudy""]"
nlb_fall_002222,2222,8,val,usable,,images/nlb_fall_002222.png,annotations/nlb_fall_002222.json,masks/nlb_fall_002222.png,all_tracks,images/val/nlb_fall_002222.png,labels/val/nlb_fall_002222.txt,1,1,0,14,103568.0,"[""environment:rural"", ""light:auto_bright_dark"", ""light:natural"", ""light:uniform"", ""time_of_day:day"", ""track_layout:curve"", ""weather:sunny""]"
nlb_fall_002223,2223,8,val,usable,,images/nlb_fall_002223.png,annotations/nlb_fall_002223.json,masks/nlb_fall_002223.png,all_tracks,images/val/nlb_fall_002223.png,labels/val/nlb_fall_002223.txt,1,1,0,12,100843.5,"[""environment:rural"", ""light:auto_bright_dark"", ""light:natural"", ""light:uniform"", ""time_of_day:day"", ""track_layout:curve"", ""weather:sunny""]"
nlb_fall_002224,2224,8,val,usable,,images/nlb_fall_002224.png,annotations/nlb_fall_002224.json,masks/nlb_fall_002224.png,all_tracks,images/val/nlb_fall_002224.png,labels/val/nlb_fall_002224.txt,1,1,0,8,102034.5,"[""environment:rural"", ""light:auto_bright_dark"", ""light:dark"", ""light:natural"", ""light:uniform"", ""time_of_day:day"", ""track_layout:curve"", ""weather:sunny""]"
nlb_fall_002225,2225,8,val,usable,,images/nlb_fall_002225.png,annotations/nlb_fall_002225.json,masks/nlb_fall_002225.png,all_tracks,images/val/nlb_fall_002225.png,labels/val/nlb_fall_002225.txt,1,1,0,17,102672.5,"[""environment:rural"", ""light:auto_bright_dark"", ""light:natural"", ""light:uniform"", ""time_of_day:day"", ""track_layout:curve"", ""weather:sunny""]"
nlb_fall_002226,2226,8,val,usable,,images/nlb_fall_002226.png,annotations/nlb_fall_002226.json,masks/nlb_fall_002226.png,all_tracks,images/val/nlb_fall_002226.png,labels/val/nlb_fall_002226.txt,1,1,0,8,106691.0,"[""environment:rural"", ""light:auto_bright_dark"", ""light:natural"", ""light:uniform"", ""time_of_day:day"", ""track_layout:curve"", ""weather:sunny""]"
nlb_fall_002227,2227,,,excluded,ego_track_count_0,images/nlb_fall_002227.png,annotations/nlb_fall_002227.json,masks/nlb_fall_002227.png,all_tracks,,,0,0,0,0,0,"[""environment:underground"", ""light:auto_bright_dark"", ""light:dark"", ""light:unknown"", ""time_of_day:unknown"", ""track_layout:unknown"", ""weather:unknown""]"
nlb_fall_002228,2228,,,excluded,ego_track_count_0,images/nlb_fall_002228.png,annotations/nlb_fall_002228.json,masks/nlb_fall_002228.png,all_tracks,,,0,0,0,0,0,"[""environment:underground"", ""light:auto_bright_dark"", ""light:dark"", ""light:unknown"", ""time_of_day:unknown"", ""track_layout:unknown"", ""weather:unknown""]"
nlb_fall_002229,2229,8,val,usable,,images/nlb_fall_002229.png,annotations/nlb_fall_002229.json,masks/nlb_fall_002229.png,all_tracks,images/val/nlb_fall_002229.png,labels/val/nlb_fall_002229.txt,1,1,0,10,9726.0,"[""environment:rural"", ""environment:underground"", ""light:auto_bright_dark"", ""light:dark"", ""light:natural"", ""light:unknown"", ""time_of_day:day"", ""track_layout:curve"", ""weather:unknown""]"
nlb_fall_002230,2230,8,val,usable,,images/nlb_fall_002230.png,annotations/nlb_fall_002230.json,masks/nlb_fall_002230.png,all_tracks,images/val/nlb_fall_002230.png,labels/val/nlb_fall_002230.txt,1,1,0,11,102930.5,"[""environment:rural"", ""light:auto_bright_dark"", ""light:natural"", ""light:uniform"", ""time_of_day:day"", ""track_layout:curve"", ""weather:sunny""]"
nlb_fall_002231,2231,8,val,usable,,images/nlb_fall_002231.png,annotations/nlb_fall_002231.json,masks/nlb_fall_002231.png,all_tracks,images/val/nlb_fall_002231.png,labels/val/nlb_fall_002231.txt,1,1,0,14,104999.5,"[""environment:rural"", ""light:auto_bright_dark"", ""light:natural"", ""light:uniform"", ""time_of_day:day"", ""track_layout:curve"", ""weather:sunny""]"
nlb_fall_002232,2232,8,val,usable,,images/nlb_fall_002232.png,annotations/nlb_fall_002232.json,masks/nlb_fall_002232.png,all_tracks,images/val/nlb_fall_002232.png,labels/val/nlb_fall_002232.txt,1,1,0,13,102379.0,"[""environment:rural"", ""light:auto_bright_dark"", ""light:natural"", ""light:uniform"", ""time_of_day:day"", ""track_layout:curve"", ""weather:sunny""]"
nlb_fall_002233,2233,8,val,usable,,images/nlb_fall_002233.png,annotations/nlb_fall_002233.json,masks/nlb_fall_002233.png,all_tracks,images/val/nlb_fall_002233.png,labels/val/nlb_fall_002233.txt,1,1,0,11,100058.5,"[""environment:rural"", ""light:auto_bright_dark"", ""light:natural"", ""light:uniform"", ""time_of_day:day"", ""track_layout:curve"", ""weather:sunny""]"
nlb_fall_002234,2234,8,val,usable,,images/nlb_fall_002234.png,annotations/nlb_fall_002234.json,masks/nlb_fall_002234.png,all_tracks,images/val/nlb_fall_002234.png,labels/val/nlb_fall_002234.txt,1,1,0,11,101272.0,"[""environment:rural"", ""light:auto_bright_dark"", ""light:natural"", ""light:uniform"", ""time_of_day:day"", ""track_layout:curve"", ""weather:sunny""]"
nlb_fall_002235,2235,8,val,usable,,images/nlb_fall_002235.png,annotations/nlb_fall_002235.json,masks/nlb_fall_002235.png,all_tracks,images/val/nlb_fall_002235.png,labels/val/nlb_fall_002235.txt,1,1,0,10,101479.5,"[""environment:rural"", ""light:auto_bright_dark"", ""light:natural"", ""light:uniform"", ""time_of_day:day"", ""track_layout:curve"", ""weather:cloudy""]"
nlb_fall_002236,2236,8,val,usable,,images/nlb_fall_002236.png,annotations/nlb_fall_002236.json,masks/nlb_fall_002236.png,all_tracks,images/val/nlb_fall_002236.png,labels/val/nlb_fall_002236.txt,1,1,0,9,101706.5,"[""environment:rural"", ""light:auto_bright_dark"", ""light:natural"", ""light:uniform"", ""time_of_day:day"", ""track_layout:curve"", ""weather:cloudy""]"
nlb_fall_002237,2237,8,val,usable,,images/nlb_fall_002237.png,annotations/nlb_fall_002237.json,masks/nlb_fall_002237.png,all_tracks,images/val/nlb_fall_002237.png,labels/val/nlb_fall_002237.txt,1,1,0,13,101139.0,"[""environment:rural"", ""light:auto_bright_dark"", ""light:dark"", ""light:natural"", ""light:uniform"", ""time_of_day:day"", ""track_layout:curve"", ""weather:sunny""]"
nlb_fall_002238,2238,8,val,usable,,images/nlb_fall_002238.png,annotations/nlb_fall_002238.json,masks/nlb_fall_002238.png,all_tracks,images/val/nlb_fall_002238.png,labels/val/nlb_fall_002238.txt,1,1,0,12,100900.5,"[""environment:rural"", ""light:auto_bright_dark"", ""light:natural"", ""light:uniform"", ""time_of_day:day"", ""track_layout:curve"", ""weather:cloudy""]"
nlb_fall_002239,2239,8,val,usable,,images/nlb_fall_002239.png,annotations/nlb_fall_002239.json,masks/nlb_fall_002239.png,all_tracks,images/val/nlb_fall_002239.png,labels/val/nlb_fall_002239.txt,1,1,0,17,101379.5,"[""environment:rural"", ""light:auto_bright_dark"", ""light:natural"", ""light:uniform"", ""time_of_day:day"", ""track_layout:curve"", ""weather:sunny""]"
nlb_fall_002240,2240,8,val,usable,,images/nlb_fall_002240.png,annotations/nlb_fall_002240.json,masks/nlb_fall_002240.png,all_tracks,images/val/nlb_fall_002240.png,labels/val/nlb_fall_002240.txt,1,1,0,12,104318.0,"[""environment:rural"", ""light:auto_bright_dark"", ""light:natural"", ""light:uniform"", ""time_of_day:day"", ""track_layout:curve"", ""weather:cloudy""]"
nlb_fall_002241,2241,8,val,usable,,images/nlb_fall_002241.png,annotations/nlb_fall_002241.json,masks/nlb_fall_002241.png,all_tracks,images/val/nlb_fall_002241.png,labels/val/nlb_fall_002241.txt,1,1,0,10,100942.5,"[""environment:rural"", ""light:auto_bright_dark"", ""light:hard shadows"", ""light:natural"", ""time_of_day:day"", ""track_layout:curve"", ""weather:cloudy""]"
nlb_fall_002242,2242,8,val,usable,,images/nlb_fall_002242.png,annotations/nlb_fall_002242.json,masks/nlb_fall_002242.png,all_tracks,images/val/nlb_fall_002242.png,labels/val/nlb_fall_002242.txt,1,1,0,16,103744.0,"[""environment:rural"", ""light:auto_bright_dark"", ""light:natural"", ""light:uniform"", ""time_of_day:day"", ""track_layout:curve"", ""weather:sunny""]"
nlb_fall_002243,2243,8,val,usable,,images/nlb_fall_002243.png,annotations/nlb_fall_002243.json,masks/nlb_fall_002243.png,all_tracks,images/val/nlb_fall_002243.png,labels/val/nlb_fall_002243.txt,1,1,0,15,103568.5,"[""environment:rural"", ""light:auto_bright_dark"", ""light:natural"", ""light:uniform"", ""time_of_day:day"", ""track_layout:curve"", ""weather:cloudy""]"
nlb_fall_002244,2244,8,val,usable,,images/nlb_fall_002244.png,annotations/nlb_fall_002244.json,masks/nlb_fall_002244.png,all_tracks,images/val/nlb_fall_002244.png,labels/val/nlb_fall_002244.txt,1,1,0,14,104175.0,"[""environment:rural"", ""light:auto_bright_dark"", ""light:natural"", ""light:uniform"", ""time_of_day:day"", ""track_layout:curve"", ""weather:cloudy""]"
nlb_fall_002245,2245,8,val,usable,,images/nlb_fall_002245.png,annotations/nlb_fall_002245.json,masks/nlb_fall_002245.png,all_tracks,images/val/nlb_fall_002245.png,labels/val/nlb_fall_002245.txt,1,1,0,9,101849.0,"[""environment:rural"", ""light:auto_bright_dark"", ""light:hard shadows"", ""light:natural"", ""time_of_day:day"", ""track_layout:straight"", ""weather:cloudy""]"
nlb_fall_002246,2246,8,val,usable,,images/nlb_fall_002246.png,annotations/nlb_fall_002246.json,masks/nlb_fall_002246.png,all_tracks,images/val/nlb_fall_002246.png,labels/val/nlb_fall_002246.txt,1,1,0,8,100066.0,"[""environment:rural"", ""environment:underground"", ""light:auto_bright_dark"", ""light:dark"", ""light:natural"", ""light:uniform"", ""time_of_day:day"", ""track_layout:straight"", ""weather:cloudy""]"
nlb_fall_002247,2247,8,val,usable,,images/nlb_fall_002247.png,annotations/nlb_fall_002247.json,masks/nlb_fall_002247.png,all_tracks,images/val/nlb_fall_002247.png,labels/val/nlb_fall_002247.txt,1,1,0,12,100953.5,"[""environment:rural"", ""light:auto_bright_dark"", ""light:natural"", ""light:uniform"", ""time_of_day:day"", ""track_layout:curve"", ""weather:cloudy""]"
nlb_fall_002248,2248,8,val,usable,,images/nlb_fall_002248.png,annotations/nlb_fall_002248.json,masks/nlb_fall_002248.png,all_tracks,images/val/nlb_fall_002248.png,labels/val/nlb_fall_002248.txt,1,1,0,16,99722.5,"[""environment:rural"", ""light:auto_bright_dark"", ""light:natural"", ""light:uniform"", ""time_of_day:day"", ""track_layout:curve"", ""weather:cloudy""]"
nlb_fall_002249,2249,8,val,usable,,images/nlb_fall_002249.png,annotations/nlb_fall_002249.json,masks/nlb_fall_002249.png,all_tracks,images/val/nlb_fall_002249.png,labels/val/nlb_fall_002249.txt,1,1,0,11,99947.0,"[""environment:rural"", ""light:auto_bright_dark"", ""light:natural"", ""light:uniform"", ""time_of_day:day"", ""track_layout:curve"", ""weather:cloudy""]"
nlb_fall_002250,2250,9,train,usable,,images/nlb_fall_002250.png,annotations/nlb_fall_002250.json,masks/nlb_fall_002250.png,all_tracks,images/train/nlb_fall_002250.png,labels/train/nlb_fall_002250.txt,1,1,0,8,101781.0,"[""environment:rural"", ""light:auto_bright_dark"", ""light:natural"", ""light:uniform"", ""time_of_day:day"", ""track_layout:curve"", ""weather:cloudy""]"
nlb_fall_002251,2251,9,train,usable,,images/nlb_fall_002251.png,annotations/nlb_fall_002251.json,masks/nlb_fall_002251.png,all_tracks,images/train/nlb_fall_002251.png,labels/train/nlb_fall_002251.txt,1,1,0,15,100480.0,"[""environment:rural"", ""light:auto_bright_dark"", ""light:dark"", ""light:natural"", ""light:uniform"", ""time_of_day:day"", ""track_layout:curve"", ""weather:cloudy""]"
nlb_fall_002252,2252,9,train,usable,,images/nlb_fall_002252.png,annotations/nlb_fall_002252.json,masks/nlb_fall_002252.png,all_tracks,images/train/nlb_fall_002252.png,labels/train/nlb_fall_002252.txt,1,1,0,19,107256.0,"[""environment:rural"", ""light:auto_bright_dark"", ""light:natural"", ""light:uniform"", ""time_of_day:day"", ""track_layout:curve"", ""weather:sunny""]"
nlb_fall_002253,2253,9,train,usable,,images/nlb_fall_002253.png,annotations/nlb_fall_002253.json,masks/nlb_fall_002253.png,all_tracks,images/train/nlb_fall_002253.png,labels/train/nlb_fall_002253.txt,1,1,0,19,107010.5,"[""environment:rural"", ""light:auto_bright_dark"", ""light:natural"", ""light:uniform"", ""time_of_day:day"", ""track_layout:curve"", ""weather:sunny""]"
nlb_fall_002254,2254,9,train,usable,,images/nlb_fall_002254.png,annotations/nlb_fall_002254.json,masks/nlb_fall_002254.png,all_tracks,images/train/nlb_fall_002254.png,labels/train/nlb_fall_002254.txt,1,1,0,20,106661.0,"[""environment:rural"", ""light:auto_bright_dark"", ""light:natural"", ""light:uniform"", ""time_of_day:day"", ""track_layout:curve"", ""weather:sunny""]"
nlb_fall_002255,2255,9,train,usable,,images/nlb_fall_002255.png,annotations/nlb_fall_002255.json,masks/nlb_fall_002255.png,all_tracks,images/train/nlb_fall_002255.png,labels/train/nlb_fall_002255.txt,1,1,0,17,105966.5,"[""environment:rural"", ""light:auto_bright_dark"", ""light:natural"", ""light:uniform"", ""time_of_day:day"", ""track_layout:curve"", ""weather:sunny""]"
nlb_fall_002256,2256,9,train,usable,,images/nlb_fall_002256.png,annotations/nlb_fall_002256.json,masks/nlb_fall_002256.png,all_tracks,images/train/nlb_fall_002256.png,labels/train/nlb_fall_002256.txt,1,1,0,10,101203.0,"[""environment:rural"", ""light:auto_bright_dark"", ""light:natural"", ""light:uniform"", ""time_of_day:day"", ""track_layout:curve"", ""weather:sunny""]"
nlb_fall_002257,2257,9,train,usable,,images/nlb_fall_002257.png,annotations/nlb_fall_002257.json,masks/nlb_fall_002257.png,all_tracks,images/train/nlb_fall_002257.png,labels/train/nlb_fall_002257.txt,1,1,0,9,105941.0,"[""environment:rural"", ""environment:underground"", ""light:auto_bright_dark"", ""light:dark"", ""light:hard shadows"", ""light:natural"", ""time_of_day:day"", ""track_layout:curve"", ""weather:cloudy""]"
nlb_fall_002258,2258,9,train,usable,,images/nlb_fall_002258.png,annotations/nlb_fall_002258.json,masks/nlb_fall_002258.png,all_tracks,images/train/nlb_fall_002258.png,labels/train/nlb_fall_002258.txt,1,1,0,14,103077.0,"[""environment:rural"", ""light:auto_bright_dark"", ""light:natural"", ""light:uniform"", ""time_of_day:day"", ""track_layout:curve"", ""weather:cloudy""]"
nlb_fall_002259,2259,9,train,usable,,images/nlb_fall_002259.png,annotations/nlb_fall_002259.json,masks/nlb_fall_002259.png,all_tracks,images/train/nlb_fall_002259.png,labels/train/nlb_fall_002259.txt,1,1,0,17,103740.0,"[""environment:rural"", ""light:auto_bright_dark"", ""light:natural"", ""light:uniform"", ""time_of_day:day"", ""track_layout:curve"", ""weather:cloudy""]"
nlb_fall_002260,2260,9,train,usable,,images/nlb_fall_002260.png,annotations/nlb_fall_002260.json,masks/nlb_fall_002260.png,all_tracks,images/train/nlb_fall_002260.png,labels/train/nlb_fall_002260.txt,1,1,0,12,102827.0,"[""environment:rural"", ""light:auto_bright_dark"", ""light:natural"", ""light:uniform"", ""time_of_day:day"", ""track_layout:curve"", ""weather:cloudy""]"
nlb_fall_002261,2261,9,train,usable,,images/nlb_fall_002261.png,annotations/nlb_fall_002261.json,masks/nlb_fall_002261.png,all_tracks,images/train/nlb_fall_002261.png,labels/train/nlb_fall_002261.txt,1,1,0,10,102007.0,"[""environment:rural"", ""light:auto_bright_dark"", ""light:natural"", ""light:uniform"", ""time_of_day:day"", ""track_layout:curve"", ""weather:cloudy""]"
nlb_fall_002262,2262,9,train,usable,,images/nlb_fall_002262.png,annotations/nlb_fall_002262.json,masks/nlb_fall_002262.png,all_tracks,images/train/nlb_fall_002262.png,labels/train/nlb_fall_002262.txt,1,1,0,13,102968.5,"[""environment:rural"", ""light:auto_bright_dark"", ""light:natural"", ""light:uniform"", ""time_of_day:day"", ""track_layout:curve"", ""weather:cloudy""]"
nlb_fall_002263,2263,,,excluded,self_intersecting_polygon,images/nlb_fall_002263.png,annotations/nlb_fall_002263.json,masks/nlb_fall_002263.png,all_tracks,,,1,1,0,0,0,"[""environment:rural"", ""light:auto_bright_dark"", ""light:natural"", ""light:uniform"", ""time_of_day:day"", ""track_layout:curve"", ""weather:cloudy""]"
nlb_fall_002264,2264,,,excluded,self_intersecting_polygon,images/nlb_fall_002264.png,annotations/nlb_fall_002264.json,masks/nlb_fall_002264.png,all_tracks,,,1,1,0,0,0,"[""environment:rural"", ""light:auto_bright_dark"", ""light:natural"", ""light:uniform"", ""time_of_day:day"", ""track_layout:curve"", ""weather:cloudy""]"
nlb_fall_002265,2265,9,train,usable,,images/nlb_fall_002265.png,annotations/nlb_fall_002265.json,masks/nlb_fall_002265.png,all_tracks,images/train/nlb_fall_002265.png,labels/train/nlb_fall_002265.txt,1,1,0,9,103353.0,"[""environment:rural"", ""light:auto_bright_dark"", ""light:natural"", ""light:uniform"", ""time_of_day:day"", ""track_layout:curve"", ""weather:cloudy""]"
nlb_fall_002266,2266,9,train,usable,,images/nlb_fall_002266.png,annotations/nlb_fall_002266.json,masks/nlb_fall_002266.png,all_tracks,images/train/nlb_fall_002266.png,labels/train/nlb_fall_002266.txt,1,1,0,16,103009.0,"[""environment:rural"", ""light:auto_bright_dark"", ""light:natural"", ""light:uniform"", ""time_of_day:day"", ""track_layout:curve"", ""track_layout:orthogonal structures"", ""weather:cloudy""]"
nlb_fall_002267,2267,9,train,usable,,images/nlb_fall_002267.png,annotations/nlb_fall_002267.json,masks/nlb_fall_002267.png,all_tracks,images/train/nlb_fall_002267.png,labels/train/nlb_fall_002267.txt,1,1,0,15,103067.5,"[""environment:rural"", ""light:auto_bright_dark"", ""light:natural"", ""light:uniform"", ""time_of_day:day"", ""track_layout:curve"", ""weather:cloudy""]"
nlb_fall_002268,2268,9,train,usable,,images/nlb_fall_002268.png,annotations/nlb_fall_002268.json,masks/nlb_fall_002268.png,all_tracks,images/train/nlb_fall_002268.png,labels/train/nlb_fall_002268.txt,1,1,0,13,104844.0,"[""environment:rural"", ""light:auto_bright_dark"", ""light:natural"", ""light:uniform"", ""time_of_day:day"", ""track_layout:curve"", ""weather:cloudy""]"
nlb_fall_002269,2269,9,train,usable,,images/nlb_fall_002269.png,annotations/nlb_fall_002269.json,masks/nlb_fall_002269.png,all_tracks,images/train/nlb_fall_002269.png,labels/train/nlb_fall_002269.txt,1,1,0,12,104469.0,"[""environment:rural"", ""light:auto_bright_dark"", ""light:natural"", ""light:uniform"", ""time_of_day:day"", ""track_layout:curve"", ""weather:cloudy""]"
nlb_fall_002270,2270,9,train,usable,,images/nlb_fall_002270.png,annotations/nlb_fall_002270.json,masks/nlb_fall_002270.png,all_tracks,images/train/nlb_fall_002270.png,labels/train/nlb_fall_002270.txt,1,1,0,14,107311.5,"[""environment:rural"", ""light:auto_bright_dark"", ""light:natural"", ""light:uniform"", ""time_of_day:day"", ""track_layout:curve"", ""weather:cloudy""]"
nlb_fall_002271,2271,9,train,usable,,images/nlb_fall_002271.png,annotations/nlb_fall_002271.json,masks/nlb_fall_002271.png,all_tracks,images/train/nlb_fall_002271.png,labels/train/nlb_fall_002271.txt,1,1,0,12,101246.5,"[""environment:rural"", ""light:auto_bright_dark"", ""light:natural"", ""light:uniform"", ""time_of_day:day"", ""track_layout:curve"", ""weather:cloudy""]"
nlb_fall_002272,2272,9,train,usable,,images/nlb_fall_002272.png,annotations/nlb_fall_002272.json,masks/nlb_fall_002272.png,all_tracks,images/train/nlb_fall_002272.png,labels/train/nlb_fall_002272.txt,1,1,0,15,106052.5,"[""environment:rural"", ""light:auto_bright_dark"", ""light:natural"", ""light:uniform"", ""time_of_day:day"", ""track_layout:curve"", ""weather:cloudy""]"
nlb_fall_002273,2273,9,train,usable,,images/nlb_fall_002273.png,annotations/nlb_fall_002273.json,masks/nlb_fall_002273.png,all_tracks,images/train/nlb_fall_002273.png,labels/train/nlb_fall_002273.txt,1,1,0,16,106633.5,"[""environment:rural"", ""light:auto_bright_dark"", ""light:natural"", ""light:uniform"", ""time_of_day:day"", ""track_layout:curve"", ""weather:cloudy""]"
nlb_fall_002274,2274,9,train,usable,,images/nlb_fall_002274.png,annotations/nlb_fall_002274.json,masks/nlb_fall_002274.png,all_tracks,images/train/nlb_fall_002274.png,labels/train/nlb_fall_002274.txt,1,2,1,6,99147.0,"[""environment:rural"", ""light:auto_bright_dark"", ""light:natural"", ""light:uniform"", ""time_of_day:day"", ""track_layout:curve"", ""track_layout:parallel structures"", ""track_layout:straight"", ""weather:cloudy""]"
nlb_fall_002275,2275,9,train,usable,,images/nlb_fall_002275.png,annotations/nlb_fall_002275.json,masks/nlb_fall_002275.png,all_tracks,images/train/nlb_fall_002275.png,labels/train/nlb_fall_002275.txt,1,3,0,6,100210.5,"[""environment:rural"", ""light:auto_bright_dark"", ""light:natural"", ""light:uniform"", ""time_of_day:day"", ""track_layout:curve"", ""track_layout:orthogonal structures"", ""track_layout:straight"", ""weather:cloudy""]"
nlb_fall_002276,2276,9,train,usable,,images/nlb_fall_002276.png,annotations/nlb_fall_002276.json,masks/nlb_fall_002276.png,all_tracks,images/train/nlb_fall_002276.png,labels/train/nlb_fall_002276.txt,1,2,0,12,99782.5,"[""environment:rural"", ""light:auto_bright_dark"", ""light:natural"", ""light:uniform"", ""time_of_day:day"", ""track_layout:curve"", ""track_layout:parallel structures"", ""track_layout:straight"", ""weather:cloudy""]"
nlb_fall_002277,2277,9,train,usable,,images/nlb_fall_002277.png,annotations/nlb_fall_002277.json,masks/nlb_fall_002277.png,all_tracks,images/train/nlb_fall_002277.png,labels/train/nlb_fall_002277.txt,1,2,1,17,100867.5,"[""environment:rural"", ""light:auto_bright_dark"", ""light:natural"", ""light:uniform"", ""time_of_day:day"", ""track_layout:curve"", ""track_layout:straight"", ""weather:cloudy""]"
nlb_fall_002278,2278,9,train,usable,,images/nlb_fall_002278.png,annotations/nlb_fall_002278.json,masks/nlb_fall_002278.png,all_tracks,images/train/nlb_fall_002278.png,labels/train/nlb_fall_002278.txt,1,2,1,26,100041.5,"[""environment:rural"", ""light:auto_bright_dark"", ""light:natural"", ""light:uniform"", ""time_of_day:day"", ""track_layout:curve"", ""weather:cloudy""]"
nlb_fall_002279,2279,9,train,usable,,images/nlb_fall_002279.png,annotations/nlb_fall_002279.json,masks/nlb_fall_002279.png,all_tracks,images/train/nlb_fall_002279.png,labels/train/nlb_fall_002279.txt,1,1,0,14,102487.0,"[""environment:rural"", ""light:auto_bright_dark"", ""light:natural"", ""light:uniform"", ""time_of_day:day"", ""track_layout:curve"", ""weather:cloudy""]"
nlb_fall_002280,2280,,,excluded,self_intersecting_polygon,images/nlb_fall_002280.png,annotations/nlb_fall_002280.json,masks/nlb_fall_002280.png,all_tracks,,,1,1,0,0,0,"[""environment:rural"", ""light:auto_bright_dark"", ""light:natural"", ""light:uniform"", ""time_of_day:day"", ""track_layout:curve"", ""weather:cloudy""]"
nlb_fall_002281,2281,9,train,usable,,images/nlb_fall_002281.png,annotations/nlb_fall_002281.json,masks/nlb_fall_002281.png,all_tracks,images/train/nlb_fall_002281.png,labels/train/nlb_fall_002281.txt,1,1,0,11,101847.5,"[""environment:rural"", ""light:auto_bright_dark"", ""light:natural"", ""light:uniform"", ""time_of_day:day"", ""track_layout:curve"", ""weather:cloudy""]"
nlb_fall_002282,2282,9,train,usable,,images/nlb_fall_002282.png,annotations/nlb_fall_002282.json,masks/nlb_fall_002282.png,all_tracks,images/train/nlb_fall_002282.png,labels/train/nlb_fall_002282.txt,1,1,0,17,100918.0,"[""environment:rural"", ""light:auto_bright_dark"", ""light:hard shadows"", ""light:natural"", ""time_of_day:day"", ""track_layout:curve"", ""weather:sunny""]"
nlb_fall_002283,2283,9,train,usable,,images/nlb_fall_002283.png,annotations/nlb_fall_002283.json,masks/nlb_fall_002283.png,all_tracks,images/train/nlb_fall_002283.png,labels/train/nlb_fall_002283.txt,1,1,0,12,98452.0,"[""environment:rural"", ""light:auto_bright_dark"", ""light:hard shadows"", ""light:natural"", ""time_of_day:day"", ""track_layout:curve"", ""weather:sunny""]"
nlb_fall_002284,2284,9,train,usable,,images/nlb_fall_002284.png,annotations/nlb_fall_002284.json,masks/nlb_fall_002284.png,all_tracks,images/train/nlb_fall_002284.png,labels/train/nlb_fall_002284.txt,1,1,0,14,101244.0,"[""environment:rural"", ""light:auto_bright_dark"", ""light:hard shadows"", ""light:natural"", ""time_of_day:day"", ""track_layout:curve"", ""weather:sunny""]"
nlb_fall_002285,2285,9,train,usable,,images/nlb_fall_002285.png,annotations/nlb_fall_002285.json,masks/nlb_fall_002285.png,all_tracks,images/train/nlb_fall_002285.png,labels/train/nlb_fall_002285.txt,1,1,0,21,101611.0,"[""environment:rural"", ""light:auto_bright_dark"", ""light:natural"", ""light:uniform"", ""time_of_day:day"", ""track_layout:curve"", ""weather:cloudy""]"
nlb_fall_002286,2286,9,train,usable,,images/nlb_fall_002286.png,annotations/nlb_fall_002286.json,masks/nlb_fall_002286.png,all_tracks,images/train/nlb_fall_002286.png,labels/train/nlb_fall_002286.txt,1,1,0,16,103339.5,"[""environment:rural"", ""light:auto_bright_dark"", ""light:natural"", ""light:uniform"", ""time_of_day:day"", ""track_layout:curve"", ""weather:sunny""]"
nlb_fall_002287,2287,9,train,usable,,images/nlb_fall_002287.png,annotations/nlb_fall_002287.json,masks/nlb_fall_002287.png,all_tracks,images/train/nlb_fall_002287.png,labels/train/nlb_fall_002287.txt,1,1,0,15,101738.0,"[""environment:rural"", ""light:auto_bright_dark"", ""light:natural"", ""light:uniform"", ""time_of_day:day"", ""track_layout:curve"", ""weather:sunny""]"
nlb_fall_002288,2288,9,train,usable,,images/nlb_fall_002288.png,annotations/nlb_fall_002288.json,masks/nlb_fall_002288.png,all_tracks,images/train/nlb_fall_002288.png,labels/train/nlb_fall_002288.txt,1,1,0,18,101862.5,"[""environment:rural"", ""light:auto_bright_dark"", ""light:hard shadows"", ""light:natural"", ""time_of_day:day"", ""track_layout:curve"", ""weather:sunny""]"
nlb_fall_002289,2289,9,train,usable,,images/nlb_fall_002289.png,annotations/nlb_fall_002289.json,masks/nlb_fall_002289.png,all_tracks,images/train/nlb_fall_002289.png,labels/train/nlb_fall_002289.txt,1,1,0,18,103724.0,"[""environment:rural"", ""light:auto_bright_dark"", ""light:hard shadows"", ""light:natural"", ""time_of_day:day"", ""track_layout:curve"", ""weather:sunny""]"
nlb_fall_002290,2290,9,train,usable,,images/nlb_fall_002290.png,annotations/nlb_fall_002290.json,masks/nlb_fall_002290.png,all_tracks,images/train/nlb_fall_002290.png,labels/train/nlb_fall_002290.txt,1,1,0,16,103407.5,"[""environment:rural"", ""light:auto_bright_dark"", ""light:hard shadows"", ""light:natural"", ""time_of_day:day"", ""track_layout:curve"", ""weather:sunny""]"
nlb_fall_002291,2291,9,train,usable,,images/nlb_fall_002291.png,annotations/nlb_fall_002291.json,masks/nlb_fall_002291.png,all_tracks,images/train/nlb_fall_002291.png,labels/train/nlb_fall_002291.txt,1,1,0,16,102040.0,"[""environment:rural"", ""light:auto_bright_dark"", ""light:hard shadows"", ""light:natural"", ""time_of_day:day"", ""track_layout:curve"", ""weather:sunny""]"
nlb_fall_002292,2292,9,train,usable,,images/nlb_fall_002292.png,annotations/nlb_fall_002292.json,masks/nlb_fall_002292.png,all_tracks,images/train/nlb_fall_002292.png,labels/train/nlb_fall_002292.txt,1,1,0,14,101102.0,"[""environment:rural"", ""light:auto_bright_dark"", ""light:hard shadows"", ""light:natural"", ""time_of_day:day"", ""track_layout:curve"", ""weather:sunny""]"
nlb_fall_002293,2293,9,train,usable,,images/nlb_fall_002293.png,annotations/nlb_fall_002293.json,masks/nlb_fall_002293.png,all_tracks,images/train/nlb_fall_002293.png,labels/train/nlb_fall_002293.txt,1,1,0,17,103203.0,"[""environment:rural"", ""light:auto_bright_dark"", ""light:hard shadows"", ""light:natural"", ""time_of_day:day"", ""track_layout:curve"", ""weather:sunny""]"
nlb_fall_002294,2294,9,train,usable,,images/nlb_fall_002294.png,annotations/nlb_fall_002294.json,masks/nlb_fall_002294.png,all_tracks,images/train/nlb_fall_002294.png,labels/train/nlb_fall_002294.txt,1,1,0,10,103258.5,"[""environment:rural"", ""light:auto_bright_dark"", ""light:hard shadows"", ""light:natural"", ""time_of_day:day"", ""track_layout:curve"", ""weather:sunny""]"
nlb_fall_002295,2295,9,train,usable,,images/nlb_fall_002295.png,annotations/nlb_fall_002295.json,masks/nlb_fall_002295.png,all_tracks,images/train/nlb_fall_002295.png,labels/train/nlb_fall_002295.txt,1,1,0,16,104734.0,"[""environment:rural"", ""light:auto_bright_dark"", ""light:hard shadows"", ""light:natural"", ""time_of_day:day"", ""track_layout:curve"", ""weather:sunny""]"
nlb_fall_002296,2296,9,train,usable,,images/nlb_fall_002296.png,annotations/nlb_fall_002296.json,masks/nlb_fall_002296.png,all_tracks,images/train/nlb_fall_002296.png,labels/train/nlb_fall_002296.txt,1,1,0,11,103892.5,"[""environment:rural"", ""light:auto_bright_dark"", ""light:hard shadows"", ""light:natural"", ""time_of_day:day"", ""track_layout:curve"", ""weather:sunny""]"
nlb_fall_002297,2297,9,train,usable,,images/nlb_fall_002297.png,annotations/nlb_fall_002297.json,masks/nlb_fall_002297.png,all_tracks,images/train/nlb_fall_002297.png,labels/train/nlb_fall_002297.txt,1,1,0,15,102568.5,"[""environment:rural"", ""light:auto_bright_dark"", ""light:natural"", ""light:uniform"", ""time_of_day:day"", ""track_layout:curve"", ""weather:cloudy""]"
nlb_fall_002298,2298,9,train,usable,,images/nlb_fall_002298.png,annotations/nlb_fall_002298.json,masks/nlb_fall_002298.png,all_tracks,images/train/nlb_fall_002298.png,labels/train/nlb_fall_002298.txt,1,1,0,16,101060.5,"[""environment:rural"", ""light:auto_bright_dark"", ""light:natural"", ""light:uniform"", ""time_of_day:day"", ""track_layout:curve"", ""weather:cloudy""]"
nlb_fall_002299,2299,9,train,usable,,images/nlb_fall_002299.png,annotations/nlb_fall_002299.json,masks/nlb_fall_002299.png,all_tracks,images/train/nlb_fall_002299.png,labels/train/nlb_fall_002299.txt,1,1,0,18,103129.0,"[""environment:rural"", ""light:auto_bright_dark"", ""light:natural"", ""light:uniform"", ""time_of_day:day"", ""track_layout:curve"", ""weather:cloudy""]"
nlb_fall_002300,2300,9,train,usable,,images/nlb_fall_002300.png,annotations/nlb_fall_002300.json,masks/nlb_fall_002300.png,all_tracks,images/train/nlb_fall_002300.png,labels/train/nlb_fall_002300.txt,1,1,0,14,101389.0,"[""environment:rural"", ""light:auto_bright_dark"", ""light:natural"", ""light:uniform"", ""time_of_day:day"", ""track_layout:curve"", ""weather:cloudy""]"
nlb_fall_002324,2324,9,train,usable,,images/nlb_fall_002324.png,annotations/nlb_fall_002324.json,masks/nlb_fall_002324.png,all_tracks,images/train/nlb_fall_002324.png,labels/train/nlb_fall_002324.txt,1,3,1,26,104502.5,"[""environment:rural"", ""light:auto_bright_dark"", ""light:natural"", ""light:uniform"", ""time_of_day:day"", ""track_layout:curve"", ""track_layout:straight"", ""weather:cloudy""]"
nlb_fall_002325,2325,9,train,usable,,images/nlb_fall_002325.png,annotations/nlb_fall_002325.json,masks/nlb_fall_002325.png,all_tracks,images/train/nlb_fall_002325.png,labels/train/nlb_fall_002325.txt,1,5,3,13,102156.0,"[""environment:rural"", ""light:auto_bright_dark"", ""light:natural"", ""light:uniform"", ""time_of_day:day"", ""track_layout:curve"", ""track_layout:straight"", ""weather:cloudy""]"
nlb_fall_002326,2326,9,train,usable,,images/nlb_fall_002326.png,annotations/nlb_fall_002326.json,masks/nlb_fall_002326.png,all_tracks,images/train/nlb_fall_002326.png,labels/train/nlb_fall_002326.txt,1,5,2,10,99382.0,"[""environment:rural"", ""light:auto_bright_dark"", ""light:natural"", ""light:uniform"", ""time_of_day:day"", ""track_layout:curve"", ""track_layout:straight"", ""weather:cloudy""]"
nlb_fall_002327,2327,9,train,usable,,images/nlb_fall_002327.png,annotations/nlb_fall_002327.json,masks/nlb_fall_002327.png,all_tracks,images/train/nlb_fall_002327.png,labels/train/nlb_fall_002327.txt,1,4,2,8,101920.5,"[""environment:rural"", ""light:auto_bright_dark"", ""light:natural"", ""light:uniform"", ""time_of_day:day"", ""track_layout:curve"", ""track_layout:straight"", ""weather:cloudy""]"
nlb_fall_002328,2328,9,train,usable,,images/nlb_fall_002328.png,annotations/nlb_fall_002328.json,masks/nlb_fall_002328.png,all_tracks,images/train/nlb_fall_002328.png,labels/train/nlb_fall_002328.txt,1,3,1,7,103886.0,"[""environment:rural"", ""light:auto_bright_dark"", ""light:natural"", ""light:uniform"", ""time_of_day:day"", ""track_layout:curve"", ""track_layout:straight"", ""weather:cloudy""]"
nlb_fall_002329,2329,9,train,usable,,images/nlb_fall_002329.png,annotations/nlb_fall_002329.json,masks/nlb_fall_002329.png,all_tracks,images/train/nlb_fall_002329.png,labels/train/nlb_fall_002329.txt,1,3,1,6,101102.5,"[""environment:rural"", ""environment:station"", ""light:auto_bright_dark"", ""light:natural"", ""light:uniform"", ""time_of_day:day"", ""track_layout:curve"", ""track_layout:straight"", ""weather:cloudy""]"
nlb_fall_002330,2330,9,train,usable,,images/nlb_fall_002330.png,annotations/nlb_fall_002330.json,masks/nlb_fall_002330.png,all_tracks,images/train/nlb_fall_002330.png,labels/train/nlb_fall_002330.txt,1,5,0,6,101817.0,"[""environment:rural"", ""environment:station"", ""light:auto_bright_dark"", ""light:natural"", ""light:uniform"", ""time_of_day:day"", ""track_layout:curve"", ""track_layout:straight"", ""weather:cloudy""]"
nlb_fall_002331,2331,9,train,usable,,images/nlb_fall_002331.png,annotations/nlb_fall_002331.json,masks/nlb_fall_002331.png,all_tracks,images/train/nlb_fall_002331.png,labels/train/nlb_fall_002331.txt,1,5,0,5,101613.0,"[""environment:rural"", ""environment:station"", ""light:auto_bright_dark"", ""light:natural"", ""light:uniform"", ""time_of_day:day"", ""track_layout:curve"", ""track_layout:straight"", ""weather:cloudy""]"
nlb_fall_002332,2332,9,train,usable,,images/nlb_fall_002332.png,annotations/nlb_fall_002332.json,masks/nlb_fall_002332.png,all_tracks,images/train/nlb_fall_002332.png,labels/train/nlb_fall_002332.txt,1,5,0,6,100701.0,"[""environment:rural"", ""environment:station"", ""light:auto_bright_dark"", ""light:natural"", ""light:uniform"", ""time_of_day:day"", ""track_layout:curve"", ""track_layout:straight"", ""weather:cloudy""]"
nlb_fall_002333,2333,9,train,usable,,images/nlb_fall_002333.png,annotations/nlb_fall_002333.json,masks/nlb_fall_002333.png,all_tracks,images/train/nlb_fall_002333.png,labels/train/nlb_fall_002333.txt,1,7,1,6,101420.5,"[""environment:rural"", ""environment:station"", ""light:auto_bright_dark"", ""light:natural"", ""light:uniform"", ""time_of_day:day"", ""track_layout:curve"", ""track_layout:straight"", ""weather:cloudy""]"
nlb_fall_002334,2334,9,train,usable,,images/nlb_fall_002334.png,annotations/nlb_fall_002334.json,masks/nlb_fall_002334.png,all_tracks,images/train/nlb_fall_002334.png,labels/train/nlb_fall_002334.txt,1,7,1,6,101443.5,"[""environment:rural"", ""environment:station"", ""light:auto_bright_dark"", ""light:natural"", ""light:uniform"", ""time_of_day:day"", ""track_layout:curve"", ""track_layout:straight"", ""weather:cloudy""]"
nlb_fall_002335,2335,9,train,usable,,images/nlb_fall_002335.png,annotations/nlb_fall_002335.json,masks/nlb_fall_002335.png,all_tracks,images/train/nlb_fall_002335.png,labels/train/nlb_fall_002335.txt,1,7,1,7,100591.0,"[""environment:rural"", ""environment:station"", ""light:auto_bright_dark"", ""light:natural"", ""light:uniform"", ""time_of_day:day"", ""track_layout:curve"", ""track_layout:straight"", ""weather:cloudy""]"
nlb_fall_002380,2380,9,train,usable,,images/nlb_fall_002380.png,annotations/nlb_fall_002380.json,masks/nlb_fall_002380.png,all_tracks,images/train/nlb_fall_002380.png,labels/train/nlb_fall_002380.txt,1,7,2,6,99756.0,"[""environment:rural"", ""environment:station"", ""light:auto_bright_dark"", ""light:natural"", ""light:uniform"", ""time_of_day:day"", ""track_layout:curve"", ""track_layout:straight"", ""weather:cloudy""]"
nlb_fall_002381,2381,9,train,usable,,images/nlb_fall_002381.png,annotations/nlb_fall_002381.json,masks/nlb_fall_002381.png,all_tracks,images/train/nlb_fall_002381.png,labels/train/nlb_fall_002381.txt,1,7,3,7,99249.5,"[""environment:rural"", ""light:auto_bright_dark"", ""light:natural"", ""light:uniform"", ""time_of_day:day"", ""track_layout:curve"", ""track_layout:straight"", ""weather:cloudy""]"
nlb_fall_002382,2382,9,train,usable,,images/nlb_fall_002382.png,annotations/nlb_fall_002382.json,masks/nlb_fall_002382.png,all_tracks,images/train/nlb_fall_002382.png,labels/train/nlb_fall_002382.txt,1,7,2,6,99455.0,"[""environment:rural"", ""light:auto_bright_dark"", ""light:natural"", ""light:uniform"", ""time_of_day:day"", ""track_layout:curve"", ""track_layout:straight"", ""weather:cloudy""]"
nlb_fall_002383,2383,9,train,usable,,images/nlb_fall_002383.png,annotations/nlb_fall_002383.json,masks/nlb_fall_002383.png,all_tracks,images/train/nlb_fall_002383.png,labels/train/nlb_fall_002383.txt,1,3,2,7,101027.5,"[""environment:rural"", ""light:auto_bright_dark"", ""light:natural"", ""light:uniform"", ""time_of_day:day"", ""track_layout:curve"", ""track_layout:straight"", ""weather:cloudy""]"
nlb_fall_002384,2384,9,train,usable,,images/nlb_fall_002384.png,annotations/nlb_fall_002384.json,masks/nlb_fall_002384.png,all_tracks,images/train/nlb_fall_002384.png,labels/train/nlb_fall_002384.txt,1,2,0,5,96677.5,"[""environment:rural"", ""light:auto_bright_dark"", ""light:natural"", ""light:uniform"", ""time_of_day:day"", ""track_layout:curve"", ""track_layout:straight"", ""weather:cloudy""]"
nlb_fall_002385,2385,,,excluded,ego_track_count_0,images/nlb_fall_002385.png,annotations/nlb_fall_002385.json,masks/nlb_fall_002385.png,all_tracks,,,0,0,0,0,0,"[""environment:underground"", ""light:auto_bright_dark"", ""light:dark"", ""light:hard shadows"", ""time_of_day:unknown"", ""track_layout:unknown"", ""weather:unknown""]"
nlb_fall_002386,2386,,,excluded,ego_track_count_0,images/nlb_fall_002386.png,annotations/nlb_fall_002386.json,masks/nlb_fall_002386.png,all_tracks,,,0,0,0,0,0,"[""environment:underground"", ""light:auto_bright_dark"", ""light:dark"", ""light:hard shadows"", ""time_of_day:unknown"", ""track_layout:unknown"", ""weather:unknown""]"
nlb_fall_002387,2387,,,excluded,ego_track_count_0,images/nlb_fall_002387.png,annotations/nlb_fall_002387.json,masks/nlb_fall_002387.png,all_tracks,,,0,0,0,0,0,"[""environment:underground"", ""light:auto_bright_dark"", ""light:dark"", ""light:hard shadows"", ""time_of_day:unknown"", ""track_layout:unknown"", ""weather:unknown""]"
nlb_fall_002388,2388,,,excluded,ego_track_count_0,images/nlb_fall_002388.png,annotations/nlb_fall_002388.json,masks/nlb_fall_002388.png,all_tracks,,,0,0,0,0,0,"[""environment:underground"", ""light:auto_bright_dark"", ""light:dark"", ""light:hard shadows"", ""time_of_day:unknown"", ""track_layout:unknown"", ""weather:unknown""]"
nlb_fall_002389,2389,,,excluded,ego_track_count_0,images/nlb_fall_002389.png,annotations/nlb_fall_002389.json,masks/nlb_fall_002389.png,all_tracks,,,0,0,0,0,0,"[""environment:underground"", ""light:auto_bright_dark"", ""light:dark"", ""light:hard shadows"", ""time_of_day:unknown"", ""track_layout:unknown"", ""weather:unknown""]"
nlb_fall_002390,2390,,,excluded,ego_track_count_0,images/nlb_fall_002390.png,annotations/nlb_fall_002390.json,masks/nlb_fall_002390.png,all_tracks,,,0,0,0,0,0,"[""environment:underground"", ""light:auto_bright_dark"", ""light:dark"", ""light:hard shadows"", ""time_of_day:unknown"", ""track_layout:unknown"", ""weather:unknown""]"
nlb_fall_002391,2391,,,excluded,ego_track_count_0,images/nlb_fall_002391.png,annotations/nlb_fall_002391.json,masks/nlb_fall_002391.png,all_tracks,,,0,0,0,0,0,"[""environment:underground"", ""light:auto_bright_dark"", ""light:dark"", ""light:hard shadows"", ""time_of_day:unknown"", ""track_layout:unknown"", ""weather:unknown""]"
nlb_fall_002392,2392,,,excluded,ego_track_count_0,images/nlb_fall_002392.png,annotations/nlb_fall_002392.json,masks/nlb_fall_002392.png,all_tracks,,,0,0,0,0,0,"[""environment:underground"", ""light:auto_bright_dark"", ""light:dark"", ""light:hard shadows"", ""time_of_day:unknown"", ""track_layout:unknown"", ""weather:unknown""]"
nlb_fall_002393,2393,,,excluded,ego_track_count_0,images/nlb_fall_002393.png,annotations/nlb_fall_002393.json,masks/nlb_fall_002393.png,all_tracks,,,0,0,0,0,0,"[""environment:underground"", ""light:auto_bright_dark"", ""light:dark"", ""light:hard shadows"", ""time_of_day:unknown"", ""track_layout:unknown"", ""weather:unknown""]"
nlb_fall_002394,2394,,,excluded,ego_track_count_0,images/nlb_fall_002394.png,annotations/nlb_fall_002394.json,masks/nlb_fall_002394.png,all_tracks,,,0,0,0,0,0,"[""environment:underground"", ""light:auto_bright_dark"", ""light:dark"", ""light:hard shadows"", ""time_of_day:unknown"", ""track_layout:unknown"", ""weather:unknown""]"
nlb_fall_002395,2395,,,excluded,ego_track_count_0,images/nlb_fall_002395.png,annotations/nlb_fall_002395.json,masks/nlb_fall_002395.png,all_tracks,,,0,0,0,0,0,"[""environment:underground"", ""light:auto_bright_dark"", ""light:dark"", ""light:hard shadows"", ""time_of_day:unknown"", ""track_layout:unknown"", ""weather:unknown""]"
nlb_fall_002396,2396,,,excluded,ego_track_count_0,images/nlb_fall_002396.png,annotations/nlb_fall_002396.json,masks/nlb_fall_002396.png,all_tracks,,,0,0,0,0,0,"[""environment:underground"", ""light:auto_bright_dark"", ""light:dark"", ""light:hard shadows"", ""time_of_day:unknown"", ""track_layout:unknown"", ""weather:unknown""]"
nlb_fall_002397,2397,,,excluded,ego_track_count_0,images/nlb_fall_002397.png,annotations/nlb_fall_002397.json,masks/nlb_fall_002397.png,all_tracks,,,0,0,0,0,0,"[""environment:underground"", ""light:auto_bright_dark"", ""light:dark"", ""light:hard shadows"", ""time_of_day:unknown"", ""track_layout:unknown"", ""weather:unknown""]"
nlb_fall_002398,2398,,,excluded,ego_track_count_0,images/nlb_fall_002398.png,annotations/nlb_fall_002398.json,masks/nlb_fall_002398.png,all_tracks,,,0,0,0,0,0,"[""environment:underground"", ""light:auto_bright_dark"", ""light:dark"", ""light:hard shadows"", ""time_of_day:unknown"", ""track_layout:unknown"", ""weather:unknown""]"
nlb_fall_002399,2399,,,excluded,ego_track_count_0,images/nlb_fall_002399.png,annotations/nlb_fall_002399.json,masks/nlb_fall_002399.png,all_tracks,,,0,0,0,0,0,"[""environment:underground"", ""light:auto_bright_dark"", ""light:dark"", ""light:hard shadows"", ""time_of_day:unknown"", ""track_layout:unknown"", ""weather:unknown""]"
nlb_fall_002400,2400,,,excluded,ego_track_count_0,images/nlb_fall_002400.png,annotations/nlb_fall_002400.json,masks/nlb_fall_002400.png,all_tracks,,,0,0,0,0,0,"[""environment:underground"", ""light:auto_bright_dark"", ""light:dark"", ""light:hard shadows"", ""time_of_day:unknown"", ""track_layout:unknown"", ""weather:unknown""]"
nlb_fall_002501,2501,10,train,usable,,images/nlb_fall_002501.png,annotations/nlb_fall_002501.json,masks/nlb_fall_002501.png,all_tracks,images/train/nlb_fall_002501.png,labels/train/nlb_fall_002501.txt,1,1,0,18,100485.0,"[""environment:rural"", ""light:auto_bright_dark"", ""light:natural"", ""light:uniform"", ""time_of_day:day"", ""track_layout:curve"", ""weather:cloudy""]"
nlb_fall_002502,2502,10,train,usable,,images/nlb_fall_002502.png,annotations/nlb_fall_002502.json,masks/nlb_fall_002502.png,all_tracks,images/train/nlb_fall_002502.png,labels/train/nlb_fall_002502.txt,1,1,0,10,100952.0,"[""environment:rural"", ""light:auto_bright_dark"", ""light:natural"", ""time_of_day:day"", ""track_layout:curve"", ""weather:cloudy""]"
nlb_fall_002503,2503,10,train,usable,,images/nlb_fall_002503.png,annotations/nlb_fall_002503.json,masks/nlb_fall_002503.png,all_tracks,images/train/nlb_fall_002503.png,labels/train/nlb_fall_002503.txt,1,1,0,10,100566.0,"[""environment:rural"", ""light:auto_bright_dark"", ""light:natural"", ""time_of_day:day"", ""track_layout:curve"", ""weather:cloudy""]"
nlb_fall_002504,2504,10,train,usable,,images/nlb_fall_002504.png,annotations/nlb_fall_002504.json,masks/nlb_fall_002504.png,all_tracks,images/train/nlb_fall_002504.png,labels/train/nlb_fall_002504.txt,1,1,0,10,101140.5,"[""environment:rural"", ""light:auto_bright_dark"", ""light:natural"", ""time_of_day:day"", ""track_layout:curve"", ""weather:cloudy""]"
nlb_fall_002520,2520,10,train,usable,,images/nlb_fall_002520.png,annotations/nlb_fall_002520.json,masks/nlb_fall_002520.png,all_tracks,images/train/nlb_fall_002520.png,labels/train/nlb_fall_002520.txt,1,3,2,6,105074.5,"[""additional_attributes:obstruction"", ""environment:rural"", ""environment:station"", ""light:auto_bright_dark"", ""light:natural"", ""light:uniform"", ""time_of_day:day"", ""track_layout:curve"", ""track_layout:straight"", ""weather:cloudy"", ""weather:rainy""]"
nlb_fall_002521,2521,10,train,usable,,images/nlb_fall_002521.png,annotations/nlb_fall_002521.json,masks/nlb_fall_002521.png,all_tracks,images/train/nlb_fall_002521.png,labels/train/nlb_fall_002521.txt,1,3,0,6,100905.0,"[""additional_attributes:obstruction"", ""environment:rural"", ""environment:station"", ""light:auto_bright_dark"", ""light:natural"", ""light:uniform"", ""time_of_day:day"", ""track_layout:straight"", ""weather:cloudy"", ""weather:rainy""]"
nlb_fall_002522,2522,10,train,usable,,images/nlb_fall_002522.png,annotations/nlb_fall_002522.json,masks/nlb_fall_002522.png,all_tracks,images/train/nlb_fall_002522.png,labels/train/nlb_fall_002522.txt,1,3,0,12,99830.5,"[""additional_attributes:obstruction"", ""environment:rural"", ""light:auto_bright_dark"", ""light:natural"", ""light:uniform"", ""time_of_day:day"", ""track_layout:curve"", ""track_layout:straight"", ""weather:cloudy"", ""weather:rainy""]"
nlb_fall_002523,2523,10,train,usable,,images/nlb_fall_002523.png,annotations/nlb_fall_002523.json,masks/nlb_fall_002523.png,all_tracks,images/train/nlb_fall_002523.png,labels/train/nlb_fall_002523.txt,1,2,1,16,99482.0,"[""additional_attributes:obstruction"", ""environment:rural"", ""light:auto_bright_dark"", ""light:natural"", ""light:uniform"", ""time_of_day:day"", ""track_layout:curve"", ""weather:cloudy"", ""weather:rainy""]"
nlb_fall_002668,2668,10,train,usable,,images/nlb_fall_002668.png,annotations/nlb_fall_002668.json,masks/nlb_fall_002668.png,all_tracks,images/train/nlb_fall_002668.png,labels/train/nlb_fall_002668.txt,1,2,1,10,102510.0,"[""additional_attributes:obstruction"", ""environment:rural"", ""environment:station"", ""light:auto_bright_dark"", ""light:natural"", ""light:uniform"", ""time_of_day:day"", ""track_layout:curve"", ""track_layout:straight"", ""weather:cloudy"", ""weather:rainy""]"
nlb_fall_002669,2669,10,train,usable,,images/nlb_fall_002669.png,annotations/nlb_fall_002669.json,masks/nlb_fall_002669.png,all_tracks,images/train/nlb_fall_002669.png,labels/train/nlb_fall_002669.txt,1,3,0,6,102040.0,"[""additional_attributes:obstruction"", ""environment:rural"", ""environment:station"", ""light:auto_bright_dark"", ""light:natural"", ""light:uniform"", ""time_of_day:day"", ""track_layout:straight"", ""weather:cloudy"", ""weather:rainy""]"
nlb_fall_002670,2670,10,train,usable,,images/nlb_fall_002670.png,annotations/nlb_fall_002670.json,masks/nlb_fall_002670.png,all_tracks,images/train/nlb_fall_002670.png,labels/train/nlb_fall_002670.txt,1,3,0,6,100433.0,"[""environment:rural"", ""environment:station"", ""light:auto_bright_dark"", ""light:natural"", ""light:uniform"", ""time_of_day:day"", ""track_layout:straight"", ""weather:cloudy"", ""weather:rainy""]"
nlb_fall_002671,2671,10,train,usable,,images/nlb_fall_002671.png,annotations/nlb_fall_002671.json,masks/nlb_fall_002671.png,all_tracks,images/train/nlb_fall_002671.png,labels/train/nlb_fall_002671.txt,1,3,0,6,101192.5,"[""additional_attributes:obstruction"", ""environment:rural"", ""light:auto_bright_dark"", ""light:natural"", ""light:uniform"", ""time_of_day:day"", ""track_layout:curve"", ""track_layout:straight"", ""weather:cloudy"", ""weather:rainy""]"
nlb_fall_002672,2672,10,train,usable,,images/nlb_fall_002672.png,annotations/nlb_fall_002672.json,masks/nlb_fall_002672.png,all_tracks,images/train/nlb_fall_002672.png,labels/train/nlb_fall_002672.txt,1,3,1,6,101392.5,"[""additional_attributes:obstruction"", ""environment:rural"", ""light:auto_bright_dark"", ""light:natural"", ""light:uniform"", ""time_of_day:day"", ""track_layout:curve"", ""track_layout:straight"", ""weather:cloudy"", ""weather:rainy""]"
nlb_fall_002687,2687,10,train,usable,,images/nlb_fall_002687.png,annotations/nlb_fall_002687.json,masks/nlb_fall_002687.png,all_tracks,images/train/nlb_fall_002687.png,labels/train/nlb_fall_002687.txt,1,3,1,8,100769.0,"[""additional_attributes:obstruction"", ""environment:rural"", ""light:auto_bright_dark"", ""light:natural"", ""light:uniform"", ""time_of_day:day"", ""track_layout:curve"", ""track_layout:straight"", ""weather:cloudy"", ""weather:rainy""]"
nlb_fall_002688,2688,10,train,usable,,images/nlb_fall_002688.png,annotations/nlb_fall_002688.json,masks/nlb_fall_002688.png,all_tracks,images/train/nlb_fall_002688.png,labels/train/nlb_fall_002688.txt,1,3,1,6,99798.5,"[""additional_attributes:obstruction"", ""environment:rural"", ""light:auto_bright_dark"", ""light:natural"", ""light:uniform"", ""time_of_day:day"", ""track_layout:curve"", ""track_layout:straight"", ""weather:cloudy"", ""weather:rainy""]"
nlb_fall_002689,2689,10,train,usable,,images/nlb_fall_002689.png,annotations/nlb_fall_002689.json,masks/nlb_fall_002689.png,all_tracks,images/train/nlb_fall_002689.png,labels/train/nlb_fall_002689.txt,1,3,1,7,98813.0,"[""additional_attributes:obstruction"", ""environment:rural"", ""light:auto_bright_dark"", ""light:natural"", ""light:uniform"", ""time_of_day:day"", ""track_layout:curve"", ""track_layout:straight"", ""weather:cloudy"", ""weather:rainy""]"
nlb_fall_002690,2690,10,train,usable,,images/nlb_fall_002690.png,annotations/nlb_fall_002690.json,masks/nlb_fall_002690.png,all_tracks,images/train/nlb_fall_002690.png,labels/train/nlb_fall_002690.txt,1,2,0,5,98918.5,"[""additional_attributes:obstruction"", ""environment:rural"", ""light:auto_bright_dark"", ""light:natural"", ""light:uniform"", ""time_of_day:day"", ""track_layout:straight"", ""weather:cloudy"", ""weather:rainy""]"
nlb_fall_002691,2691,10,train,usable,,images/nlb_fall_002691.png,annotations/nlb_fall_002691.json,masks/nlb_fall_002691.png,all_tracks,images/train/nlb_fall_002691.png,labels/train/nlb_fall_002691.txt,1,2,0,6,100062.0,"[""additional_attributes:obstruction"", ""environment:rural"", ""light:auto_bright_dark"", ""light:natural"", ""light:uniform"", ""time_of_day:day"", ""track_layout:straight"", ""weather:cloudy"", ""weather:rainy""]"
nlb_fall_002692,2692,10,train,usable,,images/nlb_fall_002692.png,annotations/nlb_fall_002692.json,masks/nlb_fall_002692.png,all_tracks,images/train/nlb_fall_002692.png,labels/train/nlb_fall_002692.txt,1,2,0,5,100293.5,"[""additional_attributes:obstruction"", ""environment:rural"", ""light:auto_bright_dark"", ""light:natural"", ""light:uniform"", ""time_of_day:day"", ""track_layout:straight"", ""weather:cloudy"", ""weather:rainy""]"
nlb_fall_002693,2693,10,train,usable,,images/nlb_fall_002693.png,annotations/nlb_fall_002693.json,masks/nlb_fall_002693.png,all_tracks,images/train/nlb_fall_002693.png,labels/train/nlb_fall_002693.txt,1,2,0,6,99772.0,"[""additional_attributes:obstruction"", ""environment:rural"", ""light:auto_bright_dark"", ""light:natural"", ""light:uniform"", ""time_of_day:day"", ""track_layout:straight"", ""weather:cloudy"", ""weather:rainy""]"
nlb_fall_002694,2694,10,train,usable,,images/nlb_fall_002694.png,annotations/nlb_fall_002694.json,masks/nlb_fall_002694.png,all_tracks,images/train/nlb_fall_002694.png,labels/train/nlb_fall_002694.txt,1,2,0,6,98435.5,"[""additional_attributes:obstruction"", ""environment:rural"", ""light:auto_bright_dark"", ""light:natural"", ""light:uniform"", ""time_of_day:day"", ""track_layout:straight"", ""weather:cloudy"", ""weather:rainy""]"
nlb_fall_002695,2695,10,train,usable,,images/nlb_fall_002695.png,annotations/nlb_fall_002695.json,masks/nlb_fall_002695.png,all_tracks,images/train/nlb_fall_002695.png,labels/train/nlb_fall_002695.txt,1,2,0,8,97442.0,"[""additional_attributes:obstruction"", ""environment:rural"", ""light:auto_bright_dark"", ""light:natural"", ""light:uniform"", ""time_of_day:day"", ""track_layout:curve"", ""track_layout:straight"", ""weather:cloudy"", ""weather:rainy""]"
nlb_fall_002696,2696,10,train,usable,,images/nlb_fall_002696.png,annotations/nlb_fall_002696.json,masks/nlb_fall_002696.png,all_tracks,images/train/nlb_fall_002696.png,labels/train/nlb_fall_002696.txt,1,2,1,16,99219.5,"[""additional_attributes:obstruction"", ""environment:rural"", ""light:auto_bright_dark"", ""light:natural"", ""light:uniform"", ""time_of_day:day"", ""track_layout:curve"", ""weather:cloudy"", ""weather:rainy""]"
nlb_fall_002953,2953,11,train,usable,,images/nlb_fall_002953.png,annotations/nlb_fall_002953.json,masks/nlb_fall_002953.png,all_tracks,images/train/nlb_fall_002953.png,labels/train/nlb_fall_002953.txt,1,2,1,9,99669.5,"[""environment:rural"", ""light:auto_bright_dark"", ""light:natural"", ""light:uniform"", ""time_of_day:day"", ""track_layout:curve"", ""track_layout:straight"", ""weather:cloudy""]"
nlb_fall_002954,2954,11,train,usable,,images/nlb_fall_002954.png,annotations/nlb_fall_002954.json,masks/nlb_fall_002954.png,all_tracks,images/train/nlb_fall_002954.png,labels/train/nlb_fall_002954.txt,1,2,1,17,101160.0,"[""environment:rural"", ""light:auto_bright_dark"", ""light:natural"", ""light:uniform"", ""time_of_day:day"", ""track_layout:curve"", ""weather:cloudy""]"
nlb_fall_002955,2955,11,train,usable,,images/nlb_fall_002955.png,annotations/nlb_fall_002955.json,masks/nlb_fall_002955.png,all_tracks,images/train/nlb_fall_002955.png,labels/train/nlb_fall_002955.txt,1,2,0,13,104388.0,"[""environment:rural"", ""light:auto_bright_dark"", ""light:natural"", ""light:uniform"", ""time_of_day:day"", ""track_layout:curve"", ""weather:cloudy""]"
nlb_fall_002956,2956,11,train,usable,,images/nlb_fall_002956.png,annotations/nlb_fall_002956.json,masks/nlb_fall_002956.png,all_tracks,images/train/nlb_fall_002956.png,labels/train/nlb_fall_002956.txt,1,2,0,32,104074.0,"[""additional_attributes:obstruction"", ""environment:rural"", ""light:auto_bright_dark"", ""light:natural"", ""light:uniform"", ""time_of_day:day"", ""track_layout:curve"", ""weather:cloudy"", ""weather:rainy""]"
nlb_fall_002957,2957,11,train,usable,,images/nlb_fall_002957.png,annotations/nlb_fall_002957.json,masks/nlb_fall_002957.png,all_tracks,images/train/nlb_fall_002957.png,labels/train/nlb_fall_002957.txt,1,2,0,21,102579.0,"[""additional_attributes:obstruction"", ""environment:rural"", ""light:auto_bright_dark"", ""light:natural"", ""light:uniform"", ""time_of_day:day"", ""track_layout:curve"", ""weather:cloudy"", ""weather:rainy""]"
nlb_fall_002958,2958,11,train,usable,,images/nlb_fall_002958.png,annotations/nlb_fall_002958.json,masks/nlb_fall_002958.png,all_tracks,images/train/nlb_fall_002958.png,labels/train/nlb_fall_002958.txt,1,2,1,5,99117.0,"[""additional_attributes:obstruction"", ""environment:rural"", ""light:auto_bright_dark"", ""light:natural"", ""light:uniform"", ""time_of_day:day"", ""track_layout:straight"", ""weather:cloudy"", ""weather:rainy""]"
nlb_fall_002959,2959,11,train,usable,,images/nlb_fall_002959.png,annotations/nlb_fall_002959.json,masks/nlb_fall_002959.png,all_tracks,images/train/nlb_fall_002959.png,labels/train/nlb_fall_002959.txt,1,3,1,5,100327.0,"[""additional_attributes:obstruction"", ""environment:rural"", ""light:auto_bright_dark"", ""light:natural"", ""light:uniform"", ""time_of_day:day"", ""track_layout:curve"", ""track_layout:straight"", ""weather:cloudy"", ""weather:rainy""]"
nlb_fall_002960,2960,11,train,usable,,images/nlb_fall_002960.png,annotations/nlb_fall_002960.json,masks/nlb_fall_002960.png,all_tracks,images/train/nlb_fall_002960.png,labels/train/nlb_fall_002960.txt,1,3,1,6,101267.0,"[""additional_attributes:obstruction"", ""environment:rural"", ""environment:station"", ""light:auto_bright_dark"", ""light:natural"", ""light:uniform"", ""time_of_day:day"", ""track_layout:curve"", ""track_layout:straight"", ""weather:cloudy"", ""weather:rainy""]"
nlb_fall_002961,2961,11,train,usable,,images/nlb_fall_002961.png,annotations/nlb_fall_002961.json,masks/nlb_fall_002961.png,all_tracks,images/train/nlb_fall_002961.png,labels/train/nlb_fall_002961.txt,1,3,0,6,100244.5,"[""environment:rural"", ""environment:station"", ""light:auto_bright_dark"", ""light:natural"", ""light:uniform"", ""time_of_day:day"", ""track_layout:curve"", ""track_layout:straight"", ""weather:cloudy""]"
nlb_fall_002962,2962,11,train,usable,,images/nlb_fall_002962.png,annotations/nlb_fall_002962.json,masks/nlb_fall_002962.png,all_tracks,images/train/nlb_fall_002962.png,labels/train/nlb_fall_002962.txt,1,3,1,11,101067.0,"[""environment:rural"", ""environment:station"", ""light:auto_bright_dark"", ""light:natural"", ""light:uniform"", ""time_of_day:day"", ""track_layout:curve"", ""track_layout:straight"", ""weather:cloudy""]"
nlb_fall_002963,2963,11,train,usable,,images/nlb_fall_002963.png,annotations/nlb_fall_002963.json,masks/nlb_fall_002963.png,all_tracks,images/train/nlb_fall_002963.png,labels/train/nlb_fall_002963.txt,1,3,1,15,101042.0,"[""environment:rural"", ""environment:station"", ""light:auto_bright_dark"", ""light:natural"", ""light:uniform"", ""time_of_day:day"", ""track_layout:curve"", ""track_layout:straight"", ""weather:cloudy""]"
nlb_fall_002964,2964,11,train,usable,,images/nlb_fall_002964.png,annotations/nlb_fall_002964.json,masks/nlb_fall_002964.png,all_tracks,images/train/nlb_fall_002964.png,labels/train/nlb_fall_002964.txt,1,3,1,13,100805.5,"[""environment:rural"", ""environment:station"", ""light:auto_bright_dark"", ""light:natural"", ""light:uniform"", ""time_of_day:day"", ""track_layout:curve"", ""track_layout:straight"", ""weather:cloudy""]"
nlb_fall_002965,2965,11,train,usable,,images/nlb_fall_002965.png,annotations/nlb_fall_002965.json,masks/nlb_fall_002965.png,all_tracks,images/train/nlb_fall_002965.png,labels/train/nlb_fall_002965.txt,1,2,1,17,101157.0,"[""environment:rural"", ""light:auto_bright_dark"", ""light:natural"", ""light:uniform"", ""time_of_day:day"", ""track_layout:curve"", ""weather:cloudy""]"
nlb_fall_002966,2966,11,train,usable,,images/nlb_fall_002966.png,annotations/nlb_fall_002966.json,masks/nlb_fall_002966.png,all_tracks,images/train/nlb_fall_002966.png,labels/train/nlb_fall_002966.txt,1,2,1,19,101407.0,"[""environment:rural"", ""light:auto_bright_dark"", ""light:natural"", ""light:uniform"", ""time_of_day:day"", ""track_layout:curve"", ""weather:cloudy""]"
nlb_fall_002983,2983,11,train,usable,,images/nlb_fall_002983.png,annotations/nlb_fall_002983.json,masks/nlb_fall_002983.png,all_tracks,images/train/nlb_fall_002983.png,labels/train/nlb_fall_002983.txt,1,2,1,17,100001.5,"[""additional_attributes:obstruction"", ""environment:rural"", ""light:auto_bright_dark"", ""light:natural"", ""light:uniform"", ""time_of_day:day"", ""track_layout:curve"", ""weather:cloudy"", ""weather:rainy""]"
nlb_fall_002984,2984,11,train,usable,,images/nlb_fall_002984.png,annotations/nlb_fall_002984.json,masks/nlb_fall_002984.png,all_tracks,images/train/nlb_fall_002984.png,labels/train/nlb_fall_002984.txt,1,2,1,16,99477.5,"[""additional_attributes:obstruction"", ""environment:rural"", ""light:auto_bright_dark"", ""light:natural"", ""light:uniform"", ""time_of_day:day"", ""track_layout:curve"", ""weather:cloudy"", ""weather:rainy""]"
nlb_fall_002985,2985,11,train,usable,,images/nlb_fall_002985.png,annotations/nlb_fall_002985.json,masks/nlb_fall_002985.png,all_tracks,images/train/nlb_fall_002985.png,labels/train/nlb_fall_002985.txt,1,2,1,17,100705.0,"[""additional_attributes:obstruction"", ""environment:rural"", ""light:auto_bright_dark"", ""light:natural"", ""light:uniform"", ""time_of_day:day"", ""track_layout:curve"", ""weather:cloudy"", ""weather:rainy""]"
nlb_fall_002986,2986,11,train,usable,,images/nlb_fall_002986.png,annotations/nlb_fall_002986.json,masks/nlb_fall_002986.png,all_tracks,images/train/nlb_fall_002986.png,labels/train/nlb_fall_002986.txt,1,2,1,19,100123.5,"[""additional_attributes:obstruction"", ""environment:rural"", ""light:auto_bright_dark"", ""light:natural"", ""light:uniform"", ""time_of_day:day"", ""track_layout:curve"", ""weather:cloudy"", ""weather:rainy""]"
nlb_fall_003118,3118,12,train,usable,,images/nlb_fall_003118.png,annotations/nlb_fall_003118.json,masks/nlb_fall_003118.png,all_tracks,images/train/nlb_fall_003118.png,labels/train/nlb_fall_003118.txt,1,1,0,15,100282.0,"[""environment:rural"", ""light:auto_bright_dark"", ""light:hard shadows"", ""light:natural"", ""time_of_day:day"", ""track_layout:curve"", ""track_layout:orthogonal structures"", ""track_layout:parallel structures"", ""weather:cloudy""]"
nlb_fall_003119,3119,12,train,usable,,images/nlb_fall_003119.png,annotations/nlb_fall_003119.json,masks/nlb_fall_003119.png,all_tracks,images/train/nlb_fall_003119.png,labels/train/nlb_fall_003119.txt,1,1,0,8,102277.5,"[""environment:rural"", ""light:auto_bright_dark"", ""light:natural"", ""light:uniform"", ""time_of_day:day"", ""track_layout:parallel structures"", ""track_layout:straight"", ""weather:cloudy""]"
nlb_fall_003127,3127,12,train,usable,,images/nlb_fall_003127.png,annotations/nlb_fall_003127.json,masks/nlb_fall_003127.png,all_tracks,images/train/nlb_fall_003127.png,labels/train/nlb_fall_003127.txt,1,1,0,27,103298.5,"[""environment:rural"", ""light:auto_bright_dark"", ""light:natural"", ""time_of_day:day"", ""track_layout:curve"", ""track_layout:orthogonal structures"", ""weather:cloudy"", ""weather:rainy""]"
nlb_fall_003142,3142,12,train,usable,,images/nlb_fall_003142.png,annotations/nlb_fall_003142.json,masks/nlb_fall_003142.png,all_tracks,images/train/nlb_fall_003142.png,labels/train/nlb_fall_003142.txt,1,1,0,6,99530.5,"[""environment:rural"", ""light:auto_bright_dark"", ""light:natural"", ""light:uniform"", ""time_of_day:day"", ""track_layout:orthogonal structures"", ""track_layout:straight"", ""weather:cloudy"", ""weather:rainy""]"
nlb_fall_003145,3145,12,train,usable,,images/nlb_fall_003145.png,annotations/nlb_fall_003145.json,masks/nlb_fall_003145.png,all_tracks,images/train/nlb_fall_003145.png,labels/train/nlb_fall_003145.txt,1,1,0,23,103980.0,"[""additional_attributes:obstruction"", ""environment:rural"", ""light:auto_bright_dark"", ""light:natural"", ""light:uniform"", ""time_of_day:day"", ""track_layout:curve"", ""track_layout:orthogonal structures"", ""weather:cloudy"", ""weather:rainy""]"
nlb_fall_003176,3176,12,train,usable,,images/nlb_fall_003176.png,annotations/nlb_fall_003176.json,masks/nlb_fall_003176.png,all_tracks,images/train/nlb_fall_003176.png,labels/train/nlb_fall_003176.txt,1,1,0,20,101523.0,"[""additional_attributes:obstruction"", ""environment:rural"", ""light:auto_bright_dark"", ""light:natural"", ""light:uniform"", ""time_of_day:day"", ""track_layout:curve"", ""track_layout:orthogonal structures"", ""weather:cloudy"", ""weather:rainy""]"
nlb_fall_003177,3177,12,train,usable,,images/nlb_fall_003177.png,annotations/nlb_fall_003177.json,masks/nlb_fall_003177.png,all_tracks,images/train/nlb_fall_003177.png,labels/train/nlb_fall_003177.txt,1,1,0,21,101251.0,"[""additional_attributes:obstruction"", ""environment:rural"", ""light:auto_bright_dark"", ""light:natural"", ""light:uniform"", ""time_of_day:day"", ""track_layout:curve"", ""track_layout:orthogonal structures"", ""weather:cloudy"", ""weather:rainy""]"
nlb_fall_003201,3201,12,train,usable,,images/nlb_fall_003201.png,annotations/nlb_fall_003201.json,masks/nlb_fall_003201.png,all_tracks,images/train/nlb_fall_003201.png,labels/train/nlb_fall_003201.txt,1,1,0,18,103914.5,"[""additional_attributes:obstruction"", ""environment:rural"", ""light:auto_bright_dark"", ""light:natural"", ""light:uniform"", ""time_of_day:day"", ""track_layout:curve"", ""track_layout:orthogonal structures"", ""weather:cloudy"", ""weather:rainy""]"
nlb_fall_003224,3224,12,train,usable,,images/nlb_fall_003224.png,annotations/nlb_fall_003224.json,masks/nlb_fall_003224.png,all_tracks,images/train/nlb_fall_003224.png,labels/train/nlb_fall_003224.txt,1,2,1,14,100032.5,"[""environment:rural"", ""environment:station"", ""light:auto_bright_dark"", ""light:natural"", ""light:uniform"", ""time_of_day:day"", ""track_layout:curve"", ""track_layout:straight"", ""weather:cloudy"", ""weather:rainy""]"
nlb_fall_003225,3225,12,train,usable,,images/nlb_fall_003225.png,annotations/nlb_fall_003225.json,masks/nlb_fall_003225.png,all_tracks,images/train/nlb_fall_003225.png,labels/train/nlb_fall_003225.txt,1,3,0,8,101361.5,"[""environment:rural"", ""environment:station"", ""light:auto_bright_dark"", ""light:natural"", ""light:uniform"", ""time_of_day:day"", ""track_layout:curve"", ""track_layout:orthogonal structures"", ""track_layout:straight"", ""weather:cloudy"", ""weather:rainy""]"
nlb_fall_003226,3226,12,train,usable,,images/nlb_fall_003226.png,annotations/nlb_fall_003226.json,masks/nlb_fall_003226.png,all_tracks,images/train/nlb_fall_003226.png,labels/train/nlb_fall_003226.txt,1,3,0,8,100168.0,"[""additional_attributes:obstruction"", ""environment:rural"", ""environment:station"", ""light:auto_bright_dark"", ""light:natural"", ""light:uniform"", ""time_of_day:day"", ""track_layout:straight"", ""weather:cloudy"", ""weather:rainy""]"
nlb_fall_003227,3227,12,train,usable,,images/nlb_fall_003227.png,annotations/nlb_fall_003227.json,masks/nlb_fall_003227.png,all_tracks,images/train/nlb_fall_003227.png,labels/train/nlb_fall_003227.txt,1,3,0,7,99202.0,"[""additional_attributes:obstruction"", ""environment:rural"", ""environment:station"", ""light:auto_bright_dark"", ""light:natural"", ""light:uniform"", ""time_of_day:day"", ""track_layout:curve"", ""track_layout:straight"", ""weather:cloudy"", ""weather:rainy""]"
nlb_fall_003228,3228,12,train,usable,,images/nlb_fall_003228.png,annotations/nlb_fall_003228.json,masks/nlb_fall_003228.png,all_tracks,images/train/nlb_fall_003228.png,labels/train/nlb_fall_003228.txt,1,4,1,7,99740.5,"[""environment:rural"", ""light:auto_bright_dark"", ""light:natural"", ""light:uniform"", ""time_of_day:day"", ""track_layout:curve"", ""track_layout:straight"", ""weather:cloudy"", ""weather:rainy""]"
nlb_fall_003229,3229,12,train,usable,,images/nlb_fall_003229.png,annotations/nlb_fall_003229.json,masks/nlb_fall_003229.png,all_tracks,images/train/nlb_fall_003229.png,labels/train/nlb_fall_003229.txt,1,3,0,7,98691.5,"[""additional_attributes:obstruction"", ""environment:rural"", ""light:auto_bright_dark"", ""light:natural"", ""light:uniform"", ""time_of_day:day"", ""track_layout:curve"", ""track_layout:straight"", ""weather:cloudy"", ""weather:rainy""]"
nlb_fall_003230,3230,12,train,usable,,images/nlb_fall_003230.png,annotations/nlb_fall_003230.json,masks/nlb_fall_003230.png,all_tracks,images/train/nlb_fall_003230.png,labels/train/nlb_fall_003230.txt,1,2,0,6,99233.0,"[""additional_attributes:obstruction"", ""environment:rural"", ""light:auto_bright_dark"", ""light:natural"", ""light:uniform"", ""time_of_day:day"", ""track_layout:straight"", ""weather:cloudy"", ""weather:rainy""]"
nlb_fall_003231,3231,12,train,usable,,images/nlb_fall_003231.png,annotations/nlb_fall_003231.json,masks/nlb_fall_003231.png,all_tracks,images/train/nlb_fall_003231.png,labels/train/nlb_fall_003231.txt,1,2,0,11,99383.5,"[""additional_attributes:obstruction"", ""environment:rural"", ""light:auto_bright_dark"", ""light:natural"", ""light:uniform"", ""time_of_day:day"", ""track_layout:curve"", ""track_layout:straight"", ""weather:cloudy"", ""weather:rainy""]"
nlb_fall_003232,3232,12,train,usable,,images/nlb_fall_003232.png,annotations/nlb_fall_003232.json,masks/nlb_fall_003232.png,all_tracks,images/train/nlb_fall_003232.png,labels/train/nlb_fall_003232.txt,1,2,0,17,100939.0,"[""additional_attributes:obstruction"", ""environment:rural"", ""light:auto_bright_dark"", ""light:natural"", ""light:uniform"", ""time_of_day:day"", ""track_layout:curve"", ""weather:cloudy"", ""weather:rainy""]"
nlb_fall_003233,3233,12,train,usable,,images/nlb_fall_003233.png,annotations/nlb_fall_003233.json,masks/nlb_fall_003233.png,all_tracks,images/train/nlb_fall_003233.png,labels/train/nlb_fall_003233.txt,1,2,1,17,100738.0,"[""environment:rural"", ""light:auto_bright_dark"", ""light:natural"", ""light:uniform"", ""time_of_day:day"", ""track_layout:curve"", ""weather:cloudy""]"
nlb_fall_003280,3280,13,train,usable,,images/nlb_fall_003280.png,annotations/nlb_fall_003280.json,masks/nlb_fall_003280.png,all_tracks,images/train/nlb_fall_003280.png,labels/train/nlb_fall_003280.txt,1,1,0,17,101659.0,"[""additional_attributes:obstruction"", ""environment:rural"", ""light:auto_bright_dark"", ""light:natural"", ""light:uniform"", ""time_of_day:day"", ""track_layout:curve"", ""track_layout:orthogonal structures"", ""weather:cloudy"", ""weather:rainy""]"
nlb_fall_003300,3300,13,train,usable,,images/nlb_fall_003300.png,annotations/nlb_fall_003300.json,masks/nlb_fall_003300.png,all_tracks,images/train/nlb_fall_003300.png,labels/train/nlb_fall_003300.txt,1,1,0,16,100117.5,"[""environment:rural"", ""light:auto_bright_dark"", ""light:natural"", ""light:uniform"", ""time_of_day:day"", ""track_layout:curve"", ""track_layout:orthogonal structures"", ""weather:cloudy"", ""weather:rainy""]"
nlb_fall_003301,3301,13,train,usable,,images/nlb_fall_003301.png,annotations/nlb_fall_003301.json,masks/nlb_fall_003301.png,all_tracks,images/train/nlb_fall_003301.png,labels/train/nlb_fall_003301.txt,1,2,1,27,103399.0,"[""environment:rural"", ""light:auto_bright_dark"", ""light:natural"", ""light:uniform"", ""time_of_day:day"", ""track_layout:curve"", ""weather:cloudy"", ""weather:rainy""]"
nlb_fall_003397,3397,13,train,usable,,images/nlb_fall_003397.png,annotations/nlb_fall_003397.json,masks/nlb_fall_003397.png,all_tracks,images/train/nlb_fall_003397.png,labels/train/nlb_fall_003397.txt,1,1,0,22,103822.5,"[""environment:rural"", ""light:auto_bright_dark"", ""light:natural"", ""light:uniform"", ""time_of_day:day"", ""track_layout:curve"", ""track_layout:orthogonal structures"", ""weather:cloudy""]"
nlb_fall_003424,3424,13,train,usable,,images/nlb_fall_003424.png,annotations/nlb_fall_003424.json,masks/nlb_fall_003424.png,all_tracks,images/train/nlb_fall_003424.png,labels/train/nlb_fall_003424.txt,1,1,0,18,102048.5,"[""environment:rural"", ""light:auto_bright_dark"", ""light:natural"", ""light:uniform"", ""time_of_day:day"", ""track_layout:curve"", ""track_layout:orthogonal structures"", ""weather:cloudy""]"
nlb_fall_003438,3438,13,train,usable,,images/nlb_fall_003438.png,annotations/nlb_fall_003438.json,masks/nlb_fall_003438.png,all_tracks,images/train/nlb_fall_003438.png,labels/train/nlb_fall_003438.txt,1,1,0,14,104063.5,"[""environment:rural"", ""light:auto_bright_dark"", ""light:natural"", ""light:uniform"", ""time_of_day:day"", ""track_layout:curve"", ""track_layout:parallel structures"", ""weather:cloudy""]"
nlb_fall_003451,3451,13,train,usable,,images/nlb_fall_003451.png,annotations/nlb_fall_003451.json,masks/nlb_fall_003451.png,all_tracks,images/train/nlb_fall_003451.png,labels/train/nlb_fall_003451.txt,1,1,0,31,101410.0,"[""environment:rural"", ""light:auto_bright_dark"", ""light:natural"", ""light:uniform"", ""time_of_day:day"", ""track_layout:curve"", ""track_layout:orthogonal structures"", ""weather:cloudy""]"
nlb_fall_003469,3469,13,train,usable,,images/nlb_fall_003469.png,annotations/nlb_fall_003469.json,masks/nlb_fall_003469.png,all_tracks,images/train/nlb_fall_003469.png,labels/train/nlb_fall_003469.txt,1,1,0,25,100822.0,"[""environment:rural"", ""light:auto_bright_dark"", ""light:natural"", ""light:uniform"", ""time_of_day:day"", ""track_layout:curve"", ""track_layout:orthogonal structures"", ""weather:cloudy""]"
nlb_fall_003470,3470,13,train,usable,,images/nlb_fall_003470.png,annotations/nlb_fall_003470.json,masks/nlb_fall_003470.png,all_tracks,images/train/nlb_fall_003470.png,labels/train/nlb_fall_003470.txt,1,1,0,19,100085.0,"[""environment:rural"", ""light:auto_bright_dark"", ""light:natural"", ""light:uniform"", ""time_of_day:day"", ""track_layout:curve"", ""track_layout:orthogonal structures"", ""weather:cloudy""]"
nlb_fall_003488,3488,13,train,usable,,images/nlb_fall_003488.png,annotations/nlb_fall_003488.json,masks/nlb_fall_003488.png,all_tracks,images/train/nlb_fall_003488.png,labels/train/nlb_fall_003488.txt,1,2,1,15,100055.5,"[""environment:rural"", ""light:auto_bright_dark"", ""light:natural"", ""light:uniform"", ""time_of_day:day"", ""track_layout:curve"", ""track_layout:straight"", ""weather:cloudy""]"
nlb_fall_003489,3489,13,train,usable,,images/nlb_fall_003489.png,annotations/nlb_fall_003489.json,masks/nlb_fall_003489.png,all_tracks,images/train/nlb_fall_003489.png,labels/train/nlb_fall_003489.txt,1,2,1,8,101152.5,"[""environment:rural"", ""light:auto_bright_dark"", ""light:natural"", ""light:uniform"", ""time_of_day:day"", ""track_layout:curve"", ""track_layout:straight"", ""weather:cloudy""]"
nlb_fall_003490,3490,13,train,usable,,images/nlb_fall_003490.png,annotations/nlb_fall_003490.json,masks/nlb_fall_003490.png,all_tracks,images/train/nlb_fall_003490.png,labels/train/nlb_fall_003490.txt,1,2,1,7,102855.5,"[""environment:rural"", ""environment:station"", ""light:auto_bright_dark"", ""light:natural"", ""light:uniform"", ""time_of_day:day"", ""track_layout:curve"", ""track_layout:straight"", ""weather:cloudy""]"
nlb_fall_003491,3491,13,train,usable,,images/nlb_fall_003491.png,annotations/nlb_fall_003491.json,masks/nlb_fall_003491.png,all_tracks,images/train/nlb_fall_003491.png,labels/train/nlb_fall_003491.txt,1,2,0,6,101064.0,"[""environment:rural"", ""environment:station"", ""light:auto_bright_dark"", ""light:natural"", ""light:uniform"", ""time_of_day:day"", ""track_layout:orthogonal structures"", ""track_layout:straight"", ""weather:cloudy""]"
nlb_fall_003492,3492,13,train,usable,,images/nlb_fall_003492.png,annotations/nlb_fall_003492.json,masks/nlb_fall_003492.png,all_tracks,images/train/nlb_fall_003492.png,labels/train/nlb_fall_003492.txt,1,2,0,14,100419.0,"[""environment:rural"", ""environment:station"", ""light:auto_bright_dark"", ""light:natural"", ""light:uniform"", ""time_of_day:day"", ""track_layout:curve"", ""track_layout:straight"", ""weather:cloudy""]"
nlb_fall_003493,3493,,,excluded,self_intersecting_polygon,images/nlb_fall_003493.png,annotations/nlb_fall_003493.json,masks/nlb_fall_003493.png,all_tracks,,,1,2,0,0,0,"[""environment:rural"", ""light:auto_bright_dark"", ""light:natural"", ""light:uniform"", ""time_of_day:day"", ""track_layout:curve"", ""track_layout:straight"", ""weather:cloudy""]"
nlb_fall_003494,3494,13,train,usable,,images/nlb_fall_003494.png,annotations/nlb_fall_003494.json,masks/nlb_fall_003494.png,all_tracks,images/train/nlb_fall_003494.png,labels/train/nlb_fall_003494.txt,1,2,0,14,100123.5,"[""environment:rural"", ""light:auto_bright_dark"", ""light:natural"", ""light:uniform"", ""time_of_day:day"", ""track_layout:curve"", ""weather:cloudy""]"
nlb_fall_003495,3495,13,train,usable,,images/nlb_fall_003495.png,annotations/nlb_fall_003495.json,masks/nlb_fall_003495.png,all_tracks,images/train/nlb_fall_003495.png,labels/train/nlb_fall_003495.txt,1,2,0,20,101184.0,"[""environment:rural"", ""light:auto_bright_dark"", ""light:natural"", ""light:uniform"", ""time_of_day:day"", ""track_layout:curve"", ""weather:cloudy""]"
nlb_fall_003496,3496,13,train,usable,,images/nlb_fall_003496.png,annotations/nlb_fall_003496.json,masks/nlb_fall_003496.png,all_tracks,images/train/nlb_fall_003496.png,labels/train/nlb_fall_003496.txt,1,2,0,19,100920.0,"[""environment:rural"", ""light:auto_bright_dark"", ""light:natural"", ""light:uniform"", ""time_of_day:day"", ""track_layout:curve"", ""weather:cloudy""]"
nlb_fall_003497,3497,13,train,usable,,images/nlb_fall_003497.png,annotations/nlb_fall_003497.json,masks/nlb_fall_003497.png,all_tracks,images/train/nlb_fall_003497.png,labels/train/nlb_fall_003497.txt,1,2,1,12,99592.5,"[""environment:rural"", ""light:auto_bright_dark"", ""light:natural"", ""light:uniform"", ""time_of_day:day"", ""track_layout:curve"", ""weather:cloudy""]"
nlb_fall_003523,3523,14,train,usable,,images/nlb_fall_003523.png,annotations/nlb_fall_003523.json,masks/nlb_fall_003523.png,all_tracks,images/train/nlb_fall_003523.png,labels/train/nlb_fall_003523.txt,1,1,0,16,101867.0,"[""environment:rural"", ""light:auto_bright_dark"", ""light:natural"", ""light:uniform"", ""time_of_day:day"", ""track_layout:curve"", ""track_layout:orthogonal structures"", ""track_layout:straight"", ""weather:cloudy""]"
nlb_fall_003584,3584,,,excluded,self_intersecting_polygon,images/nlb_fall_003584.png,annotations/nlb_fall_003584.json,masks/nlb_fall_003584.png,all_tracks,,,1,1,0,0,0,"[""environment:rural"", ""light:auto_bright_dark"", ""light:natural"", ""light:uniform"", ""time_of_day:day"", ""track_layout:curve"", ""track_layout:orthogonal structures"", ""weather:cloudy"", ""weather:rainy""]"
nlb_fall_003593,3593,14,train,usable,,images/nlb_fall_003593.png,annotations/nlb_fall_003593.json,masks/nlb_fall_003593.png,all_tracks,images/train/nlb_fall_003593.png,labels/train/nlb_fall_003593.txt,1,1,0,26,102705.0,"[""environment:rural"", ""light:auto_bright_dark"", ""light:natural"", ""light:uniform"", ""time_of_day:day"", ""track_layout:curve"", ""track_layout:orthogonal structures"", ""weather:cloudy"", ""weather:rainy""]"
nlb_fall_003601,3601,14,train,usable,,images/nlb_fall_003601.png,annotations/nlb_fall_003601.json,masks/nlb_fall_003601.png,all_tracks,images/train/nlb_fall_003601.png,labels/train/nlb_fall_003601.txt,1,4,2,23,102301.0,"[""environment:rural"", ""environment:station"", ""light:auto_bright_dark"", ""light:natural"", ""light:uniform"", ""time_of_day:day"", ""track_layout:curve"", ""weather:cloudy""]"
nlb_fall_003602,3602,14,train,usable,,images/nlb_fall_003602.png,annotations/nlb_fall_003602.json,masks/nlb_fall_003602.png,all_tracks,images/train/nlb_fall_003602.png,labels/train/nlb_fall_003602.txt,1,4,2,9,100352.5,"[""environment:rural"", ""environment:station"", ""light:auto_bright_dark"", ""light:natural"", ""light:uniform"", ""time_of_day:day"", ""track_layout:curve"", ""track_layout:straight"", ""weather:cloudy""]"
nlb_fall_003603,3603,14,train,usable,,images/nlb_fall_003603.png,annotations/nlb_fall_003603.json,masks/nlb_fall_003603.png,all_tracks,images/train/nlb_fall_003603.png,labels/train/nlb_fall_003603.txt,1,2,0,7,100988.5,"[""environment:rural"", ""environment:station"", ""light:auto_bright_dark"", ""light:natural"", ""light:uniform"", ""time_of_day:day"", ""track_layout:straight"", ""weather:cloudy""]"
nlb_fall_003604,3604,14,train,usable,,images/nlb_fall_003604.png,annotations/nlb_fall_003604.json,masks/nlb_fall_003604.png,all_tracks,images/train/nlb_fall_003604.png,labels/train/nlb_fall_003604.txt,1,2,0,6,99749.0,"[""environment:rural"", ""environment:station"", ""light:auto_bright_dark"", ""light:natural"", ""light:uniform"", ""time_of_day:day"", ""track_layout:straight"", ""weather:cloudy""]"
nlb_fall_003605,3605,14,train,usable,,images/nlb_fall_003605.png,annotations/nlb_fall_003605.json,masks/nlb_fall_003605.png,all_tracks,images/train/nlb_fall_003605.png,labels/train/nlb_fall_003605.txt,1,2,1,5,102004.0,"[""environment:rural"", ""environment:station"", ""light:auto_bright_dark"", ""light:natural"", ""light:uniform"", ""time_of_day:day"", ""track_layout:curve"", ""track_layout:straight"", ""weather:cloudy""]"
nlb_fall_003606,3606,14,train,usable,,images/nlb_fall_003606.png,annotations/nlb_fall_003606.json,masks/nlb_fall_003606.png,all_tracks,images/train/nlb_fall_003606.png,labels/train/nlb_fall_003606.txt,1,2,1,7,94104.0,"[""environment:rural"", ""environment:station"", ""light:auto_bright_dark"", ""light:natural"", ""light:uniform"", ""time_of_day:day"", ""track_layout:curve"", ""track_layout:straight"", ""weather:cloudy""]"
nlb_fall_003607,3607,14,train,usable,,images/nlb_fall_003607.png,annotations/nlb_fall_003607.json,masks/nlb_fall_003607.png,all_tracks,images/train/nlb_fall_003607.png,labels/train/nlb_fall_003607.txt,1,2,1,8,100349.5,"[""environment:rural"", ""environment:station"", ""light:auto_bright_dark"", ""light:natural"", ""light:uniform"", ""time_of_day:day"", ""track_layout:curve"", ""track_layout:straight"", ""weather:cloudy""]"
nlb_fall_003608,3608,14,train,usable,,images/nlb_fall_003608.png,annotations/nlb_fall_003608.json,masks/nlb_fall_003608.png,all_tracks,images/train/nlb_fall_003608.png,labels/train/nlb_fall_003608.txt,1,2,1,5,100842.0,"[""environment:rural"", ""light:auto_bright_dark"", ""light:natural"", ""light:uniform"", ""time_of_day:day"", ""track_layout:curve"", ""track_layout:straight"", ""weather:cloudy""]"
nlb_fall_003628,3628,14,train,usable,,images/nlb_fall_003628.png,annotations/nlb_fall_003628.json,masks/nlb_fall_003628.png,all_tracks,images/train/nlb_fall_003628.png,labels/train/nlb_fall_003628.txt,1,2,1,7,101032.0,"[""environment:rural"", ""light:auto_bright_dark"", ""light:natural"", ""light:uniform"", ""time_of_day:day"", ""track_layout:curve"", ""track_layout:straight"", ""weather:cloudy""]"
nlb_fall_003629,3629,14,train,usable,,images/nlb_fall_003629.png,annotations/nlb_fall_003629.json,masks/nlb_fall_003629.png,all_tracks,images/train/nlb_fall_003629.png,labels/train/nlb_fall_003629.txt,1,2,1,7,100773.5,"[""environment:rural"", ""light:auto_bright_dark"", ""light:natural"", ""light:uniform"", ""time_of_day:day"", ""track_layout:curve"", ""track_layout:straight"", ""weather:cloudy""]"
nlb_fall_003630,3630,14,train,usable,,images/nlb_fall_003630.png,annotations/nlb_fall_003630.json,masks/nlb_fall_003630.png,all_tracks,images/train/nlb_fall_003630.png,labels/train/nlb_fall_003630.txt,1,2,1,9,100241.0,"[""environment:rural"", ""light:auto_bright_dark"", ""light:natural"", ""light:uniform"", ""time_of_day:day"", ""track_layout:curve"", ""track_layout:straight"", ""weather:cloudy""]"
nlb_fall_003631,3631,14,train,usable,,images/nlb_fall_003631.png,annotations/nlb_fall_003631.json,masks/nlb_fall_003631.png,all_tracks,images/train/nlb_fall_003631.png,labels/train/nlb_fall_003631.txt,1,2,1,14,100798.5,"[""environment:rural"", ""light:auto_bright_dark"", ""light:natural"", ""light:uniform"", ""time_of_day:day"", ""track_layout:straight"", ""weather:cloudy""]"
nlb_fall_003632,3632,14,train,usable,,images/nlb_fall_003632.png,annotations/nlb_fall_003632.json,masks/nlb_fall_003632.png,all_tracks,images/train/nlb_fall_003632.png,labels/train/nlb_fall_003632.txt,1,2,1,15,102229.0,"[""environment:rural"", ""light:auto_bright_dark"", ""light:natural"", ""light:uniform"", ""time_of_day:day"", ""track_layout:straight"", ""weather:cloudy""]"
nlb_fall_003634,3634,14,train,usable,,images/nlb_fall_003634.png,annotations/nlb_fall_003634.json,masks/nlb_fall_003634.png,all_tracks,images/train/nlb_fall_003634.png,labels/train/nlb_fall_003634.txt,1,1,0,20,97570.0,"[""environment:rural"", ""environment:underground"", ""light:auto_bright_dark"", ""light:dark"", ""light:hard shadows"", ""light:natural"", ""time_of_day:day"", ""track_layout:curve"", ""track_layout:orthogonal structures"", ""weather:cloudy""]"
nlb_fall_003635,3635,14,train,usable,,images/nlb_fall_003635.png,annotations/nlb_fall_003635.json,masks/nlb_fall_003635.png,all_tracks,images/train/nlb_fall_003635.png,labels/train/nlb_fall_003635.txt,1,1,0,18,103447.5,"[""environment:rural"", ""light:auto_bright_dark"", ""light:natural"", ""light:uniform"", ""time_of_day:day"", ""track_layout:curve"", ""track_layout:orthogonal structures"", ""weather:cloudy""]"
nlb_fall_003654,3654,14,train,usable,,images/nlb_fall_003654.png,annotations/nlb_fall_003654.json,masks/nlb_fall_003654.png,all_tracks,images/train/nlb_fall_003654.png,labels/train/nlb_fall_003654.txt,1,1,0,15,102846.0,"[""environment:rural"", ""light:auto_bright_dark"", ""light:natural"", ""light:uniform"", ""time_of_day:day"", ""track_layout:curve"", ""track_layout:orthogonal structures"", ""weather:cloudy""]"
nlb_fall_003674,3674,14,train,usable,,images/nlb_fall_003674.png,annotations/nlb_fall_003674.json,masks/nlb_fall_003674.png,all_tracks,images/train/nlb_fall_003674.png,labels/train/nlb_fall_003674.txt,1,1,0,5,98995.5,"[""environment:rural"", ""light:auto_bright_dark"", ""light:natural"", ""light:uniform"", ""time_of_day:day"", ""track_layout:orthogonal structures"", ""track_layout:straight"", ""weather:cloudy""]"
nlb_fall_003685,3685,14,train,usable,,images/nlb_fall_003685.png,annotations/nlb_fall_003685.json,masks/nlb_fall_003685.png,all_tracks,images/train/nlb_fall_003685.png,labels/train/nlb_fall_003685.txt,1,1,0,15,100070.5,"[""environment:rural"", ""light:auto_bright_dark"", ""light:natural"", ""light:uniform"", ""time_of_day:day"", ""track_layout:curve"", ""track_layout:orthogonal structures"", ""weather:cloudy""]"
nlb_fall_003698,3698,14,train,usable,,images/nlb_fall_003698.png,annotations/nlb_fall_003698.json,masks/nlb_fall_003698.png,all_tracks,images/train/nlb_fall_003698.png,labels/train/nlb_fall_003698.txt,1,1,0,12,102321.0,"[""environment:rural"", ""light:auto_bright_dark"", ""light:natural"", ""light:uniform"", ""time_of_day:day"", ""track_layout:curve"", ""track_layout:parallel structures"", ""weather:cloudy""]"
nlb_fall_003699,3699,14,train,usable,,images/nlb_fall_003699.png,annotations/nlb_fall_003699.json,masks/nlb_fall_003699.png,all_tracks,images/train/nlb_fall_003699.png,labels/train/nlb_fall_003699.txt,1,1,0,12,103763.5,"[""environment:rural"", ""light:auto_bright_dark"", ""light:natural"", ""light:uniform"", ""time_of_day:day"", ""track_layout:curve"", ""track_layout:parallel structures"", ""weather:cloudy""]"
nlb_fall_003721,3721,14,train,usable,,images/nlb_fall_003721.png,annotations/nlb_fall_003721.json,masks/nlb_fall_003721.png,all_tracks,images/train/nlb_fall_003721.png,labels/train/nlb_fall_003721.txt,1,1,0,16,103982.5,"[""environment:rural"", ""light:auto_bright_dark"", ""light:natural"", ""light:uniform"", ""time_of_day:day"", ""track_layout:curve"", ""track_layout:orthogonal structures"", ""weather:cloudy"", ""weather:rainy""]"
nlb_fall_003729,3729,14,train,usable,,images/nlb_fall_003729.png,annotations/nlb_fall_003729.json,masks/nlb_fall_003729.png,all_tracks,images/train/nlb_fall_003729.png,labels/train/nlb_fall_003729.txt,1,1,0,7,100841.5,"[""environment:rural"", ""light:auto_bright_dark"", ""light:natural"", ""light:uniform"", ""time_of_day:day"", ""track_layout:orthogonal structures"", ""track_layout:straight"", ""weather:cloudy"", ""weather:rainy""]"
nlb_fall_003751,3751,15,train,usable,,images/nlb_fall_003751.png,annotations/nlb_fall_003751.json,masks/nlb_fall_003751.png,all_tracks,images/train/nlb_fall_003751.png,labels/train/nlb_fall_003751.txt,1,1,0,12,99298.0,"[""environment:rural"", ""light:auto_bright_dark"", ""light:natural"", ""light:uniform"", ""time_of_day:day"", ""track_layout:curve"", ""track_layout:orthogonal structures"", ""weather:cloudy""]"
nlb_fall_003752,3752,15,train,usable,,images/nlb_fall_003752.png,annotations/nlb_fall_003752.json,masks/nlb_fall_003752.png,all_tracks,images/train/nlb_fall_003752.png,labels/train/nlb_fall_003752.txt,1,1,0,18,100191.0,"[""environment:rural"", ""light:auto_bright_dark"", ""light:natural"", ""light:uniform"", ""time_of_day:day"", ""track_layout:curve"", ""track_layout:orthogonal structures"", ""weather:cloudy""]"
nlb_fall_003773,3773,15,train,usable,,images/nlb_fall_003773.png,annotations/nlb_fall_003773.json,masks/nlb_fall_003773.png,all_tracks,images/train/nlb_fall_003773.png,labels/train/nlb_fall_003773.txt,1,1,0,19,100077.0,"[""environment:rural"", ""light:auto_bright_dark"", ""light:natural"", ""light:uniform"", ""time_of_day:day"", ""track_layout:curve"", ""track_layout:orthogonal structures"", ""weather:cloudy""]"
nlb_fall_003806,3806,15,train,usable,,images/nlb_fall_003806.png,annotations/nlb_fall_003806.json,masks/nlb_fall_003806.png,all_tracks,images/train/nlb_fall_003806.png,labels/train/nlb_fall_003806.txt,1,1,0,12,99204.5,"[""environment:rural"", ""light:auto_bright_dark"", ""light:natural"", ""light:uniform"", ""time_of_day:day"", ""track_layout:curve"", ""track_layout:parallel structures"", ""track_layout:straight"", ""weather:cloudy""]"
nlb_fall_003807,3807,15,train,usable,,images/nlb_fall_003807.png,annotations/nlb_fall_003807.json,masks/nlb_fall_003807.png,all_tracks,images/train/nlb_fall_003807.png,labels/train/nlb_fall_003807.txt,1,1,0,14,99379.5,"[""environment:rural"", ""light:auto_bright_dark"", ""light:natural"", ""light:uniform"", ""time_of_day:day"", ""track_layout:curve"", ""track_layout:parallel structures"", ""track_layout:straight"", ""weather:cloudy""]"
nlb_fall_003810,3810,15,train,usable,,images/nlb_fall_003810.png,annotations/nlb_fall_003810.json,masks/nlb_fall_003810.png,all_tracks,images/train/nlb_fall_003810.png,labels/train/nlb_fall_003810.txt,1,2,1,16,100560.0,"[""environment:rural"", ""light:auto_bright_dark"", ""light:natural"", ""light:uniform"", ""time_of_day:day"", ""track_layout:curve"", ""weather:cloudy""]"
nlb_fall_003811,3811,15,train,usable,,images/nlb_fall_003811.png,annotations/nlb_fall_003811.json,masks/nlb_fall_003811.png,all_tracks,images/train/nlb_fall_003811.png,labels/train/nlb_fall_003811.txt,1,2,0,22,101439.0,"[""environment:rural"", ""light:auto_bright_dark"", ""light:natural"", ""light:uniform"", ""time_of_day:day"", ""track_layout:curve"", ""weather:cloudy""]"
nlb_fall_003812,3812,15,train,usable,,images/nlb_fall_003812.png,annotations/nlb_fall_003812.json,masks/nlb_fall_003812.png,all_tracks,images/train/nlb_fall_003812.png,labels/train/nlb_fall_003812.txt,1,2,0,22,102743.0,"[""environment:rural"", ""light:auto_bright_dark"", ""light:natural"", ""light:uniform"", ""time_of_day:day"", ""track_layout:curve"", ""weather:cloudy""]"
nlb_fall_003813,3813,15,train,usable,,images/nlb_fall_003813.png,annotations/nlb_fall_003813.json,masks/nlb_fall_003813.png,all_tracks,images/train/nlb_fall_003813.png,labels/train/nlb_fall_003813.txt,1,2,0,22,101913.0,"[""environment:rural"", ""light:auto_bright_dark"", ""light:natural"", ""light:uniform"", ""time_of_day:day"", ""track_layout:curve"", ""weather:cloudy""]"
nlb_fall_003814,3814,15,train,usable,,images/nlb_fall_003814.png,annotations/nlb_fall_003814.json,masks/nlb_fall_003814.png,all_tracks,images/train/nlb_fall_003814.png,labels/train/nlb_fall_003814.txt,1,2,0,17,98167.0,"[""environment:rural"", ""light:auto_bright_dark"", ""light:natural"", ""light:uniform"", ""time_of_day:day"", ""track_layout:curve"", ""track_layout:straight"", ""weather:cloudy""]"
nlb_fall_003815,3815,15,train,usable,,images/nlb_fall_003815.png,annotations/nlb_fall_003815.json,masks/nlb_fall_003815.png,all_tracks,images/train/nlb_fall_003815.png,labels/train/nlb_fall_003815.txt,1,2,0,7,101829.5,"[""environment:rural"", ""light:auto_bright_dark"", ""light:natural"", ""light:uniform"", ""time_of_day:day"", ""track_layout:straight"", ""weather:cloudy""]"
nlb_fall_003816,3816,15,train,usable,,images/nlb_fall_003816.png,annotations/nlb_fall_003816.json,masks/nlb_fall_003816.png,all_tracks,images/train/nlb_fall_003816.png,labels/train/nlb_fall_003816.txt,1,2,0,7,101342.5,"[""environment:rural"", ""environment:station"", ""light:auto_bright_dark"", ""light:natural"", ""light:uniform"", ""time_of_day:day"", ""track_layout:straight"", ""weather:cloudy""]"
nlb_fall_003817,3817,15,train,usable,,images/nlb_fall_003817.png,annotations/nlb_fall_003817.json,masks/nlb_fall_003817.png,all_tracks,images/train/nlb_fall_003817.png,labels/train/nlb_fall_003817.txt,1,2,1,9,100134.0,"[""environment:rural"", ""light:auto_bright_dark"", ""light:natural"", ""light:uniform"", ""time_of_day:day"", ""track_layout:curve"", ""track_layout:straight"", ""weather:cloudy""]"
nlb_fall_003818,3818,15,train,usable,,images/nlb_fall_003818.png,annotations/nlb_fall_003818.json,masks/nlb_fall_003818.png,all_tracks,images/train/nlb_fall_003818.png,labels/train/nlb_fall_003818.txt,1,2,1,19,100425.0,"[""environment:rural"", ""light:auto_bright_dark"", ""light:natural"", ""light:uniform"", ""time_of_day:day"", ""track_layout:curve"", ""track_layout:straight"", ""weather:cloudy""]"
nlb_fall_003858,3858,15,train,usable,,images/nlb_fall_003858.png,annotations/nlb_fall_003858.json,masks/nlb_fall_003858.png,all_tracks,images/train/nlb_fall_003858.png,labels/train/nlb_fall_003858.txt,1,1,0,23,101386.5,"[""additional_attributes:obstruction"", ""environment:rural"", ""light:auto_bright_dark"", ""light:natural"", ""light:uniform"", ""time_of_day:day"", ""track_layout:curve"", ""track_layout:orthogonal structures"", ""weather:cloudy"", ""weather:rainy""]"
nlb_fall_003862,3862,15,train,usable,,images/nlb_fall_003862.png,annotations/nlb_fall_003862.json,masks/nlb_fall_003862.png,all_tracks,images/train/nlb_fall_003862.png,labels/train/nlb_fall_003862.txt,1,1,0,11,102264.0,"[""additional_attributes:obstruction"", ""environment:rural"", ""light:auto_bright_dark"", ""light:natural"", ""light:uniform"", ""time_of_day:day"", ""track_layout:curve"", ""track_layout:parallel structures"", ""weather:cloudy"", ""weather:rainy""]"
nlb_fall_003863,3863,15,train,usable,,images/nlb_fall_003863.png,annotations/nlb_fall_003863.json,masks/nlb_fall_003863.png,all_tracks,images/train/nlb_fall_003863.png,labels/train/nlb_fall_003863.txt,1,1,0,18,101600.5,"[""additional_attributes:obstruction"", ""environment:rural"", ""light:auto_bright_dark"", ""light:natural"", ""light:uniform"", ""time_of_day:day"", ""track_layout:curve"", ""track_layout:parallel structures"", ""track_layout:straight"", ""weather:cloudy"", ""weather:rainy""]"
nlb_fall_003896,3896,15,train,usable,,images/nlb_fall_003896.png,annotations/nlb_fall_003896.json,masks/nlb_fall_003896.png,all_tracks,images/train/nlb_fall_003896.png,labels/train/nlb_fall_003896.txt,1,1,0,7,100316.5,"[""environment:rural"", ""light:auto_bright_dark"", ""light:natural"", ""light:uniform"", ""time_of_day:day"", ""track_layout:orthogonal structures"", ""track_layout:straight"", ""weather:cloudy"", ""weather:rainy""]"
nlb_fall_003913,3913,15,train,usable,,images/nlb_fall_003913.png,annotations/nlb_fall_003913.json,masks/nlb_fall_003913.png,all_tracks,images/train/nlb_fall_003913.png,labels/train/nlb_fall_003913.txt,1,1,0,14,100757.5,"[""environment:rural"", ""light:auto_bright_dark"", ""light:natural"", ""light:uniform"", ""time_of_day:day"", ""track_layout:curve"", ""track_layout:orthogonal structures"", ""weather:cloudy"", ""weather:rainy""]"
nlb_fall_003939,3939,15,train,usable,,images/nlb_fall_003939.png,annotations/nlb_fall_003939.json,masks/nlb_fall_003939.png,all_tracks,images/train/nlb_fall_003939.png,labels/train/nlb_fall_003939.txt,1,2,1,5,97470.0,"[""environment:rural"", ""environment:station"", ""light:auto_bright_dark"", ""light:natural"", ""light:uniform"", ""time_of_day:day"", ""track_layout:curve"", ""track_layout:parallel structures"", ""track_layout:straight"", ""weather:cloudy"", ""weather:rainy""]"
nlb_fall_003940,3940,15,train,usable,,images/nlb_fall_003940.png,annotations/nlb_fall_003940.json,masks/nlb_fall_003940.png,all_tracks,images/train/nlb_fall_003940.png,labels/train/nlb_fall_003940.txt,1,2,1,9,102134.0,"[""environment:rural"", ""environment:station"", ""environment:urban"", ""light:auto_bright_dark"", ""light:natural"", ""light:uniform"", ""time_of_day:day"", ""track_layout:curve"", ""track_layout:parallel structures"", ""track_layout:straight"", ""weather:cloudy"", ""weather:rainy""]"
nlb_fall_003941,3941,15,train,usable,,images/nlb_fall_003941.png,annotations/nlb_fall_003941.json,masks/nlb_fall_003941.png,all_tracks,images/train/nlb_fall_003941.png,labels/train/nlb_fall_003941.txt,1,4,2,8,100239.5,"[""environment:rural"", ""environment:station"", ""environment:urban"", ""light:auto_bright_dark"", ""light:natural"", ""light:uniform"", ""time_of_day:day"", ""track_layout:curve"", ""track_layout:orthogonal structures"", ""track_layout:straight"", ""weather:cloudy"", ""weather:rainy""]"
nlb_fall_003942,3942,15,train,usable,,images/nlb_fall_003942.png,annotations/nlb_fall_003942.json,masks/nlb_fall_003942.png,all_tracks,images/train/nlb_fall_003942.png,labels/train/nlb_fall_003942.txt,1,5,0,6,101176.5,"[""additional_attributes:obstruction"", ""environment:rural"", ""environment:station"", ""environment:urban"", ""light:auto_bright_dark"", ""light:natural"", ""light:uniform"", ""time_of_day:day"", ""track_layout:curve"", ""track_layout:orthogonal structures"", ""track_layout:straight"", ""weather:cloudy"", ""weather:rainy""]"
nlb_fall_003943,3943,15,train,usable,,images/nlb_fall_003943.png,annotations/nlb_fall_003943.json,masks/nlb_fall_003943.png,all_tracks,images/train/nlb_fall_003943.png,labels/train/nlb_fall_003943.txt,1,3,0,5,102177.5,"[""environment:rural"", ""environment:station"", ""environment:urban"", ""light:auto_bright_dark"", ""light:natural"", ""light:uniform"", ""time_of_day:day"", ""track_layout:curve"", ""track_layout:straight"", ""weather:cloudy"", ""weather:rainy""]"
nlb_fall_003944,3944,15,train,usable,,images/nlb_fall_003944.png,annotations/nlb_fall_003944.json,masks/nlb_fall_003944.png,all_tracks,images/train/nlb_fall_003944.png,labels/train/nlb_fall_003944.txt,1,3,0,5,101500.0,"[""environment:rural"", ""environment:station"", ""environment:urban"", ""light:auto_bright_dark"", ""light:natural"", ""light:uniform"", ""time_of_day:day"", ""track_layout:straight"", ""weather:cloudy"", ""weather:rainy""]"
nlb_fall_003945,3945,15,train,usable,,images/nlb_fall_003945.png,annotations/nlb_fall_003945.json,masks/nlb_fall_003945.png,all_tracks,images/train/nlb_fall_003945.png,labels/train/nlb_fall_003945.txt,1,4,0,8,101379.0,"[""environment:rural"", ""environment:station"", ""environment:urban"", ""light:auto_bright_dark"", ""light:natural"", ""light:uniform"", ""time_of_day:day"", ""track_layout:straight"", ""weather:cloudy"", ""weather:rainy""]"
nlb_fall_003946,3946,15,train,usable,,images/nlb_fall_003946.png,annotations/nlb_fall_003946.json,masks/nlb_fall_003946.png,all_tracks,images/train/nlb_fall_003946.png,labels/train/nlb_fall_003946.txt,1,5,0,7,99752.0,"[""environment:rural"", ""environment:station"", ""environment:urban"", ""light:auto_bright_dark"", ""light:natural"", ""light:uniform"", ""time_of_day:day"", ""track_layout:straight"", ""weather:cloudy"", ""weather:rainy""]"
nlb_fall_003947,3947,15,train,usable,,images/nlb_fall_003947.png,annotations/nlb_fall_003947.json,masks/nlb_fall_003947.png,all_tracks,images/train/nlb_fall_003947.png,labels/train/nlb_fall_003947.txt,1,4,0,12,99428.5,"[""environment:rural"", ""environment:station"", ""environment:urban"", ""light:auto_bright_dark"", ""light:natural"", ""light:uniform"", ""time_of_day:day"", ""track_layout:curve"", ""track_layout:straight"", ""weather:cloudy"", ""weather:rainy""]"
nlb_fall_004001,4001,16,train,usable,,images/nlb_fall_004001.png,annotations/nlb_fall_004001.json,masks/nlb_fall_004001.png,all_tracks,images/train/nlb_fall_004001.png,labels/train/nlb_fall_004001.txt,1,4,0,22,98974.5,"[""environment:rural"", ""environment:station"", ""environment:urban"", ""light:auto_bright_dark"", ""light:natural"", ""light:uniform"", ""time_of_day:day"", ""track_layout:curve"", ""track_layout:straight"", ""weather:cloudy"", ""weather:rainy""]"
nlb_fall_004002,4002,16,train,usable,,images/nlb_fall_004002.png,annotations/nlb_fall_004002.json,masks/nlb_fall_004002.png,all_tracks,images/train/nlb_fall_004002.png,labels/train/nlb_fall_004002.txt,1,4,0,20,99958.0,"[""environment:rural"", ""environment:station"", ""environment:urban"", ""light:auto_bright_dark"", ""light:natural"", ""light:uniform"", ""time_of_day:day"", ""track_layout:curve"", ""track_layout:straight"", ""weather:cloudy"", ""weather:rainy""]"
nlb_fall_004014,4014,16,train,usable,,images/nlb_fall_004014.png,annotations/nlb_fall_004014.json,masks/nlb_fall_004014.png,all_tracks,images/train/nlb_fall_004014.png,labels/train/nlb_fall_004014.txt,1,5,0,13,100993.0,"[""additional_attributes:obstruction"", ""environment:rural"", ""environment:urban"", ""light:auto_bright_dark"", ""light:natural"", ""light:uniform"", ""time_of_day:day"", ""track_layout:curve"", ""track_layout:straight"", ""weather:cloudy"", ""weather:rainy""]"
nlb_fall_004015,4015,16,train,usable,,images/nlb_fall_004015.png,annotations/nlb_fall_004015.json,masks/nlb_fall_004015.png,all_tracks,images/train/nlb_fall_004015.png,labels/train/nlb_fall_004015.txt,1,5,0,15,98729.5,"[""additional_attributes:obstruction"", ""environment:rural"", ""environment:urban"", ""light:auto_bright_dark"", ""light:natural"", ""light:uniform"", ""time_of_day:day"", ""track_layout:curve"", ""track_layout:straight"", ""weather:cloudy"", ""weather:rainy""]"
nlb_fall_004016,4016,16,train,usable,,images/nlb_fall_004016.png,annotations/nlb_fall_004016.json,masks/nlb_fall_004016.png,all_tracks,images/train/nlb_fall_004016.png,labels/train/nlb_fall_004016.txt,1,6,3,15,100966.5,"[""additional_attributes:obstruction"", ""environment:rural"", ""environment:urban"", ""light:auto_bright_dark"", ""light:natural"", ""light:uniform"", ""time_of_day:day"", ""track_layout:curve"", ""track_layout:orthogonal structures"", ""track_layout:straight"", ""weather:cloudy"", ""weather:rainy""]"
nlb_fall_004017,4017,16,train,usable,,images/nlb_fall_004017.png,annotations/nlb_fall_004017.json,masks/nlb_fall_004017.png,all_tracks,images/train/nlb_fall_004017.png,labels/train/nlb_fall_004017.txt,1,5,2,17,99675.5,"[""additional_attributes:obstruction"", ""environment:rural"", ""environment:urban"", ""light:auto_bright_dark"", ""light:natural"", ""light:uniform"", ""time_of_day:day"", ""track_layout:curve"", ""track_layout:orthogonal structures"", ""track_layout:straight"", ""weather:cloudy"", ""weather:rainy""]"
nlb_fall_004018,4018,16,train,usable,,images/nlb_fall_004018.png,annotations/nlb_fall_004018.json,masks/nlb_fall_004018.png,all_tracks,images/train/nlb_fall_004018.png,labels/train/nlb_fall_004018.txt,1,4,1,16,97634.5,"[""additional_attributes:obstruction"", ""environment:rural"", ""environment:urban"", ""light:auto_bright_dark"", ""light:natural"", ""light:uniform"", ""time_of_day:day"", ""track_layout:curve"", ""weather:cloudy"", ""weather:rainy""]"
nlb_fall_004019,4019,16,train,usable,,images/nlb_fall_004019.png,annotations/nlb_fall_004019.json,masks/nlb_fall_004019.png,all_tracks,images/train/nlb_fall_004019.png,labels/train/nlb_fall_004019.txt,1,6,1,16,101146.0,"[""additional_attributes:obstruction"", ""environment:rural"", ""environment:urban"", ""light:auto_bright_dark"", ""light:natural"", ""light:uniform"", ""time_of_day:day"", ""track_layout:curve"", ""weather:cloudy"", ""weather:rainy""]"
nlb_fall_004020,4020,16,train,usable,,images/nlb_fall_004020.png,annotations/nlb_fall_004020.json,masks/nlb_fall_004020.png,all_tracks,images/train/nlb_fall_004020.png,labels/train/nlb_fall_004020.txt,1,6,2,18,101340.5,"[""additional_attributes:obstruction"", ""environment:rural"", ""environment:urban"", ""light:auto_bright_dark"", ""light:natural"", ""light:uniform"", ""time_of_day:day"", ""track_layout:curve"", ""weather:cloudy"", ""weather:rainy""]"
nlb_fall_004021,4021,16,train,usable,,images/nlb_fall_004021.png,annotations/nlb_fall_004021.json,masks/nlb_fall_004021.png,all_tracks,images/train/nlb_fall_004021.png,labels/train/nlb_fall_004021.txt,1,5,1,19,102259.0,"[""additional_attributes:obstruction"", ""environment:rural"", ""environment:urban"", ""light:auto_bright_dark"", ""light:natural"", ""light:uniform"", ""time_of_day:day"", ""track_layout:curve"", ""weather:cloudy"", ""weather:rainy""]"
nlb_fall_004022,4022,16,train,usable,,images/nlb_fall_004022.png,annotations/nlb_fall_004022.json,masks/nlb_fall_004022.png,all_tracks,images/train/nlb_fall_004022.png,labels/train/nlb_fall_004022.txt,1,3,1,25,101206.0,"[""additional_attributes:obstruction"", ""environment:rural"", ""environment:urban"", ""light:auto_bright_dark"", ""light:natural"", ""light:uniform"", ""time_of_day:day"", ""track_layout:curve"", ""weather:cloudy"", ""weather:rainy""]"
nlb_fall_004023,4023,16,train,usable,,images/nlb_fall_004023.png,annotations/nlb_fall_004023.json,masks/nlb_fall_004023.png,all_tracks,images/train/nlb_fall_004023.png,labels/train/nlb_fall_004023.txt,1,4,2,16,101727.5,"[""additional_attributes:obstruction"", ""environment:rural"", ""environment:urban"", ""light:auto_bright_dark"", ""light:natural"", ""light:uniform"", ""time_of_day:day"", ""track_layout:curve"", ""weather:cloudy"", ""weather:rainy""]"
nlb_fall_004024,4024,16,train,usable,,images/nlb_fall_004024.png,annotations/nlb_fall_004024.json,masks/nlb_fall_004024.png,all_tracks,images/train/nlb_fall_004024.png,labels/train/nlb_fall_004024.txt,1,2,1,14,98864.5,"[""additional_attributes:obstruction"", ""environment:rural"", ""environment:urban"", ""light:auto_bright_dark"", ""light:natural"", ""light:uniform"", ""time_of_day:day"", ""track_layout:curve"", ""weather:cloudy"", ""weather:rainy""]"
nlb_fall_004028,4028,16,train,usable,,images/nlb_fall_004028.png,annotations/nlb_fall_004028.json,masks/nlb_fall_004028.png,all_tracks,images/train/nlb_fall_004028.png,labels/train/nlb_fall_004028.txt,1,1,0,21,100804.0,"[""additional_attributes:obstruction"", ""environment:rural"", ""environment:urban"", ""light:auto_bright_dark"", ""light:natural"", ""light:uniform"", ""time_of_day:day"", ""track_layout:curve"", ""track_layout:orthogonal structures"", ""weather:cloudy"", ""weather:rainy""]"
nlb_fall_004036,4036,16,train,usable,,images/nlb_fall_004036.png,annotations/nlb_fall_004036.json,masks/nlb_fall_004036.png,all_tracks,images/train/nlb_fall_004036.png,labels/train/nlb_fall_004036.txt,1,2,1,16,102529.0,"[""environment:rural"", ""light:auto_bright_dark"", ""light:natural"", ""light:uniform"", ""time_of_day:day"", ""track_layout:curve"", ""weather:cloudy"", ""weather:rainy""]"
nlb_fall_004037,4037,16,train,usable,,images/nlb_fall_004037.png,annotations/nlb_fall_004037.json,masks/nlb_fall_004037.png,all_tracks,images/train/nlb_fall_004037.png,labels/train/nlb_fall_004037.txt,1,1,0,8,93790.0,"[""additional_attributes:obstruction"", ""environment:rural"", ""light:auto_bright_dark"", ""light:natural"", ""light:uniform"", ""time_of_day:day"", ""track_layout:curve"", ""track_layout:orthogonal structures"", ""weather:cloudy"", ""weather:rainy""]"
nlb_fall_004050,4050,16,train,usable,,images/nlb_fall_004050.png,annotations/nlb_fall_004050.json,masks/nlb_fall_004050.png,all_tracks,images/train/nlb_fall_004050.png,labels/train/nlb_fall_004050.txt,1,1,0,12,103049.0,"[""additional_attributes:obstruction"", ""environment:rural"", ""light:auto_bright_dark"", ""light:natural"", ""light:uniform"", ""time_of_day:day"", ""track_layout:curve"", ""track_layout:orthogonal structures"", ""weather:cloudy"", ""weather:rainy""]"
nlb_fall_004054,4054,16,train,usable,,images/nlb_fall_004054.png,annotations/nlb_fall_004054.json,masks/nlb_fall_004054.png,all_tracks,images/train/nlb_fall_004054.png,labels/train/nlb_fall_004054.txt,1,1,0,16,100200.5,"[""environment:rural"", ""light:auto_bright_dark"", ""light:natural"", ""light:uniform"", ""time_of_day:day"", ""track_layout:curve"", ""track_layout:orthogonal structures"", ""weather:cloudy"", ""weather:rainy""]"
nlb_fall_004061,4061,16,train,usable,,images/nlb_fall_004061.png,annotations/nlb_fall_004061.json,masks/nlb_fall_004061.png,all_tracks,images/train/nlb_fall_004061.png,labels/train/nlb_fall_004061.txt,1,1,0,11,101714.0,"[""additional_attributes:obstruction"", ""environment:rural"", ""light:auto_bright_dark"", ""light:natural"", ""light:uniform"", ""time_of_day:day"", ""track_layout:curve"", ""track_layout:orthogonal structures"", ""weather:cloudy"", ""weather:rainy""]"
nlb_fall_004071,4071,16,train,usable,,images/nlb_fall_004071.png,annotations/nlb_fall_004071.json,masks/nlb_fall_004071.png,all_tracks,images/train/nlb_fall_004071.png,labels/train/nlb_fall_004071.txt,1,1,0,19,103352.0,"[""environment:rural"", ""light:auto_bright_dark"", ""light:dark"", ""light:hard shadows"", ""light:natural"", ""time_of_day:day"", ""track_layout:curve"", ""track_layout:orthogonal structures"", ""weather:cloudy""]"
nlb_fall_004080,4080,16,train,usable,,images/nlb_fall_004080.png,annotations/nlb_fall_004080.json,masks/nlb_fall_004080.png,all_tracks,images/train/nlb_fall_004080.png,labels/train/nlb_fall_004080.txt,1,1,0,19,104271.5,"[""environment:rural"", ""light:auto_bright_dark"", ""light:natural"", ""light:uniform"", ""time_of_day:day"", ""track_layout:curve"", ""track_layout:orthogonal structures"", ""track_layout:parallel structures"", ""weather:cloudy"", ""weather:rainy""]"
nlb_fall_004081,4081,16,train,usable,,images/nlb_fall_004081.png,annotations/nlb_fall_004081.json,masks/nlb_fall_004081.png,all_tracks,images/train/nlb_fall_004081.png,labels/train/nlb_fall_004081.txt,1,1,0,14,98793.5,"[""environment:rural"", ""light:auto_bright_dark"", ""light:natural"", ""light:uniform"", ""time_of_day:day"", ""track_layout:curve"", ""track_layout:parallel structures"", ""weather:cloudy"", ""weather:rainy""]"
nlb_fall_004082,4082,16,train,usable,,images/nlb_fall_004082.png,annotations/nlb_fall_004082.json,masks/nlb_fall_004082.png,all_tracks,images/train/nlb_fall_004082.png,labels/train/nlb_fall_004082.txt,1,1,0,18,99427.0,"[""additional_attributes:obstruction"", ""environment:rural"", ""light:auto_bright_dark"", ""light:natural"", ""light:uniform"", ""time_of_day:day"", ""track_layout:curve"", ""track_layout:orthogonal structures"", ""weather:cloudy"", ""weather:rainy""]"
nlb_fall_004098,4098,16,train,usable,,images/nlb_fall_004098.png,annotations/nlb_fall_004098.json,masks/nlb_fall_004098.png,all_tracks,images/train/nlb_fall_004098.png,labels/train/nlb_fall_004098.txt,1,1,0,19,99723.5,"[""additional_attributes:obstruction"", ""environment:rural"", ""light:auto_bright_dark"", ""light:natural"", ""light:uniform"", ""time_of_day:day"", ""track_layout:curve"", ""track_layout:orthogonal structures"", ""weather:cloudy"", ""weather:rainy""]"
nlb_fall_004102,4102,16,train,usable,,images/nlb_fall_004102.png,annotations/nlb_fall_004102.json,masks/nlb_fall_004102.png,all_tracks,images/train/nlb_fall_004102.png,labels/train/nlb_fall_004102.txt,1,1,0,13,102540.0,"[""additional_attributes:obstruction"", ""environment:rural"", ""light:auto_bright_dark"", ""light:natural"", ""light:uniform"", ""time_of_day:day"", ""track_layout:curve"", ""track_layout:orthogonal structures"", ""weather:rainy""]"
nlb_fall_004108,4108,16,train,usable,,images/nlb_fall_004108.png,annotations/nlb_fall_004108.json,masks/nlb_fall_004108.png,all_tracks,images/train/nlb_fall_004108.png,labels/train/nlb_fall_004108.txt,1,1,0,10,100861.0,"[""environment:rural"", ""light:auto_bright_dark"", ""light:natural"", ""light:uniform"", ""time_of_day:day"", ""track_layout:curve"", ""track_layout:orthogonal structures"", ""weather:cloudy""]"
nlb_fall_004110,4110,16,train,usable,,images/nlb_fall_004110.png,annotations/nlb_fall_004110.json,masks/nlb_fall_004110.png,all_tracks,images/train/nlb_fall_004110.png,labels/train/nlb_fall_004110.txt,1,1,0,11,99433.0,"[""environment:rural"", ""light:auto_bright_dark"", ""light:dark"", ""light:hard shadows"", ""light:natural"", ""time_of_day:day"", ""track_layout:curve"", ""track_layout:orthogonal structures"", ""weather:cloudy""]"
nlb_fall_004121,4121,16,train,usable,,images/nlb_fall_004121.png,annotations/nlb_fall_004121.json,masks/nlb_fall_004121.png,all_tracks,images/train/nlb_fall_004121.png,labels/train/nlb_fall_004121.txt,1,1,0,10,100646.5,"[""environment:rural"", ""light:auto_bright_dark"", ""light:natural"", ""light:uniform"", ""time_of_day:day"", ""track_layout:curve"", ""track_layout:orthogonal structures"", ""weather:cloudy""]"
nlb_fall_004127,4127,16,train,usable,,images/nlb_fall_004127.png,annotations/nlb_fall_004127.json,masks/nlb_fall_004127.png,all_tracks,images/train/nlb_fall_004127.png,labels/train/nlb_fall_004127.txt,1,1,0,10,99547.0,"[""environment:rural"", ""light:auto_bright_dark"", ""light:natural"", ""light:uniform"", ""time_of_day:day"", ""track_layout:curve"", ""track_layout:orthogonal structures"", ""weather:cloudy""]"
nlb_fall_004128,4128,16,train,usable,,images/nlb_fall_004128.png,annotations/nlb_fall_004128.json,masks/nlb_fall_004128.png,all_tracks,images/train/nlb_fall_004128.png,labels/train/nlb_fall_004128.txt,1,1,0,10,99879.0,"[""environment:rural"", ""light:auto_bright_dark"", ""light:natural"", ""light:uniform"", ""time_of_day:day"", ""track_layout:curve"", ""track_layout:orthogonal structures"", ""weather:cloudy""]"
nlb_fall_004130,4130,16,train,usable,,images/nlb_fall_004130.png,annotations/nlb_fall_004130.json,masks/nlb_fall_004130.png,all_tracks,images/train/nlb_fall_004130.png,labels/train/nlb_fall_004130.txt,1,1,0,9,96044.5,"[""environment:rural"", ""light:auto_bright_dark"", ""light:natural"", ""light:uniform"", ""time_of_day:day"", ""track_layout:curve"", ""track_layout:orthogonal structures"", ""weather:cloudy""]"
nlb_fall_004132,4132,16,train,usable,,images/nlb_fall_004132.png,annotations/nlb_fall_004132.json,masks/nlb_fall_004132.png,all_tracks,images/train/nlb_fall_004132.png,labels/train/nlb_fall_004132.txt,1,1,0,8,99490.0,"[""environment:rural"", ""light:auto_bright_dark"", ""light:natural"", ""light:uniform"", ""time_of_day:day"", ""track_layout:curve"", ""track_layout:orthogonal structures"", ""weather:cloudy""]"
nlb_fall_004133,4133,16,train,usable,,images/nlb_fall_004133.png,annotations/nlb_fall_004133.json,masks/nlb_fall_004133.png,all_tracks,images/train/nlb_fall_004133.png,labels/train/nlb_fall_004133.txt,1,1,0,7,98480.0,"[""environment:rural"", ""light:auto_bright_dark"", ""light:hard shadows"", ""light:natural"", ""time_of_day:day"", ""track_layout:curve"", ""track_layout:orthogonal structures"", ""weather:cloudy""]"
nlb_fall_004143,4143,16,train,usable,,images/nlb_fall_004143.png,annotations/nlb_fall_004143.json,masks/nlb_fall_004143.png,all_tracks,images/train/nlb_fall_004143.png,labels/train/nlb_fall_004143.txt,1,1,0,11,98730.0,"[""environment:rural"", ""light:auto_bright_dark"", ""light:natural"", ""light:uniform"", ""time_of_day:day"", ""track_layout:curve"", ""track_layout:orthogonal structures"", ""weather:cloudy""]"
nlb_fall_004156,4156,16,train,usable,,images/nlb_fall_004156.png,annotations/nlb_fall_004156.json,masks/nlb_fall_004156.png,all_tracks,images/train/nlb_fall_004156.png,labels/train/nlb_fall_004156.txt,1,1,0,9,99737.5,"[""environment:rural"", ""light:auto_bright_dark"", ""light:natural"", ""light:uniform"", ""time_of_day:day"", ""track_layout:curve"", ""track_layout:orthogonal structures"", ""weather:cloudy""]"
nlb_fall_004163,4163,16,train,usable,,images/nlb_fall_004163.png,annotations/nlb_fall_004163.json,masks/nlb_fall_004163.png,all_tracks,images/train/nlb_fall_004163.png,labels/train/nlb_fall_004163.txt,1,1,0,11,100236.0,"[""additional_attributes:obstruction"", ""environment:rural"", ""light:auto_bright_dark"", ""light:natural"", ""light:uniform"", ""time_of_day:day"", ""track_layout:curve"", ""track_layout:orthogonal structures"", ""weather:cloudy""]"
nlb_fall_004201,4201,16,train,usable,,images/nlb_fall_004201.png,annotations/nlb_fall_004201.json,masks/nlb_fall_004201.png,all_tracks,images/train/nlb_fall_004201.png,labels/train/nlb_fall_004201.txt,1,1,0,10,100320.5,"[""environment:rural"", ""light:auto_bright_dark"", ""light:natural"", ""light:uniform"", ""time_of_day:day"", ""track_layout:curve"", ""track_layout:orthogonal structures"", ""weather:cloudy""]"
nlb_fall_004204,4204,16,train,usable,,images/nlb_fall_004204.png,annotations/nlb_fall_004204.json,masks/nlb_fall_004204.png,all_tracks,images/train/nlb_fall_004204.png,labels/train/nlb_fall_004204.txt,1,1,0,5,97787.5,"[""environment:rural"", ""light:auto_bright_dark"", ""light:natural"", ""light:uniform"", ""time_of_day:day"", ""track_layout:orthogonal structures"", ""track_layout:straight"", ""weather:cloudy""]"
nlb_fall_004208,4208,16,train,usable,,images/nlb_fall_004208.png,annotations/nlb_fall_004208.json,masks/nlb_fall_004208.png,all_tracks,images/train/nlb_fall_004208.png,labels/train/nlb_fall_004208.txt,1,1,0,9,101449.0,"[""environment:rural"", ""light:auto_bright_dark"", ""light:natural"", ""light:uniform"", ""time_of_day:day"", ""track_layout:curve"", ""track_layout:orthogonal structures"", ""weather:cloudy""]"
nlb_fall_004219,4219,16,train,usable,,images/nlb_fall_004219.png,annotations/nlb_fall_004219.json,masks/nlb_fall_004219.png,all_tracks,images/train/nlb_fall_004219.png,labels/train/nlb_fall_004219.txt,1,1,0,9,100714.5,"[""environment:rural"", ""light:auto_bright_dark"", ""light:natural"", ""light:uniform"", ""time_of_day:day"", ""track_layout:curve"", ""track_layout:orthogonal structures"", ""weather:cloudy""]"
nlb_fall_004231,4231,16,train,usable,,images/nlb_fall_004231.png,annotations/nlb_fall_004231.json,masks/nlb_fall_004231.png,all_tracks,images/train/nlb_fall_004231.png,labels/train/nlb_fall_004231.txt,1,1,0,11,101085.5,"[""additional_attributes:obstruction"", ""environment:rural"", ""light:auto_bright_dark"", ""light:natural"", ""light:uniform"", ""time_of_day:day"", ""track_layout:curve"", ""track_layout:orthogonal structures"", ""weather:cloudy""]"
nlb_fall_004235,4235,16,train,usable,,images/nlb_fall_004235.png,annotations/nlb_fall_004235.json,masks/nlb_fall_004235.png,all_tracks,images/train/nlb_fall_004235.png,labels/train/nlb_fall_004235.txt,1,1,0,9,99445.5,"[""additional_attributes:obstruction"", ""environment:rural"", ""light:auto_bright_dark"", ""light:natural"", ""light:uniform"", ""time_of_day:day"", ""track_layout:curve"", ""track_layout:orthogonal structures"", ""weather:cloudy""]"
nlb_fall_004238,4238,16,train,usable,,images/nlb_fall_004238.png,annotations/nlb_fall_004238.json,masks/nlb_fall_004238.png,all_tracks,images/train/nlb_fall_004238.png,labels/train/nlb_fall_004238.txt,1,1,0,9,101651.5,"[""environment:rural"", ""light:auto_bright_dark"", ""light:natural"", ""light:uniform"", ""time_of_day:day"", ""track_layout:curve"", ""track_layout:orthogonal structures"", ""weather:cloudy""]"
nlb_fall_004240,4240,16,train,usable,,images/nlb_fall_004240.png,annotations/nlb_fall_004240.json,masks/nlb_fall_004240.png,all_tracks,images/train/nlb_fall_004240.png,labels/train/nlb_fall_004240.txt,1,1,0,10,99994.5,"[""environment:rural"", ""light:auto_bright_dark"", ""light:natural"", ""light:uniform"", ""time_of_day:day"", ""track_layout:curve"", ""track_layout:orthogonal structures"", ""weather:cloudy""]"
nlb_fall_004249,4249,16,train,usable,,images/nlb_fall_004249.png,annotations/nlb_fall_004249.json,masks/nlb_fall_004249.png,all_tracks,images/train/nlb_fall_004249.png,labels/train/nlb_fall_004249.txt,1,1,0,15,101438.5,"[""environment:rural"", ""light:auto_bright_dark"", ""light:natural"", ""light:uniform"", ""time_of_day:day"", ""track_layout:curve"", ""track_layout:orthogonal structures"", ""weather:cloudy""]"
nlb_fall_004293,4293,17,train,usable,,images/nlb_fall_004293.png,annotations/nlb_fall_004293.json,masks/nlb_fall_004293.png,all_tracks,images/train/nlb_fall_004293.png,labels/train/nlb_fall_004293.txt,1,1,0,16,101804.5,"[""environment:rural"", ""light:auto_bright_dark"", ""light:natural"", ""light:uniform"", ""time_of_day:day"", ""track_layout:curve"", ""track_layout:orthogonal structures"", ""weather:cloudy""]"
nlb_fall_004304,4304,17,train,usable,,images/nlb_fall_004304.png,annotations/nlb_fall_004304.json,masks/nlb_fall_004304.png,all_tracks,images/train/nlb_fall_004304.png,labels/train/nlb_fall_004304.txt,1,2,1,7,98545.5,"[""environment:rural"", ""light:auto_bright_dark"", ""light:natural"", ""light:uniform"", ""time_of_day:day"", ""track_layout:curve"", ""track_layout:orthogonal structures"", ""weather:cloudy""]"
nlb_fall_004305,4305,17,train,usable,,images/nlb_fall_004305.png,annotations/nlb_fall_004305.json,masks/nlb_fall_004305.png,all_tracks,images/train/nlb_fall_004305.png,labels/train/nlb_fall_004305.txt,1,2,1,5,98055.5,"[""environment:rural"", ""light:auto_bright_dark"", ""light:natural"", ""light:uniform"", ""time_of_day:day"", ""track_layout:curve"", ""track_layout:orthogonal structures"", ""track_layout:straight"", ""weather:cloudy""]"
nlb_fall_004306,4306,17,train,usable,,images/nlb_fall_004306.png,annotations/nlb_fall_004306.json,masks/nlb_fall_004306.png,all_tracks,images/train/nlb_fall_004306.png,labels/train/nlb_fall_004306.txt,1,2,1,6,98372.5,"[""environment:rural"", ""environment:station"", ""light:auto_bright_dark"", ""light:natural"", ""light:uniform"", ""time_of_day:day"", ""track_layout:curve"", ""track_layout:straight"", ""weather:cloudy""]"
nlb_fall_004307,4307,17,train,usable,,images/nlb_fall_004307.png,annotations/nlb_fall_004307.json,masks/nlb_fall_004307.png,all_tracks,images/train/nlb_fall_004307.png,labels/train/nlb_fall_004307.txt,1,2,0,6,99516.0,"[""environment:rural"", ""environment:station"", ""light:auto_bright_dark"", ""light:natural"", ""light:uniform"", ""time_of_day:day"", ""track_layout:curve"", ""track_layout:straight"", ""weather:cloudy""]"
nlb_fall_004308,4308,17,train,usable,,images/nlb_fall_004308.png,annotations/nlb_fall_004308.json,masks/nlb_fall_004308.png,all_tracks,images/train/nlb_fall_004308.png,labels/train/nlb_fall_004308.txt,1,3,0,5,99038.0,"[""environment:rural"", ""environment:station"", ""light:auto_bright_dark"", ""light:natural"", ""light:uniform"", ""time_of_day:day"", ""track_layout:curve"", ""track_layout:straight"", ""weather:cloudy""]"
nlb_fall_004309,4309,17,train,usable,,images/nlb_fall_004309.png,annotations/nlb_fall_004309.json,masks/nlb_fall_004309.png,all_tracks,images/train/nlb_fall_004309.png,labels/train/nlb_fall_004309.txt,1,3,1,6,99966.5,"[""additional_attributes:obstruction"", ""environment:rural"", ""environment:station"", ""light:auto_bright_dark"", ""light:natural"", ""light:uniform"", ""time_of_day:day"", ""track_layout:curve"", ""track_layout:straight"", ""weather:cloudy""]"
nlb_fall_004310,4310,17,train,usable,,images/nlb_fall_004310.png,annotations/nlb_fall_004310.json,masks/nlb_fall_004310.png,all_tracks,images/train/nlb_fall_004310.png,labels/train/nlb_fall_004310.txt,1,3,1,9,99596.5,"[""environment:rural"", ""environment:station"", ""light:auto_bright_dark"", ""light:natural"", ""light:uniform"", ""time_of_day:day"", ""track_layout:curve"", ""track_layout:straight"", ""weather:cloudy""]"
nlb_fall_004311,4311,17,train,usable,,images/nlb_fall_004311.png,annotations/nlb_fall_004311.json,masks/nlb_fall_004311.png,all_tracks,images/train/nlb_fall_004311.png,labels/train/nlb_fall_004311.txt,1,3,1,10,100733.5,"[""environment:rural"", ""environment:station"", ""light:auto_bright_dark"", ""light:natural"", ""light:uniform"", ""time_of_day:day"", ""track_layout:curve"", ""weather:cloudy""]"
nlb_fall_004312,4312,17,train,usable,,images/nlb_fall_004312.png,annotations/nlb_fall_004312.json,masks/nlb_fall_004312.png,all_tracks,images/train/nlb_fall_004312.png,labels/train/nlb_fall_004312.txt,1,3,1,10,99376.0,"[""additional_attributes:obstruction"", ""environment:rural"", ""environment:station"", ""light:auto_bright_dark"", ""light:natural"", ""light:uniform"", ""time_of_day:day"", ""track_layout:curve"", ""weather:cloudy""]"
nlb_fall_004313,4313,17,train,usable,,images/nlb_fall_004313.png,annotations/nlb_fall_004313.json,masks/nlb_fall_004313.png,all_tracks,images/train/nlb_fall_004313.png,labels/train/nlb_fall_004313.txt,1,3,1,12,98976.0,"[""environment:rural"", ""light:auto_bright_dark"", ""light:natural"", ""light:uniform"", ""time_of_day:day"", ""track_layout:curve"", ""weather:cloudy""]"
nlb_fall_004314,4314,17,train,usable,,images/nlb_fall_004314.png,annotations/nlb_fall_004314.json,masks/nlb_fall_004314.png,all_tracks,images/train/nlb_fall_004314.png,labels/train/nlb_fall_004314.txt,1,3,1,11,99427.5,"[""environment:rural"", ""light:auto_bright_dark"", ""light:natural"", ""light:uniform"", ""time_of_day:day"", ""track_layout:curve"", ""weather:cloudy""]"
nlb_fall_004315,4315,17,train,usable,,images/nlb_fall_004315.png,annotations/nlb_fall_004315.json,masks/nlb_fall_004315.png,all_tracks,images/train/nlb_fall_004315.png,labels/train/nlb_fall_004315.txt,1,3,1,12,99325.0,"[""environment:rural"", ""light:auto_bright_dark"", ""light:natural"", ""light:uniform"", ""time_of_day:day"", ""track_layout:curve"", ""weather:cloudy""]"
nlb_fall_004316,4316,17,train,usable,,images/nlb_fall_004316.png,annotations/nlb_fall_004316.json,masks/nlb_fall_004316.png,all_tracks,images/train/nlb_fall_004316.png,labels/train/nlb_fall_004316.txt,1,3,1,10,99344.5,"[""environment:rural"", ""light:auto_bright_dark"", ""light:natural"", ""light:uniform"", ""time_of_day:day"", ""track_layout:curve"", ""weather:cloudy""]"
nlb_fall_004317,4317,17,train,usable,,images/nlb_fall_004317.png,annotations/nlb_fall_004317.json,masks/nlb_fall_004317.png,all_tracks,images/train/nlb_fall_004317.png,labels/train/nlb_fall_004317.txt,1,2,0,9,99479.5,"[""environment:rural"", ""light:auto_bright_dark"", ""light:natural"", ""light:uniform"", ""time_of_day:day"", ""track_layout:curve"", ""weather:cloudy""]"
nlb_fall_004318,4318,17,train,usable,,images/nlb_fall_004318.png,annotations/nlb_fall_004318.json,masks/nlb_fall_004318.png,all_tracks,images/train/nlb_fall_004318.png,labels/train/nlb_fall_004318.txt,1,2,0,10,101679.5,"[""environment:rural"", ""light:auto_bright_dark"", ""light:natural"", ""light:uniform"", ""time_of_day:day"", ""track_layout:curve"", ""weather:cloudy""]"
nlb_fall_004319,4319,17,train,usable,,images/nlb_fall_004319.png,annotations/nlb_fall_004319.json,masks/nlb_fall_004319.png,all_tracks,images/train/nlb_fall_004319.png,labels/train/nlb_fall_004319.txt,1,2,0,11,100858.5,"[""environment:rural"", ""light:auto_bright_dark"", ""light:natural"", ""light:uniform"", ""time_of_day:day"", ""track_layout:curve"", ""weather:cloudy""]"
nlb_fall_004320,4320,17,train,usable,,images/nlb_fall_004320.png,annotations/nlb_fall_004320.json,masks/nlb_fall_004320.png,all_tracks,images/train/nlb_fall_004320.png,labels/train/nlb_fall_004320.txt,1,2,0,9,100316.5,"[""environment:rural"", ""light:auto_bright_dark"", ""light:natural"", ""light:uniform"", ""time_of_day:day"", ""track_layout:curve"", ""weather:cloudy""]"
nlb_fall_004321,4321,17,train,usable,,images/nlb_fall_004321.png,annotations/nlb_fall_004321.json,masks/nlb_fall_004321.png,all_tracks,images/train/nlb_fall_004321.png,labels/train/nlb_fall_004321.txt,1,2,0,13,101510.5,"[""environment:rural"", ""light:auto_bright_dark"", ""light:natural"", ""light:uniform"", ""time_of_day:day"", ""track_layout:curve"", ""weather:cloudy""]"
nlb_fall_004322,4322,17,train,usable,,images/nlb_fall_004322.png,annotations/nlb_fall_004322.json,masks/nlb_fall_004322.png,all_tracks,images/train/nlb_fall_004322.png,labels/train/nlb_fall_004322.txt,1,2,0,10,103481.5,"[""environment:rural"", ""light:auto_bright_dark"", ""light:natural"", ""light:uniform"", ""time_of_day:day"", ""track_layout:curve"", ""track_layout:orthogonal structures"", ""weather:cloudy""]"
nlb_fall_004323,4323,17,train,usable,,images/nlb_fall_004323.png,annotations/nlb_fall_004323.json,masks/nlb_fall_004323.png,all_tracks,images/train/nlb_fall_004323.png,labels/train/nlb_fall_004323.txt,1,2,0,12,103685.5,"[""additional_attributes:obstruction"", ""environment:rural"", ""light:auto_bright_dark"", ""light:natural"", ""light:uniform"", ""time_of_day:day"", ""track_layout:curve"", ""track_layout:orthogonal structures"", ""weather:cloudy""]"
nlb_fall_004324,4324,17,train,usable,,images/nlb_fall_004324.png,annotations/nlb_fall_004324.json,masks/nlb_fall_004324.png,all_tracks,images/train/nlb_fall_004324.png,labels/train/nlb_fall_004324.txt,1,2,0,10,104115.0,"[""environment:rural"", ""light:auto_bright_dark"", ""light:natural"", ""light:uniform"", ""time_of_day:day"", ""track_layout:curve"", ""weather:cloudy""]"
nlb_fall_004325,4325,17,train,usable,,images/nlb_fall_004325.png,annotations/nlb_fall_004325.json,masks/nlb_fall_004325.png,all_tracks,images/train/nlb_fall_004325.png,labels/train/nlb_fall_004325.txt,1,2,0,12,100779.5,"[""environment:rural"", ""light:auto_bright_dark"", ""light:natural"", ""light:uniform"", ""time_of_day:day"", ""track_layout:curve"", ""weather:cloudy""]"
nlb_fall_004326,4326,17,train,usable,,images/nlb_fall_004326.png,annotations/nlb_fall_004326.json,masks/nlb_fall_004326.png,all_tracks,images/train/nlb_fall_004326.png,labels/train/nlb_fall_004326.txt,1,2,1,5,98930.5,"[""environment:rural"", ""light:auto_bright_dark"", ""light:natural"", ""light:uniform"", ""time_of_day:day"", ""track_layout:curve"", ""track_layout:straight"", ""weather:cloudy""]"
nlb_fall_004327,4327,17,train,usable,,images/nlb_fall_004327.png,annotations/nlb_fall_004327.json,masks/nlb_fall_004327.png,all_tracks,images/train/nlb_fall_004327.png,labels/train/nlb_fall_004327.txt,1,2,1,8,100568.5,"[""environment:rural"", ""light:auto_bright_dark"", ""light:natural"", ""light:uniform"", ""time_of_day:day"", ""track_layout:curve"", ""track_layout:orthogonal structures"", ""track_layout:straight"", ""weather:cloudy""]"
nlb_fall_004328,4328,17,train,usable,,images/nlb_fall_004328.png,annotations/nlb_fall_004328.json,masks/nlb_fall_004328.png,all_tracks,images/train/nlb_fall_004328.png,labels/train/nlb_fall_004328.txt,1,1,0,5,100113.5,"[""environment:rural"", ""light:auto_bright_dark"", ""light:natural"", ""light:uniform"", ""time_of_day:day"", ""track_layout:orthogonal structures"", ""track_layout:straight"", ""weather:cloudy""]"
nlb_fall_004329,4329,17,train,usable,,images/nlb_fall_004329.png,annotations/nlb_fall_004329.json,masks/nlb_fall_004329.png,all_tracks,images/train/nlb_fall_004329.png,labels/train/nlb_fall_004329.txt,1,1,0,9,100005.5,"[""environment:rural"", ""light:auto_bright_dark"", ""light:natural"", ""light:uniform"", ""time_of_day:day"", ""track_layout:curve"", ""track_layout:orthogonal structures"", ""weather:cloudy""]"
nlb_fall_004330,4330,17,train,usable,,images/nlb_fall_004330.png,annotations/nlb_fall_004330.json,masks/nlb_fall_004330.png,all_tracks,images/train/nlb_fall_004330.png,labels/train/nlb_fall_004330.txt,1,1,0,10,100040.5,"[""environment:rural"", ""light:auto_bright_dark"", ""light:natural"", ""light:uniform"", ""time_of_day:day"", ""track_layout:curve"", ""track_layout:orthogonal structures"", ""weather:cloudy""]"
nlb_fall_004331,4331,17,train,usable,,images/nlb_fall_004331.png,annotations/nlb_fall_004331.json,masks/nlb_fall_004331.png,all_tracks,images/train/nlb_fall_004331.png,labels/train/nlb_fall_004331.txt,1,1,0,12,102689.5,"[""environment:rural"", ""light:auto_bright_dark"", ""light:dark"", ""light:natural"", ""light:uniform"", ""time_of_day:day"", ""track_layout:curve"", ""track_layout:orthogonal structures"", ""weather:cloudy""]"
nlb_fall_004341,4341,17,train,usable,,images/nlb_fall_004341.png,annotations/nlb_fall_004341.json,masks/nlb_fall_004341.png,all_tracks,images/train/nlb_fall_004341.png,labels/train/nlb_fall_004341.txt,1,1,0,6,100656.0,"[""environment:rural"", ""light:auto_bright_dark"", ""light:natural"", ""light:uniform"", ""time_of_day:day"", ""track_layout:orthogonal structures"", ""track_layout:straight"", ""weather:cloudy""]"
nlb_fall_004342,4342,17,train,usable,,images/nlb_fall_004342.png,annotations/nlb_fall_004342.json,masks/nlb_fall_004342.png,all_tracks,images/train/nlb_fall_004342.png,labels/train/nlb_fall_004342.txt,1,1,0,5,99330.0,"[""environment:rural"", ""light:auto_bright_dark"", ""light:natural"", ""light:uniform"", ""time_of_day:day"", ""track_layout:orthogonal structures"", ""track_layout:straight"", ""weather:cloudy""]"
nlb_fall_004348,4348,17,train,usable,,images/nlb_fall_004348.png,annotations/nlb_fall_004348.json,masks/nlb_fall_004348.png,all_tracks,images/train/nlb_fall_004348.png,labels/train/nlb_fall_004348.txt,1,1,0,6,100486.5,"[""environment:rural"", ""light:auto_bright_dark"", ""light:natural"", ""light:uniform"", ""time_of_day:day"", ""track_layout:orthogonal structures"", ""track_layout:straight"", ""weather:cloudy""]"
nlb_fall_004349,4349,17,train,usable,,images/nlb_fall_004349.png,annotations/nlb_fall_004349.json,masks/nlb_fall_004349.png,all_tracks,images/train/nlb_fall_004349.png,labels/train/nlb_fall_004349.txt,1,1,0,4,96887.0,"[""environment:rural"", ""light:auto_bright_dark"", ""light:natural"", ""light:uniform"", ""time_of_day:day"", ""track_layout:orthogonal structures"", ""track_layout:straight"", ""weather:cloudy""]"
nlb_fall_004356,4356,17,train,usable,,images/nlb_fall_004356.png,annotations/nlb_fall_004356.json,masks/nlb_fall_004356.png,all_tracks,images/train/nlb_fall_004356.png,labels/train/nlb_fall_004356.txt,1,1,0,10,103028.0,"[""environment:rural"", ""light:auto_bright_dark"", ""light:natural"", ""light:uniform"", ""time_of_day:day"", ""track_layout:curve"", ""track_layout:orthogonal structures"", ""weather:cloudy""]"
nlb_fall_004413,4413,17,train,usable,,images/nlb_fall_004413.png,annotations/nlb_fall_004413.json,masks/nlb_fall_004413.png,all_tracks,images/train/nlb_fall_004413.png,labels/train/nlb_fall_004413.txt,1,1,0,14,103432.5,"[""environment:rural"", ""light:auto_bright_dark"", ""light:natural"", ""light:uniform"", ""time_of_day:day"", ""track_layout:curve"", ""track_layout:orthogonal structures"", ""weather:cloudy""]"
nlb_fall_004425,4425,17,train,usable,,images/nlb_fall_004425.png,annotations/nlb_fall_004425.json,masks/nlb_fall_004425.png,all_tracks,images/train/nlb_fall_004425.png,labels/train/nlb_fall_004425.txt,1,1,0,13,104086.0,"[""environment:rural"", ""light:auto_bright_dark"", ""light:natural"", ""light:uniform"", ""time_of_day:day"", ""track_layout:curve"", ""track_layout:orthogonal structures"", ""weather:cloudy""]"
nlb_fall_004495,4495,17,train,usable,,images/nlb_fall_004495.png,annotations/nlb_fall_004495.json,masks/nlb_fall_004495.png,all_tracks,images/train/nlb_fall_004495.png,labels/train/nlb_fall_004495.txt,1,1,0,12,103767.0,"[""environment:rural"", ""light:auto_bright_dark"", ""light:natural"", ""light:uniform"", ""time_of_day:day"", ""track_layout:curve"", ""track_layout:orthogonal structures"", ""weather:cloudy""]"
nlb_fall_004512,4512,18,train,usable,,images/nlb_fall_004512.png,annotations/nlb_fall_004512.json,masks/nlb_fall_004512.png,all_tracks,images/train/nlb_fall_004512.png,labels/train/nlb_fall_004512.txt,1,1,0,10,105957.0,"[""environment:rural"", ""light:auto_bright_dark"", ""light:natural"", ""light:uniform"", ""time_of_day:day"", ""track_layout:curve"", ""track_layout:orthogonal structures"", ""weather:cloudy""]"
nlb_fall_004526,4526,18,train,usable,,images/nlb_fall_004526.png,annotations/nlb_fall_004526.json,masks/nlb_fall_004526.png,all_tracks,images/train/nlb_fall_004526.png,labels/train/nlb_fall_004526.txt,1,1,0,8,100053.5,"[""environment:rural"", ""light:auto_bright_dark"", ""light:natural"", ""light:uniform"", ""time_of_day:day"", ""track_layout:curve"", ""track_layout:orthogonal structures"", ""weather:cloudy""]"
nlb_fall_004529,4529,18,train,usable,,images/nlb_fall_004529.png,annotations/nlb_fall_004529.json,masks/nlb_fall_004529.png,all_tracks,images/train/nlb_fall_004529.png,labels/train/nlb_fall_004529.txt,1,1,0,12,100773.5,"[""environment:rural"", ""light:auto_bright_dark"", ""light:natural"", ""light:uniform"", ""time_of_day:day"", ""track_layout:curve"", ""track_layout:orthogonal structures"", ""weather:cloudy""]"
nlb_fall_004533,4533,18,train,usable,,images/nlb_fall_004533.png,annotations/nlb_fall_004533.json,masks/nlb_fall_004533.png,all_tracks,images/train/nlb_fall_004533.png,labels/train/nlb_fall_004533.txt,1,1,0,9,100172.5,"[""environment:rural"", ""light:auto_bright_dark"", ""light:natural"", ""light:uniform"", ""time_of_day:day"", ""track_layout:curve"", ""track_layout:parallel structures"", ""weather:cloudy""]"
nlb_fall_004534,4534,18,train,usable,,images/nlb_fall_004534.png,annotations/nlb_fall_004534.json,masks/nlb_fall_004534.png,all_tracks,images/train/nlb_fall_004534.png,labels/train/nlb_fall_004534.txt,1,1,0,5,100222.5,"[""environment:rural"", ""light:auto_bright_dark"", ""light:natural"", ""light:uniform"", ""time_of_day:day"", ""track_layout:parallel structures"", ""track_layout:straight"", ""weather:cloudy""]"
nlb_fall_004537,4537,18,train,usable,,images/nlb_fall_004537.png,annotations/nlb_fall_004537.json,masks/nlb_fall_004537.png,all_tracks,images/train/nlb_fall_004537.png,labels/train/nlb_fall_004537.txt,1,1,0,9,98747.0,"[""environment:rural"", ""light:auto_bright_dark"", ""light:natural"", ""light:uniform"", ""time_of_day:day"", ""track_layout:curve"", ""track_layout:orthogonal structures"", ""weather:cloudy""]"
nlb_fall_004552,4552,18,train,usable,,images/nlb_fall_004552.png,annotations/nlb_fall_004552.json,masks/nlb_fall_004552.png,all_tracks,images/train/nlb_fall_004552.png,labels/train/nlb_fall_004552.txt,1,1,0,11,104585.0,"[""environment:rural"", ""light:auto_bright_dark"", ""light:natural"", ""light:uniform"", ""time_of_day:day"", ""track_layout:curve"", ""track_layout:orthogonal structures"", ""weather:cloudy""]"
nlb_fall_004553,4553,18,train,usable,,images/nlb_fall_004553.png,annotations/nlb_fall_004553.json,masks/nlb_fall_004553.png,all_tracks,images/train/nlb_fall_004553.png,labels/train/nlb_fall_004553.txt,1,1,0,10,102757.5,"[""environment:rural"", ""light:auto_bright_dark"", ""light:hard shadows"", ""light:natural"", ""time_of_day:day"", ""track_layout:curve"", ""track_layout:orthogonal structures"", ""weather:cloudy""]"
nlb_fall_004554,4554,18,train,usable,,images/nlb_fall_004554.png,annotations/nlb_fall_004554.json,masks/nlb_fall_004554.png,all_tracks,images/train/nlb_fall_004554.png,labels/train/nlb_fall_004554.txt,1,3,1,9,105551.5,"[""environment:rural"", ""light:auto_bright_dark"", ""light:natural"", ""light:uniform"", ""time_of_day:day"", ""track_layout:curve"", ""weather:cloudy""]"
nlb_fall_004555,4555,18,train,usable,,images/nlb_fall_004555.png,annotations/nlb_fall_004555.json,masks/nlb_fall_004555.png,all_tracks,images/train/nlb_fall_004555.png,labels/train/nlb_fall_004555.txt,1,3,1,6,101438.0,"[""environment:rural"", ""environment:station"", ""light:auto_bright_dark"", ""light:natural"", ""light:uniform"", ""time_of_day:day"", ""track_layout:curve"", ""track_layout:straight"", ""weather:cloudy""]"
nlb_fall_004556,4556,18,train,usable,,images/nlb_fall_004556.png,annotations/nlb_fall_004556.json,masks/nlb_fall_004556.png,all_tracks,images/train/nlb_fall_004556.png,labels/train/nlb_fall_004556.txt,1,3,0,5,99257.0,"[""environment:rural"", ""environment:station"", ""light:auto_bright_dark"", ""light:natural"", ""light:uniform"", ""time_of_day:day"", ""track_layout:curve"", ""track_layout:straight"", ""weather:cloudy""]"
nlb_fall_004557,4557,18,train,usable,,images/nlb_fall_004557.png,annotations/nlb_fall_004557.json,masks/nlb_fall_004557.png,all_tracks,images/train/nlb_fall_004557.png,labels/train/nlb_fall_004557.txt,1,1,0,5,100585.0,"[""environment:rural"", ""environment:station"", ""light:auto_bright_dark"", ""light:natural"", ""light:uniform"", ""time_of_day:day"", ""track_layout:straight"", ""weather:cloudy""]"
nlb_fall_004558,4558,18,train,usable,,images/nlb_fall_004558.png,annotations/nlb_fall_004558.json,masks/nlb_fall_004558.png,all_tracks,images/train/nlb_fall_004558.png,labels/train/nlb_fall_004558.txt,1,3,0,5,100861.5,"[""environment:rural"", ""environment:station"", ""light:auto_bright_dark"", ""light:natural"", ""light:uniform"", ""time_of_day:day"", ""track_layout:curve"", ""track_layout:straight"", ""weather:cloudy""]"
nlb_fall_004559,4559,18,train,usable,,images/nlb_fall_004559.png,annotations/nlb_fall_004559.json,masks/nlb_fall_004559.png,all_tracks,images/train/nlb_fall_004559.png,labels/train/nlb_fall_004559.txt,1,2,0,5,101299.0,"[""environment:rural"", ""environment:station"", ""light:auto_bright_dark"", ""light:natural"", ""light:uniform"", ""time_of_day:day"", ""track_layout:curve"", ""track_layout:straight"", ""weather:cloudy""]"
nlb_fall_004560,4560,18,train,usable,,images/nlb_fall_004560.png,annotations/nlb_fall_004560.json,masks/nlb_fall_004560.png,all_tracks,images/train/nlb_fall_004560.png,labels/train/nlb_fall_004560.txt,1,2,0,6,101622.5,"[""environment:rural"", ""environment:station"", ""light:auto_bright_dark"", ""light:natural"", ""light:uniform"", ""time_of_day:day"", ""track_layout:curve"", ""track_layout:straight"", ""weather:cloudy""]"
nlb_fall_004561,4561,18,train,usable,,images/nlb_fall_004561.png,annotations/nlb_fall_004561.json,masks/nlb_fall_004561.png,all_tracks,images/train/nlb_fall_004561.png,labels/train/nlb_fall_004561.txt,1,3,0,7,101410.5,"[""environment:rural"", ""environment:station"", ""light:auto_bright_dark"", ""light:natural"", ""light:uniform"", ""time_of_day:day"", ""track_layout:straight"", ""weather:cloudy""]"
nlb_fall_004562,4562,18,train,usable,,images/nlb_fall_004562.png,annotations/nlb_fall_004562.json,masks/nlb_fall_004562.png,all_tracks,images/train/nlb_fall_004562.png,labels/train/nlb_fall_004562.txt,1,3,0,6,99773.0,"[""environment:rural"", ""environment:station"", ""light:auto_bright_dark"", ""light:natural"", ""light:uniform"", ""time_of_day:day"", ""track_layout:straight"", ""weather:cloudy""]"
nlb_fall_004577,4577,18,train,usable,,images/nlb_fall_004577.png,annotations/nlb_fall_004577.json,masks/nlb_fall_004577.png,all_tracks,images/train/nlb_fall_004577.png,labels/train/nlb_fall_004577.txt,1,3,0,5,99367.5,"[""environment:rural"", ""environment:station"", ""light:auto_bright_dark"", ""light:natural"", ""light:uniform"", ""time_of_day:day"", ""track_layout:straight"", ""weather:cloudy""]"
nlb_fall_004578,4578,18,train,usable,,images/nlb_fall_004578.png,annotations/nlb_fall_004578.json,masks/nlb_fall_004578.png,all_tracks,images/train/nlb_fall_004578.png,labels/train/nlb_fall_004578.txt,1,3,0,5,98547.5,"[""environment:rural"", ""light:auto_bright_dark"", ""light:natural"", ""light:uniform"", ""time_of_day:day"", ""track_layout:straight"", ""weather:cloudy""]"
nlb_fall_004579,4579,18,train,usable,,images/nlb_fall_004579.png,annotations/nlb_fall_004579.json,masks/nlb_fall_004579.png,all_tracks,images/train/nlb_fall_004579.png,labels/train/nlb_fall_004579.txt,1,3,0,5,99996.5,"[""environment:rural"", ""light:auto_bright_dark"", ""light:natural"", ""light:uniform"", ""time_of_day:day"", ""track_layout:straight"", ""weather:cloudy""]"
nlb_fall_004580,4580,18,train,usable,,images/nlb_fall_004580.png,annotations/nlb_fall_004580.json,masks/nlb_fall_004580.png,all_tracks,images/train/nlb_fall_004580.png,labels/train/nlb_fall_004580.txt,1,3,0,5,99867.5,"[""environment:rural"", ""light:auto_bright_dark"", ""light:natural"", ""light:uniform"", ""time_of_day:day"", ""track_layout:straight"", ""weather:cloudy""]"
nlb_fall_004581,4581,18,train,usable,,images/nlb_fall_004581.png,annotations/nlb_fall_004581.json,masks/nlb_fall_004581.png,all_tracks,images/train/nlb_fall_004581.png,labels/train/nlb_fall_004581.txt,1,3,0,5,100441.0,"[""environment:rural"", ""light:auto_bright_dark"", ""light:natural"", ""light:uniform"", ""time_of_day:day"", ""track_layout:straight"", ""weather:cloudy""]"
nlb_fall_004582,4582,18,train,usable,,images/nlb_fall_004582.png,annotations/nlb_fall_004582.json,masks/nlb_fall_004582.png,all_tracks,images/train/nlb_fall_004582.png,labels/train/nlb_fall_004582.txt,1,3,0,5,99686.5,"[""environment:rural"", ""light:auto_bright_dark"", ""light:natural"", ""light:uniform"", ""time_of_day:day"", ""track_layout:straight"", ""weather:cloudy""]"
nlb_fall_004583,4583,18,train,usable,,images/nlb_fall_004583.png,annotations/nlb_fall_004583.json,masks/nlb_fall_004583.png,all_tracks,images/train/nlb_fall_004583.png,labels/train/nlb_fall_004583.txt,1,2,0,5,99905.5,"[""environment:rural"", ""light:auto_bright_dark"", ""light:natural"", ""light:uniform"", ""time_of_day:day"", ""track_layout:straight"", ""weather:cloudy""]"
nlb_fall_004584,4584,18,train,usable,,images/nlb_fall_004584.png,annotations/nlb_fall_004584.json,masks/nlb_fall_004584.png,all_tracks,images/train/nlb_fall_004584.png,labels/train/nlb_fall_004584.txt,1,2,0,5,100232.5,"[""environment:rural"", ""light:auto_bright_dark"", ""light:natural"", ""light:uniform"", ""time_of_day:day"", ""track_layout:straight"", ""weather:cloudy""]"
nlb_fall_004585,4585,18,train,usable,,images/nlb_fall_004585.png,annotations/nlb_fall_004585.json,masks/nlb_fall_004585.png,all_tracks,images/train/nlb_fall_004585.png,labels/train/nlb_fall_004585.txt,1,2,1,5,99421.5,"[""environment:rural"", ""light:auto_bright_dark"", ""light:natural"", ""light:uniform"", ""time_of_day:day"", ""track_layout:curve"", ""track_layout:straight"", ""weather:cloudy""]"
nlb_fall_004586,4586,18,train,usable,,images/nlb_fall_004586.png,annotations/nlb_fall_004586.json,masks/nlb_fall_004586.png,all_tracks,images/train/nlb_fall_004586.png,labels/train/nlb_fall_004586.txt,1,2,1,5,101259.0,"[""environment:rural"", ""light:auto_bright_dark"", ""light:natural"", ""light:uniform"", ""time_of_day:day"", ""track_layout:curve"", ""track_layout:straight"", ""weather:cloudy""]"
nlb_fall_004587,4587,18,train,usable,,images/nlb_fall_004587.png,annotations/nlb_fall_004587.json,masks/nlb_fall_004587.png,all_tracks,images/train/nlb_fall_004587.png,labels/train/nlb_fall_004587.txt,1,2,1,7,100688.5,"[""environment:rural"", ""light:auto_bright_dark"", ""light:natural"", ""light:uniform"", ""time_of_day:day"", ""track_layout:curve"", ""track_layout:parallel structures"", ""track_layout:straight"", ""weather:cloudy""]"
nlb_fall_004588,4588,18,train,usable,,images/nlb_fall_004588.png,annotations/nlb_fall_004588.json,masks/nlb_fall_004588.png,all_tracks,images/train/nlb_fall_004588.png,labels/train/nlb_fall_004588.txt,1,1,0,5,98955.0,"[""environment:rural"", ""light:auto_bright_dark"", ""light:hard shadows"", ""light:natural"", ""time_of_day:day"", ""track_layout:parallel structures"", ""track_layout:straight"", ""weather:cloudy""]"
nlb_fall_004601,4601,18,train,usable,,images/nlb_fall_004601.png,annotations/nlb_fall_004601.json,masks/nlb_fall_004601.png,all_tracks,images/train/nlb_fall_004601.png,labels/train/nlb_fall_004601.txt,1,1,0,9,99670.5,"[""environment:rural"", ""light:auto_bright_dark"", ""light:dark"", ""light:hard shadows"", ""light:natural"", ""time_of_day:day"", ""track_layout:curve"", ""weather:cloudy""]"
nlb_fall_004605,4605,18,train,usable,,images/nlb_fall_004605.png,annotations/nlb_fall_004605.json,masks/nlb_fall_004605.png,all_tracks,images/train/nlb_fall_004605.png,labels/train/nlb_fall_004605.txt,1,1,0,4,98020.0,"[""environment:rural"", ""light:auto_bright_dark"", ""light:hard shadows"", ""light:natural"", ""time_of_day:day"", ""track_layout:straight"", ""weather:cloudy""]"
nlb_fall_004606,4606,18,train,usable,,images/nlb_fall_004606.png,annotations/nlb_fall_004606.json,masks/nlb_fall_004606.png,all_tracks,images/train/nlb_fall_004606.png,labels/train/nlb_fall_004606.txt,1,1,0,11,99924.5,"[""environment:rural"", ""light:auto_bright_dark"", ""light:hard shadows"", ""light:natural"", ""time_of_day:day"", ""track_layout:curve"", ""weather:cloudy""]"
nlb_fall_004609,4609,18,train,usable,,images/nlb_fall_004609.png,annotations/nlb_fall_004609.json,masks/nlb_fall_004609.png,all_tracks,images/train/nlb_fall_004609.png,labels/train/nlb_fall_004609.txt,1,1,0,8,99836.0,"[""environment:rural"", ""light:auto_bright_dark"", ""light:hard shadows"", ""light:natural"", ""time_of_day:day"", ""track_layout:curve"", ""weather:cloudy""]"
nlb_fall_004610,4610,18,train,usable,,images/nlb_fall_004610.png,annotations/nlb_fall_004610.json,masks/nlb_fall_004610.png,all_tracks,images/train/nlb_fall_004610.png,labels/train/nlb_fall_004610.txt,1,1,0,11,101551.0,"[""environment:rural"", ""light:auto_bright_dark"", ""light:dark"", ""light:hard shadows"", ""light:natural"", ""time_of_day:day"", ""track_layout:curve"", ""weather:cloudy""]"
nlb_fall_004616,4616,18,train,usable,,images/nlb_fall_004616.png,annotations/nlb_fall_004616.json,masks/nlb_fall_004616.png,all_tracks,images/train/nlb_fall_004616.png,labels/train/nlb_fall_004616.txt,1,1,0,8,104162.0,"[""environment:rural"", ""light:auto_bright_dark"", ""light:natural"", ""light:uniform"", ""time_of_day:day"", ""track_layout:curve"", ""track_layout:orthogonal structures"", ""weather:cloudy""]"
nlb_fall_004623,4623,18,train,usable,,images/nlb_fall_004623.png,annotations/nlb_fall_004623.json,masks/nlb_fall_004623.png,all_tracks,images/train/nlb_fall_004623.png,labels/train/nlb_fall_004623.txt,1,1,0,10,100778.5,"[""environment:rural"", ""light:auto_bright_dark"", ""light:natural"", ""light:uniform"", ""time_of_day:day"", ""track_layout:curve"", ""track_layout:orthogonal structures"", ""weather:cloudy""]"
nlb_fall_004625,4625,18,train,usable,,images/nlb_fall_004625.png,annotations/nlb_fall_004625.json,masks/nlb_fall_004625.png,all_tracks,images/train/nlb_fall_004625.png,labels/train/nlb_fall_004625.txt,1,1,0,11,102290.0,"[""environment:rural"", ""light:auto_bright_dark"", ""light:natural"", ""light:uniform"", ""time_of_day:day"", ""track_layout:curve"", ""track_layout:orthogonal structures"", ""weather:cloudy""]"
nlb_fall_004626,4626,18,train,usable,,images/nlb_fall_004626.png,annotations/nlb_fall_004626.json,masks/nlb_fall_004626.png,all_tracks,images/train/nlb_fall_004626.png,labels/train/nlb_fall_004626.txt,1,1,0,10,101217.5,"[""environment:rural"", ""light:auto_bright_dark"", ""light:natural"", ""light:uniform"", ""time_of_day:day"", ""track_layout:curve"", ""track_layout:orthogonal structures"", ""weather:cloudy""]"
nlb_fall_004629,4629,18,train,usable,,images/nlb_fall_004629.png,annotations/nlb_fall_004629.json,masks/nlb_fall_004629.png,all_tracks,images/train/nlb_fall_004629.png,labels/train/nlb_fall_004629.txt,1,1,0,6,99069.5,"[""environment:rural"", ""light:auto_bright_dark"", ""light:hard shadows"", ""light:natural"", ""time_of_day:day"", ""track_layout:curve"", ""weather:unknown""]"
nlb_fall_004630,4630,18,train,usable,,images/nlb_fall_004630.png,annotations/nlb_fall_004630.json,masks/nlb_fall_004630.png,all_tracks,images/train/nlb_fall_004630.png,labels/train/nlb_fall_004630.txt,1,1,0,10,100529.0,"[""environment:rural"", ""light:auto_bright_dark"", ""light:dark"", ""light:hard shadows"", ""light:natural"", ""time_of_day:day"", ""track_layout:curve"", ""weather:unknown""]"
nlb_fall_004634,4634,18,train,usable,,images/nlb_fall_004634.png,annotations/nlb_fall_004634.json,masks/nlb_fall_004634.png,all_tracks,images/train/nlb_fall_004634.png,labels/train/nlb_fall_004634.txt,1,1,0,11,101040.5,"[""environment:rural"", ""light:auto_bright_dark"", ""light:hard shadows"", ""light:natural"", ""time_of_day:day"", ""track_layout:curve"", ""weather:cloudy""]"
nlb_fall_004640,4640,18,train,usable,,images/nlb_fall_004640.png,annotations/nlb_fall_004640.json,masks/nlb_fall_004640.png,all_tracks,images/train/nlb_fall_004640.png,labels/train/nlb_fall_004640.txt,1,1,0,8,102171.0,"[""environment:rural"", ""light:auto_bright_dark"", ""light:hard shadows"", ""light:natural"", ""time_of_day:day"", ""track_layout:curve"", ""weather:cloudy""]"
nlb_fall_004643,4643,18,train,usable,,images/nlb_fall_004643.png,annotations/nlb_fall_004643.json,masks/nlb_fall_004643.png,all_tracks,images/train/nlb_fall_004643.png,labels/train/nlb_fall_004643.txt,1,1,0,10,40017.0,"[""environment:rural"", ""light:auto_bright_dark"", ""light:dark"", ""light:hard shadows"", ""light:natural"", ""time_of_day:day"", ""track_layout:curve"", ""weather:unknown""]"
nlb_fall_004672,4672,18,train,usable,,images/nlb_fall_004672.png,annotations/nlb_fall_004672.json,masks/nlb_fall_004672.png,all_tracks,images/train/nlb_fall_004672.png,labels/train/nlb_fall_004672.txt,1,1,0,8,100744.5,"[""environment:rural"", ""light:auto_bright_dark"", ""light:natural"", ""light:uniform"", ""time_of_day:day"", ""track_layout:curve"", ""track_layout:orthogonal structures"", ""weather:cloudy""]"
nlb_fall_004676,4676,18,train,usable,,images/nlb_fall_004676.png,annotations/nlb_fall_004676.json,masks/nlb_fall_004676.png,all_tracks,images/train/nlb_fall_004676.png,labels/train/nlb_fall_004676.txt,1,1,0,10,101844.0,"[""environment:rural"", ""light:auto_bright_dark"", ""light:natural"", ""light:uniform"", ""time_of_day:day"", ""track_layout:curve"", ""track_layout:orthogonal structures"", ""weather:cloudy""]"
nlb_fall_004681,4681,18,train,usable,,images/nlb_fall_004681.png,annotations/nlb_fall_004681.json,masks/nlb_fall_004681.png,all_tracks,images/train/nlb_fall_004681.png,labels/train/nlb_fall_004681.txt,1,1,0,6,100445.0,"[""environment:rural"", ""light:auto_bright_dark"", ""light:hard shadows"", ""light:natural"", ""time_of_day:day"", ""track_layout:curve"", ""weather:cloudy""]"
nlb_fall_004694,4694,18,train,usable,,images/nlb_fall_004694.png,annotations/nlb_fall_004694.json,masks/nlb_fall_004694.png,all_tracks,images/train/nlb_fall_004694.png,labels/train/nlb_fall_004694.txt,1,1,0,9,99896.0,"[""environment:rural"", ""light:auto_bright_dark"", ""light:natural"", ""light:uniform"", ""time_of_day:day"", ""track_layout:curve"", ""track_layout:orthogonal structures"", ""weather:cloudy""]"
nlb_fall_004697,4697,18,train,usable,,images/nlb_fall_004697.png,annotations/nlb_fall_004697.json,masks/nlb_fall_004697.png,all_tracks,images/train/nlb_fall_004697.png,labels/train/nlb_fall_004697.txt,1,1,0,8,102486.5,"[""environment:rural"", ""light:auto_bright_dark"", ""light:hard shadows"", ""light:natural"", ""time_of_day:day"", ""track_layout:curve"", ""weather:cloudy""]"
nlb_fall_004699,4699,18,train,usable,,images/nlb_fall_004699.png,annotations/nlb_fall_004699.json,masks/nlb_fall_004699.png,all_tracks,images/train/nlb_fall_004699.png,labels/train/nlb_fall_004699.txt,1,1,0,8,100131.0,"[""environment:rural"", ""light:auto_bright_dark"", ""light:natural"", ""light:uniform"", ""time_of_day:day"", ""track_layout:curve"", ""weather:cloudy""]"
nlb_fall_004730,4730,18,train,usable,,images/nlb_fall_004730.png,annotations/nlb_fall_004730.json,masks/nlb_fall_004730.png,all_tracks,images/train/nlb_fall_004730.png,labels/train/nlb_fall_004730.txt,1,1,0,10,103575.5,"[""environment:rural"", ""light:auto_bright_dark"", ""light:natural"", ""light:uniform"", ""time_of_day:day"", ""track_layout:curve"", ""track_layout:parallel structures"", ""weather:cloudy""]"
nlb_fall_004745,4745,18,train,usable,,images/nlb_fall_004745.png,annotations/nlb_fall_004745.json,masks/nlb_fall_004745.png,all_tracks,images/train/nlb_fall_004745.png,labels/train/nlb_fall_004745.txt,1,1,0,5,99745.0,"[""environment:rural"", ""light:auto_bright_dark"", ""light:natural"", ""light:uniform"", ""time_of_day:day"", ""track_layout:orthogonal structures"", ""track_layout:straight"", ""weather:cloudy""]"
nlb_fall_004758,4758,19,train,usable,,images/nlb_fall_004758.png,annotations/nlb_fall_004758.json,masks/nlb_fall_004758.png,all_tracks,images/train/nlb_fall_004758.png,labels/train/nlb_fall_004758.txt,1,1,0,10,100098.5,"[""environment:rural"", ""light:auto_bright_dark"", ""light:natural"", ""light:uniform"", ""time_of_day:day"", ""track_layout:curve"", ""track_layout:orthogonal structures"", ""weather:cloudy""]"
nlb_fall_004779,4779,19,train,usable,,images/nlb_fall_004779.png,annotations/nlb_fall_004779.json,masks/nlb_fall_004779.png,all_tracks,images/train/nlb_fall_004779.png,labels/train/nlb_fall_004779.txt,1,1,0,10,100224.0,"[""environment:rural"", ""light:auto_bright_dark"", ""light:natural"", ""light:uniform"", ""time_of_day:day"", ""track_layout:curve"", ""track_layout:orthogonal structures"", ""weather:cloudy""]"
nlb_fall_004789,4789,19,train,usable,,images/nlb_fall_004789.png,annotations/nlb_fall_004789.json,masks/nlb_fall_004789.png,all_tracks,images/train/nlb_fall_004789.png,labels/train/nlb_fall_004789.txt,1,1,0,9,93248.0,"[""environment:rural"", ""light:auto_bright_dark"", ""light:natural"", ""light:uniform"", ""time_of_day:day"", ""track_layout:curve"", ""track_layout:orthogonal structures"", ""weather:cloudy""]"
nlb_fall_004790,4790,19,train,usable,,images/nlb_fall_004790.png,annotations/nlb_fall_004790.json,masks/nlb_fall_004790.png,all_tracks,images/train/nlb_fall_004790.png,labels/train/nlb_fall_004790.txt,1,1,0,10,99648.5,"[""environment:rural"", ""light:auto_bright_dark"", ""light:dark"", ""light:hard shadows"", ""light:natural"", ""time_of_day:day"", ""track_layout:curve"", ""track_layout:orthogonal structures"", ""weather:cloudy""]"
nlb_fall_004805,4805,19,train,usable,,images/nlb_fall_004805.png,annotations/nlb_fall_004805.json,masks/nlb_fall_004805.png,all_tracks,images/train/nlb_fall_004805.png,labels/train/nlb_fall_004805.txt,1,2,1,10,99960.5,"[""environment:rural"", ""environment:urban"", ""light:auto_bright_dark"", ""light:natural"", ""light:uniform"", ""time_of_day:day"", ""track_layout:curve"", ""weather:cloudy""]"
nlb_fall_004812,4812,19,train,usable,,images/nlb_fall_004812.png,annotations/nlb_fall_004812.json,masks/nlb_fall_004812.png,all_tracks,images/train/nlb_fall_004812.png,labels/train/nlb_fall_004812.txt,1,1,0,12,104418.5,"[""environment:rural"", ""light:auto_bright_dark"", ""light:natural"", ""light:uniform"", ""time_of_day:day"", ""track_layout:curve"", ""track_layout:orthogonal structures"", ""weather:cloudy""]"
nlb_fall_004813,4813,19,train,usable,,images/nlb_fall_004813.png,annotations/nlb_fall_004813.json,masks/nlb_fall_004813.png,all_tracks,images/train/nlb_fall_004813.png,labels/train/nlb_fall_004813.txt,1,1,0,9,105514.5,"[""environment:rural"", ""light:auto_bright_dark"", ""light:natural"", ""light:uniform"", ""time_of_day:day"", ""track_layout:curve"", ""track_layout:orthogonal structures"", ""weather:cloudy""]"
nlb_fall_004814,4814,19,train,usable,,images/nlb_fall_004814.png,annotations/nlb_fall_004814.json,masks/nlb_fall_004814.png,all_tracks,images/train/nlb_fall_004814.png,labels/train/nlb_fall_004814.txt,1,1,0,13,105966.5,"[""environment:rural"", ""light:auto_bright_dark"", ""light:natural"", ""light:uniform"", ""time_of_day:day"", ""track_layout:curve"", ""track_layout:orthogonal structures"", ""weather:cloudy""]"
nlb_fall_004817,4817,19,train,usable,,images/nlb_fall_004817.png,annotations/nlb_fall_004817.json,masks/nlb_fall_004817.png,all_tracks,images/train/nlb_fall_004817.png,labels/train/nlb_fall_004817.txt,1,3,2,9,102794.5,"[""environment:urban"", ""light:auto_bright_dark"", ""light:natural"", ""light:uniform"", ""time_of_day:day"", ""track_layout:curve"", ""weather:cloudy""]"
nlb_fall_004818,4818,19,train,usable,,images/nlb_fall_004818.png,annotations/nlb_fall_004818.json,masks/nlb_fall_004818.png,all_tracks,images/train/nlb_fall_004818.png,labels/train/nlb_fall_004818.txt,1,3,1,6,99520.0,"[""environment:station"", ""environment:urban"", ""light:auto_bright_dark"", ""light:natural"", ""light:uniform"", ""time_of_day:day"", ""track_layout:curve"", ""track_layout:straight"", ""weather:cloudy""]"
nlb_fall_004819,4819,19,train,usable,,images/nlb_fall_004819.png,annotations/nlb_fall_004819.json,masks/nlb_fall_004819.png,all_tracks,images/train/nlb_fall_004819.png,labels/train/nlb_fall_004819.txt,1,2,0,6,101498.5,"[""environment:station"", ""environment:urban"", ""light:auto_bright_dark"", ""light:natural"", ""light:uniform"", ""time_of_day:day"", ""track_layout:straight"", ""weather:cloudy""]"
nlb_fall_004820,4820,19,train,usable,,images/nlb_fall_004820.png,annotations/nlb_fall_004820.json,masks/nlb_fall_004820.png,all_tracks,images/train/nlb_fall_004820.png,labels/train/nlb_fall_004820.txt,1,2,0,5,101561.5,"[""environment:station"", ""environment:urban"", ""light:auto_bright_dark"", ""light:natural"", ""light:uniform"", ""time_of_day:day"", ""track_layout:straight"", ""weather:cloudy""]"
nlb_fall_004821,4821,19,train,usable,,images/nlb_fall_004821.png,annotations/nlb_fall_004821.json,masks/nlb_fall_004821.png,all_tracks,images/train/nlb_fall_004821.png,labels/train/nlb_fall_004821.txt,1,1,0,5,100869.0,"[""environment:station"", ""environment:urban"", ""light:auto_bright_dark"", ""light:natural"", ""light:uniform"", ""time_of_day:day"", ""track_layout:straight"", ""weather:cloudy""]"
nlb_fall_004822,4822,19,train,usable,,images/nlb_fall_004822.png,annotations/nlb_fall_004822.json,masks/nlb_fall_004822.png,all_tracks,images/train/nlb_fall_004822.png,labels/train/nlb_fall_004822.txt,1,1,0,5,102131.0,"[""environment:station"", ""environment:urban"", ""light:auto_bright_dark"", ""light:natural"", ""light:uniform"", ""time_of_day:day"", ""track_layout:straight"", ""weather:cloudy""]"
nlb_fall_004823,4823,19,train,usable,,images/nlb_fall_004823.png,annotations/nlb_fall_004823.json,masks/nlb_fall_004823.png,all_tracks,images/train/nlb_fall_004823.png,labels/train/nlb_fall_004823.txt,1,1,0,5,100699.5,"[""environment:station"", ""environment:urban"", ""light:auto_bright_dark"", ""light:natural"", ""light:uniform"", ""time_of_day:day"", ""track_layout:straight"", ""weather:cloudy""]"
nlb_fall_004824,4824,19,train,usable,,images/nlb_fall_004824.png,annotations/nlb_fall_004824.json,masks/nlb_fall_004824.png,all_tracks,images/train/nlb_fall_004824.png,labels/train/nlb_fall_004824.txt,1,3,1,5,98362.5,"[""environment:station"", ""environment:urban"", ""light:auto_bright_dark"", ""light:natural"", ""light:uniform"", ""time_of_day:day"", ""track_layout:curve"", ""track_layout:straight"", ""weather:cloudy""]"
nlb_fall_004825,4825,19,train,usable,,images/nlb_fall_004825.png,annotations/nlb_fall_004825.json,masks/nlb_fall_004825.png,all_tracks,images/train/nlb_fall_004825.png,labels/train/nlb_fall_004825.txt,1,3,1,5,99112.5,"[""environment:station"", ""environment:urban"", ""light:auto_bright_dark"", ""light:natural"", ""light:uniform"", ""time_of_day:day"", ""track_layout:curve"", ""track_layout:straight"", ""weather:cloudy""]"
nlb_fall_004882,4882,19,train,usable,,images/nlb_fall_004882.png,annotations/nlb_fall_004882.json,masks/nlb_fall_004882.png,all_tracks,images/train/nlb_fall_004882.png,labels/train/nlb_fall_004882.txt,1,3,1,5,100257.0,"[""environment:station"", ""environment:urban"", ""light:auto_bright_dark"", ""light:natural"", ""light:uniform"", ""time_of_day:day"", ""track_layout:curve"", ""track_layout:straight"", ""weather:cloudy""]"
nlb_fall_004883,4883,19,train,usable,,images/nlb_fall_004883.png,annotations/nlb_fall_004883.json,masks/nlb_fall_004883.png,all_tracks,images/train/nlb_fall_004883.png,labels/train/nlb_fall_004883.txt,1,3,1,5,101419.5,"[""environment:station"", ""environment:urban"", ""light:auto_bright_dark"", ""light:natural"", ""light:uniform"", ""time_of_day:day"", ""track_layout:curve"", ""track_layout:straight"", ""weather:cloudy""]"
nlb_fall_004884,4884,19,train,usable,,images/nlb_fall_004884.png,annotations/nlb_fall_004884.json,masks/nlb_fall_004884.png,all_tracks,images/train/nlb_fall_004884.png,labels/train/nlb_fall_004884.txt,1,3,1,6,100293.0,"[""environment:station"", ""environment:urban"", ""light:auto_bright_dark"", ""light:natural"", ""light:uniform"", ""time_of_day:day"", ""track_layout:curve"", ""track_layout:straight"", ""weather:cloudy""]"
nlb_fall_004885,4885,19,train,usable,,images/nlb_fall_004885.png,annotations/nlb_fall_004885.json,masks/nlb_fall_004885.png,all_tracks,images/train/nlb_fall_004885.png,labels/train/nlb_fall_004885.txt,1,4,2,7,99603.5,"[""environment:station"", ""environment:urban"", ""light:auto_bright_dark"", ""light:natural"", ""light:uniform"", ""time_of_day:day"", ""track_layout:curve"", ""track_layout:straight"", ""weather:cloudy""]"
nlb_fall_004886,4886,19,train,usable,,images/nlb_fall_004886.png,annotations/nlb_fall_004886.json,masks/nlb_fall_004886.png,all_tracks,images/train/nlb_fall_004886.png,labels/train/nlb_fall_004886.txt,1,4,2,5,99490.5,"[""environment:station"", ""environment:urban"", ""light:auto_bright_dark"", ""light:natural"", ""light:uniform"", ""time_of_day:day"", ""track_layout:curve"", ""track_layout:straight"", ""weather:cloudy""]"
nlb_fall_004887,4887,19,train,usable,,images/nlb_fall_004887.png,annotations/nlb_fall_004887.json,masks/nlb_fall_004887.png,all_tracks,images/train/nlb_fall_004887.png,labels/train/nlb_fall_004887.txt,1,4,2,4,98783.0,"[""environment:urban"", ""light:auto_bright_dark"", ""light:natural"", ""light:uniform"", ""time_of_day:day"", ""track_layout:curve"", ""track_layout:straight"", ""weather:cloudy""]"
nlb_fall_004888,4888,19,train,usable,,images/nlb_fall_004888.png,annotations/nlb_fall_004888.json,masks/nlb_fall_004888.png,all_tracks,images/train/nlb_fall_004888.png,labels/train/nlb_fall_004888.txt,1,4,2,9,99570.0,"[""environment:urban"", ""light:auto_bright_dark"", ""light:natural"", ""light:uniform"", ""time_of_day:day"", ""track_layout:curve"", ""track_layout:straight"", ""weather:cloudy""]"
nlb_fall_004889,4889,19,train,usable,,images/nlb_fall_004889.png,annotations/nlb_fall_004889.json,masks/nlb_fall_004889.png,all_tracks,images/train/nlb_fall_004889.png,labels/train/nlb_fall_004889.txt,1,4,2,10,101827.5,"[""environment:urban"", ""light:auto_bright_dark"", ""light:natural"", ""light:uniform"", ""time_of_day:day"", ""track_layout:curve"", ""track_layout:straight"", ""weather:cloudy""]"
nlb_fall_004890,4890,19,train,usable,,images/nlb_fall_004890.png,annotations/nlb_fall_004890.json,masks/nlb_fall_004890.png,all_tracks,images/train/nlb_fall_004890.png,labels/train/nlb_fall_004890.txt,1,4,3,10,100564.5,"[""environment:urban"", ""light:auto_bright_dark"", ""light:natural"", ""light:uniform"", ""time_of_day:day"", ""track_layout:curve"", ""weather:cloudy""]"
nlb_fall_004891,4891,19,train,usable,,images/nlb_fall_004891.png,annotations/nlb_fall_004891.json,masks/nlb_fall_004891.png,all_tracks,images/train/nlb_fall_004891.png,labels/train/nlb_fall_004891.txt,1,3,1,10,101059.0,"[""environment:urban"", ""light:auto_bright_dark"", ""light:natural"", ""light:uniform"", ""time_of_day:day"", ""track_layout:curve"", ""weather:cloudy""]"
nlb_fall_004892,4892,19,train,usable,,images/nlb_fall_004892.png,annotations/nlb_fall_004892.json,masks/nlb_fall_004892.png,all_tracks,images/train/nlb_fall_004892.png,labels/train/nlb_fall_004892.txt,1,4,1,14,100407.0,"[""environment:urban"", ""light:auto_bright_dark"", ""light:natural"", ""light:uniform"", ""time_of_day:day"", ""track_layout:curve"", ""weather:cloudy""]"
nlb_fall_004893,4893,19,train,usable,,images/nlb_fall_004893.png,annotations/nlb_fall_004893.json,masks/nlb_fall_004893.png,all_tracks,images/train/nlb_fall_004893.png,labels/train/nlb_fall_004893.txt,1,4,0,10,98552.0,"[""environment:rural"", ""environment:urban"", ""light:auto_bright_dark"", ""light:natural"", ""light:uniform"", ""time_of_day:day"", ""track_layout:curve"", ""track_layout:orthogonal structures"", ""weather:cloudy""]"
nlb_fall_004894,4894,19,train,usable,,images/nlb_fall_004894.png,annotations/nlb_fall_004894.json,masks/nlb_fall_004894.png,all_tracks,images/train/nlb_fall_004894.png,labels/train/nlb_fall_004894.txt,1,4,1,11,102536.0,"[""environment:rural"", ""environment:urban"", ""light:auto_bright_dark"", ""light:natural"", ""light:uniform"", ""time_of_day:day"", ""track_layout:curve"", ""track_layout:orthogonal structures"", ""weather:cloudy""]"
nlb_fall_004895,4895,19,train,usable,,images/nlb_fall_004895.png,annotations/nlb_fall_004895.json,masks/nlb_fall_004895.png,all_tracks,images/train/nlb_fall_004895.png,labels/train/nlb_fall_004895.txt,1,3,3,14,100069.5,"[""environment:rural"", ""environment:urban"", ""light:auto_bright_dark"", ""light:natural"", ""light:uniform"", ""time_of_day:day"", ""track_layout:curve"", ""weather:cloudy""]"
nlb_fall_004896,4896,19,train,usable,,images/nlb_fall_004896.png,annotations/nlb_fall_004896.json,masks/nlb_fall_004896.png,all_tracks,images/train/nlb_fall_004896.png,labels/train/nlb_fall_004896.txt,1,3,0,14,101407.0,"[""environment:rural"", ""environment:urban"", ""light:auto_bright_dark"", ""light:natural"", ""light:uniform"", ""time_of_day:day"", ""track_layout:curve"", ""weather:cloudy""]"
nlb_fall_004897,4897,19,train,usable,,images/nlb_fall_004897.png,annotations/nlb_fall_004897.json,masks/nlb_fall_004897.png,all_tracks,images/train/nlb_fall_004897.png,labels/train/nlb_fall_004897.txt,1,1,0,14,99777.5,"[""environment:rural"", ""environment:urban"", ""light:auto_bright_dark"", ""light:natural"", ""light:uniform"", ""time_of_day:day"", ""track_layout:curve"", ""weather:cloudy""]"
nlb_fall_004898,4898,19,train,usable,,images/nlb_fall_004898.png,annotations/nlb_fall_004898.json,masks/nlb_fall_004898.png,all_tracks,images/train/nlb_fall_004898.png,labels/train/nlb_fall_004898.txt,1,2,0,14,103535.5,"[""environment:rural"", ""environment:urban"", ""light:auto_bright_dark"", ""light:natural"", ""light:uniform"", ""time_of_day:day"", ""track_layout:curve"", ""track_layout:straight"", ""weather:cloudy""]"
nlb_fall_004899,4899,19,train,usable,,images/nlb_fall_004899.png,annotations/nlb_fall_004899.json,masks/nlb_fall_004899.png,all_tracks,images/train/nlb_fall_004899.png,labels/train/nlb_fall_004899.txt,1,2,0,8,100710.0,"[""environment:rural"", ""environment:urban"", ""light:auto_bright_dark"", ""light:natural"", ""light:uniform"", ""time_of_day:day"", ""track_layout:straight"", ""weather:cloudy""]"
nlb_fall_004900,4900,19,train,usable,,images/nlb_fall_004900.png,annotations/nlb_fall_004900.json,masks/nlb_fall_004900.png,all_tracks,images/train/nlb_fall_004900.png,labels/train/nlb_fall_004900.txt,1,2,0,8,100356.0,"[""environment:rural"", ""environment:urban"", ""light:auto_bright_dark"", ""light:natural"", ""light:uniform"", ""time_of_day:day"", ""track_layout:straight"", ""weather:cloudy""]"
nlb_fall_004901,4901,19,train,usable,,images/nlb_fall_004901.png,annotations/nlb_fall_004901.json,masks/nlb_fall_004901.png,all_tracks,images/train/nlb_fall_004901.png,labels/train/nlb_fall_004901.txt,1,2,0,10,101054.5,"[""environment:rural"", ""light:auto_bright_dark"", ""light:natural"", ""light:uniform"", ""time_of_day:day"", ""track_layout:curve"", ""track_layout:straight"", ""weather:cloudy""]"
nlb_fall_004902,4902,19,train,usable,,images/nlb_fall_004902.png,annotations/nlb_fall_004902.json,masks/nlb_fall_004902.png,all_tracks,images/train/nlb_fall_004902.png,labels/train/nlb_fall_004902.txt,1,2,0,10,100115.5,"[""environment:rural"", ""light:auto_bright_dark"", ""light:natural"", ""light:uniform"", ""time_of_day:day"", ""track_layout:curve"", ""weather:cloudy""]"
nlb_fall_004903,4903,19,train,usable,,images/nlb_fall_004903.png,annotations/nlb_fall_004903.json,masks/nlb_fall_004903.png,all_tracks,images/train/nlb_fall_004903.png,labels/train/nlb_fall_004903.txt,1,2,0,10,100485.0,"[""environment:rural"", ""light:auto_bright_dark"", ""light:natural"", ""light:uniform"", ""time_of_day:day"", ""track_layout:curve"", ""weather:cloudy""]"
nlb_fall_004904,4904,19,train,usable,,images/nlb_fall_004904.png,annotations/nlb_fall_004904.json,masks/nlb_fall_004904.png,all_tracks,images/train/nlb_fall_004904.png,labels/train/nlb_fall_004904.txt,1,3,1,12,101900.0,"[""environment:rural"", ""light:auto_bright_dark"", ""light:natural"", ""light:uniform"", ""time_of_day:day"", ""track_layout:curve"", ""weather:cloudy""]"
nlb_fall_004905,4905,19,train,usable,,images/nlb_fall_004905.png,annotations/nlb_fall_004905.json,masks/nlb_fall_004905.png,all_tracks,images/train/nlb_fall_004905.png,labels/train/nlb_fall_004905.txt,1,2,0,14,104748.5,"[""environment:rural"", ""light:auto_bright_dark"", ""light:natural"", ""light:uniform"", ""time_of_day:day"", ""track_layout:curve"", ""track_layout:orthogonal structures"", ""weather:cloudy""]"
nlb_fall_004906,4906,19,train,usable,,images/nlb_fall_004906.png,annotations/nlb_fall_004906.json,masks/nlb_fall_004906.png,all_tracks,images/train/nlb_fall_004906.png,labels/train/nlb_fall_004906.txt,1,2,1,11,100085.0,"[""environment:rural"", ""light:auto_bright_dark"", ""light:natural"", ""light:uniform"", ""time_of_day:day"", ""track_layout:curve"", ""track_layout:orthogonal structures"", ""weather:cloudy""]"
nlb_fall_004909,4909,19,train,usable,,images/nlb_fall_004909.png,annotations/nlb_fall_004909.json,masks/nlb_fall_004909.png,all_tracks,images/train/nlb_fall_004909.png,labels/train/nlb_fall_004909.txt,1,2,1,10,101923.0,"[""environment:rural"", ""light:auto_bright_dark"", ""light:natural"", ""light:uniform"", ""time_of_day:day"", ""track_layout:curve"", ""weather:cloudy""]"
nlb_fall_004910,4910,19,train,usable,,images/nlb_fall_004910.png,annotations/nlb_fall_004910.json,masks/nlb_fall_004910.png,all_tracks,images/train/nlb_fall_004910.png,labels/train/nlb_fall_004910.txt,1,2,1,10,102037.0,"[""environment:rural"", ""light:auto_bright_dark"", ""light:natural"", ""light:uniform"", ""time_of_day:day"", ""track_layout:curve"", ""weather:cloudy""]"
nlb_fall_004912,4912,19,train,usable,,images/nlb_fall_004912.png,annotations/nlb_fall_004912.json,masks/nlb_fall_004912.png,all_tracks,images/train/nlb_fall_004912.png,labels/train/nlb_fall_004912.txt,1,1,0,12,109207.0,"[""environment:rural"", ""light:auto_bright_dark"", ""light:natural"", ""light:uniform"", ""time_of_day:day"", ""track_layout:curve"", ""track_layout:parallel structures"", ""weather:cloudy""]"
nlb_fall_004913,4913,19,train,usable,,images/nlb_fall_004913.png,annotations/nlb_fall_004913.json,masks/nlb_fall_004913.png,all_tracks,images/train/nlb_fall_004913.png,labels/train/nlb_fall_004913.txt,1,1,0,9,106253.0,"[""environment:rural"", ""light:auto_bright_dark"", ""light:natural"", ""light:uniform"", ""time_of_day:day"", ""track_layout:curve"", ""track_layout:orthogonal structures"", ""weather:cloudy""]"
nlb_fall_004914,4914,19,train,usable,,images/nlb_fall_004914.png,annotations/nlb_fall_004914.json,masks/nlb_fall_004914.png,all_tracks,images/train/nlb_fall_004914.png,labels/train/nlb_fall_004914.txt,1,1,0,10,108026.5,"[""environment:rural"", ""light:auto_bright_dark"", ""light:natural"", ""light:uniform"", ""time_of_day:day"", ""track_layout:curve"", ""track_layout:orthogonal structures"", ""weather:cloudy""]"
nlb_fall_004915,4915,19,train,usable,,images/nlb_fall_004915.png,annotations/nlb_fall_004915.json,masks/nlb_fall_004915.png,all_tracks,images/train/nlb_fall_004915.png,labels/train/nlb_fall_004915.txt,1,3,0,13,106143.0,"[""environment:rural"", ""light:auto_bright_dark"", ""light:dark"", ""light:natural"", ""light:uniform"", ""time_of_day:day"", ""track_layout:curve"", ""weather:cloudy""]"
nlb_fall_004916,4916,19,train,usable,,images/nlb_fall_004916.png,annotations/nlb_fall_004916.json,masks/nlb_fall_004916.png,all_tracks,images/train/nlb_fall_004916.png,labels/train/nlb_fall_004916.txt,1,3,1,11,107616.5,"[""environment:rural"", ""light:auto_bright_dark"", ""light:dark"", ""light:natural"", ""light:uniform"", ""time_of_day:day"", ""track_layout:curve"", ""weather:cloudy""]"
nlb_fall_004917,4917,19,train,usable,,images/nlb_fall_004917.png,annotations/nlb_fall_004917.json,masks/nlb_fall_004917.png,all_tracks,images/train/nlb_fall_004917.png,labels/train/nlb_fall_004917.txt,1,2,0,11,107713.0,"[""environment:rural"", ""light:auto_bright_dark"", ""light:natural"", ""light:uniform"", ""time_of_day:day"", ""track_layout:curve"", ""weather:cloudy""]"
nlb_fall_004918,4918,19,train,usable,,images/nlb_fall_004918.png,annotations/nlb_fall_004918.json,masks/nlb_fall_004918.png,all_tracks,images/train/nlb_fall_004918.png,labels/train/nlb_fall_004918.txt,1,2,1,5,100621.5,"[""environment:rural"", ""light:auto_bright_dark"", ""light:natural"", ""light:uniform"", ""time_of_day:day"", ""track_layout:curve"", ""track_layout:parallel structures"", ""track_layout:straight"", ""weather:cloudy""]"
nlb_fall_004919,4919,19,train,usable,,images/nlb_fall_004919.png,annotations/nlb_fall_004919.json,masks/nlb_fall_004919.png,all_tracks,images/train/nlb_fall_004919.png,labels/train/nlb_fall_004919.txt,1,2,1,7,100074.5,"[""environment:rural"", ""light:auto_bright_dark"", ""light:natural"", ""light:uniform"", ""time_of_day:day"", ""track_layout:curve"", ""track_layout:parallel structures"", ""track_layout:straight"", ""weather:cloudy""]"
nlb_fall_004920,4920,19,train,usable,,images/nlb_fall_004920.png,annotations/nlb_fall_004920.json,masks/nlb_fall_004920.png,all_tracks,images/train/nlb_fall_004920.png,labels/train/nlb_fall_004920.txt,1,2,1,5,98580.5,"[""environment:rural"", ""light:auto_bright_dark"", ""light:natural"", ""light:uniform"", ""time_of_day:day"", ""track_layout:curve"", ""track_layout:parallel structures"", ""track_layout:straight"", ""weather:cloudy""]"
nlb_fall_004921,4921,19,train,usable,,images/nlb_fall_004921.png,annotations/nlb_fall_004921.json,masks/nlb_fall_004921.png,all_tracks,images/train/nlb_fall_004921.png,labels/train/nlb_fall_004921.txt,1,2,1,5,99186.0,"[""environment:rural"", ""light:auto_bright_dark"", ""light:natural"", ""light:uniform"", ""time_of_day:day"", ""track_layout:parallel structures"", ""track_layout:straight"", ""weather:cloudy""]"
nlb_fall_004922,4922,19,train,usable,,images/nlb_fall_004922.png,annotations/nlb_fall_004922.json,masks/nlb_fall_004922.png,all_tracks,images/train/nlb_fall_004922.png,labels/train/nlb_fall_004922.txt,1,1,0,6,100708.0,"[""environment:rural"", ""light:auto_bright_dark"", ""light:natural"", ""light:uniform"", ""time_of_day:day"", ""track_layout:parallel structures"", ""track_layout:straight"", ""weather:cloudy""]"
nlb_fall_004923,4923,19,train,usable,,images/nlb_fall_004923.png,annotations/nlb_fall_004923.json,masks/nlb_fall_004923.png,all_tracks,images/train/nlb_fall_004923.png,labels/train/nlb_fall_004923.txt,1,1,0,10,102026.5,"[""environment:rural"", ""light:auto_bright_dark"", ""light:natural"", ""light:uniform"", ""time_of_day:day"", ""track_layout:curve"", ""track_layout:parallel structures"", ""weather:cloudy""]"
nlb_fall_004924,4924,19,train,usable,,images/nlb_fall_004924.png,annotations/nlb_fall_004924.json,masks/nlb_fall_004924.png,all_tracks,images/train/nlb_fall_004924.png,labels/train/nlb_fall_004924.txt,1,1,0,9,101725.5,"[""environment:rural"", ""light:auto_bright_dark"", ""light:natural"", ""light:uniform"", ""time_of_day:day"", ""track_layout:curve"", ""track_layout:parallel structures"", ""weather:cloudy""]"
nlb_fall_004925,4925,19,train,usable,,images/nlb_fall_004925.png,annotations/nlb_fall_004925.json,masks/nlb_fall_004925.png,all_tracks,images/train/nlb_fall_004925.png,labels/train/nlb_fall_004925.txt,1,1,0,9,102189.5,"[""environment:rural"", ""light:auto_bright_dark"", ""light:natural"", ""light:uniform"", ""time_of_day:day"", ""track_layout:curve"", ""track_layout:parallel structures"", ""weather:cloudy""]"
nlb_fall_004926,4926,19,train,usable,,images/nlb_fall_004926.png,annotations/nlb_fall_004926.json,masks/nlb_fall_004926.png,all_tracks,images/train/nlb_fall_004926.png,labels/train/nlb_fall_004926.txt,1,1,0,8,100782.5,"[""environment:rural"", ""light:auto_bright_dark"", ""light:natural"", ""light:uniform"", ""time_of_day:day"", ""track_layout:curve"", ""track_layout:parallel structures"", ""weather:cloudy""]"
nlb_fall_004929,4929,19,train,usable,,images/nlb_fall_004929.png,annotations/nlb_fall_004929.json,masks/nlb_fall_004929.png,all_tracks,images/train/nlb_fall_004929.png,labels/train/nlb_fall_004929.txt,1,1,0,11,103105.0,"[""environment:rural"", ""light:auto_bright_dark"", ""light:natural"", ""light:uniform"", ""time_of_day:day"", ""track_layout:curve"", ""track_layout:parallel structures"", ""weather:cloudy""]"
nlb_fall_004931,4931,19,train,usable,,images/nlb_fall_004931.png,annotations/nlb_fall_004931.json,masks/nlb_fall_004931.png,all_tracks,images/train/nlb_fall_004931.png,labels/train/nlb_fall_004931.txt,1,1,0,6,98427.5,"[""environment:rural"", ""light:auto_bright_dark"", ""light:natural"", ""light:uniform"", ""time_of_day:day"", ""track_layout:parallel structures"", ""track_layout:straight"", ""weather:cloudy""]"
nlb_fall_004932,4932,19,train,usable,,images/nlb_fall_004932.png,annotations/nlb_fall_004932.json,masks/nlb_fall_004932.png,all_tracks,images/train/nlb_fall_004932.png,labels/train/nlb_fall_004932.txt,1,1,0,11,99349.5,"[""environment:rural"", ""light:auto_bright_dark"", ""light:natural"", ""light:uniform"", ""time_of_day:day"", ""track_layout:curve"", ""track_layout:parallel structures"", ""weather:cloudy""]"
nlb_fall_004942,4942,19,train,usable,,images/nlb_fall_004942.png,annotations/nlb_fall_004942.json,masks/nlb_fall_004942.png,all_tracks,images/train/nlb_fall_004942.png,labels/train/nlb_fall_004942.txt,1,1,0,10,99613.0,"[""environment:rural"", ""light:auto_bright_dark"", ""light:natural"", ""light:uniform"", ""time_of_day:day"", ""track_layout:curve"", ""track_layout:orthogonal structures"", ""weather:cloudy""]"
nlb_fall_005022,5022,20,train,usable,,images/nlb_fall_005022.png,annotations/nlb_fall_005022.json,masks/nlb_fall_005022.png,all_tracks,images/train/nlb_fall_005022.png,labels/train/nlb_fall_005022.txt,1,2,1,6,101576.0,"[""environment:rural"", ""light:auto_bright_dark"", ""light:natural"", ""light:uniform"", ""time_of_day:day"", ""track_layout:curve"", ""track_layout:straight"", ""weather:cloudy""]"
nlb_fall_005023,5023,20,train,usable,,images/nlb_fall_005023.png,annotations/nlb_fall_005023.json,masks/nlb_fall_005023.png,all_tracks,images/train/nlb_fall_005023.png,labels/train/nlb_fall_005023.txt,1,2,0,5,100704.5,"[""environment:rural"", ""light:auto_bright_dark"", ""light:natural"", ""light:uniform"", ""time_of_day:day"", ""track_layout:curve"", ""track_layout:straight"", ""weather:cloudy""]"
nlb_fall_005024,5024,20,train,usable,,images/nlb_fall_005024.png,annotations/nlb_fall_005024.json,masks/nlb_fall_005024.png,all_tracks,images/train/nlb_fall_005024.png,labels/train/nlb_fall_005024.txt,1,2,0,5,100949.0,"[""environment:rural"", ""light:auto_bright_dark"", ""light:natural"", ""light:uniform"", ""time_of_day:day"", ""track_layout:straight"", ""weather:cloudy""]"
nlb_fall_005025,5025,20,train,usable,,images/nlb_fall_005025.png,annotations/nlb_fall_005025.json,masks/nlb_fall_005025.png,all_tracks,images/train/nlb_fall_005025.png,labels/train/nlb_fall_005025.txt,1,2,0,6,100700.5,"[""environment:rural"", ""light:auto_bright_dark"", ""light:natural"", ""light:uniform"", ""time_of_day:day"", ""track_layout:straight"", ""weather:cloudy""]"
nlb_fall_005026,5026,20,train,usable,,images/nlb_fall_005026.png,annotations/nlb_fall_005026.json,masks/nlb_fall_005026.png,all_tracks,images/train/nlb_fall_005026.png,labels/train/nlb_fall_005026.txt,1,2,0,5,100915.5,"[""environment:rural"", ""light:auto_bright_dark"", ""light:natural"", ""light:uniform"", ""time_of_day:day"", ""track_layout:straight"", ""weather:cloudy""]"
nlb_fall_005027,5027,20,train,usable,,images/nlb_fall_005027.png,annotations/nlb_fall_005027.json,masks/nlb_fall_005027.png,all_tracks,images/train/nlb_fall_005027.png,labels/train/nlb_fall_005027.txt,1,2,0,5,100075.0,"[""environment:rural"", ""light:auto_bright_dark"", ""light:natural"", ""light:uniform"", ""time_of_day:day"", ""track_layout:straight"", ""weather:cloudy""]"
nlb_fall_005028,5028,20,train,usable,,images/nlb_fall_005028.png,annotations/nlb_fall_005028.json,masks/nlb_fall_005028.png,all_tracks,images/train/nlb_fall_005028.png,labels/train/nlb_fall_005028.txt,1,2,1,8,99752.0,"[""environment:rural"", ""light:auto_bright_dark"", ""light:natural"", ""light:uniform"", ""time_of_day:day"", ""track_layout:curve"", ""track_layout:straight"", ""weather:cloudy""]"
nlb_fall_005029,5029,20,train,usable,,images/nlb_fall_005029.png,annotations/nlb_fall_005029.json,masks/nlb_fall_005029.png,all_tracks,images/train/nlb_fall_005029.png,labels/train/nlb_fall_005029.txt,1,2,1,9,101487.5,"[""environment:rural"", ""light:auto_bright_dark"", ""light:natural"", ""light:uniform"", ""time_of_day:day"", ""track_layout:curve"", ""weather:cloudy""]"
nlb_fall_005193,5193,20,train,usable,,images/nlb_fall_005193.png,annotations/nlb_fall_005193.json,masks/nlb_fall_005193.png,all_tracks,images/train/nlb_fall_005193.png,labels/train/nlb_fall_005193.txt,1,2,1,6,99894.0,"[""environment:rural"", ""light:auto_bright_dark"", ""light:natural"", ""light:uniform"", ""time_of_day:day"", ""track_layout:curve"", ""track_layout:straight"", ""weather:cloudy""]"
nlb_fall_005194,5194,20,train,usable,,images/nlb_fall_005194.png,annotations/nlb_fall_005194.json,masks/nlb_fall_005194.png,all_tracks,images/train/nlb_fall_005194.png,labels/train/nlb_fall_005194.txt,1,3,2,4,101616.5,"[""environment:rural"", ""light:auto_bright_dark"", ""light:natural"", ""light:uniform"", ""time_of_day:day"", ""track_layout:curve"", ""track_layout:straight"", ""weather:cloudy""]"
nlb_fall_005195,5195,20,train,usable,,images/nlb_fall_005195.png,annotations/nlb_fall_005195.json,masks/nlb_fall_005195.png,all_tracks,images/train/nlb_fall_005195.png,labels/train/nlb_fall_005195.txt,1,4,2,10,100159.5,"[""environment:rural"", ""light:auto_bright_dark"", ""light:natural"", ""light:uniform"", ""time_of_day:day"", ""track_layout:curve"", ""track_layout:straight"", ""weather:cloudy""]"
nlb_fall_005196,5196,20,train,usable,,images/nlb_fall_005196.png,annotations/nlb_fall_005196.json,masks/nlb_fall_005196.png,all_tracks,images/train/nlb_fall_005196.png,labels/train/nlb_fall_005196.txt,1,3,0,10,99715.5,"[""environment:rural"", ""light:auto_bright_dark"", ""light:natural"", ""light:uniform"", ""time_of_day:day"", ""track_layout:curve"", ""weather:cloudy""]"
nlb_fall_005197,5197,20,train,usable,,images/nlb_fall_005197.png,annotations/nlb_fall_005197.json,masks/nlb_fall_005197.png,all_tracks,images/train/nlb_fall_005197.png,labels/train/nlb_fall_005197.txt,1,3,0,12,99483.0,"[""environment:rural"", ""light:auto_bright_dark"", ""light:natural"", ""light:uniform"", ""time_of_day:day"", ""track_layout:curve"", ""weather:cloudy""]"
nlb_fall_005198,5198,20,train,usable,,images/nlb_fall_005198.png,annotations/nlb_fall_005198.json,masks/nlb_fall_005198.png,all_tracks,images/train/nlb_fall_005198.png,labels/train/nlb_fall_005198.txt,1,3,0,10,100322.5,"[""environment:rural"", ""light:auto_bright_dark"", ""light:natural"", ""light:uniform"", ""time_of_day:day"", ""track_layout:curve"", ""weather:cloudy""]"
nlb_fall_005199,5199,20,train,usable,,images/nlb_fall_005199.png,annotations/nlb_fall_005199.json,masks/nlb_fall_005199.png,all_tracks,images/train/nlb_fall_005199.png,labels/train/nlb_fall_005199.txt,1,3,0,11,99844.0,"[""environment:rural"", ""light:auto_bright_dark"", ""light:natural"", ""light:uniform"", ""time_of_day:day"", ""track_layout:curve"", ""weather:cloudy""]"
nlb_fall_005270,5270,21,train,usable,,images/nlb_fall_005270.png,annotations/nlb_fall_005270.json,masks/nlb_fall_005270.png,all_tracks,images/train/nlb_fall_005270.png,labels/train/nlb_fall_005270.txt,1,2,1,12,100756.5,"[""environment:rural"", ""light:auto_bright_dark"", ""light:natural"", ""light:uniform"", ""time_of_day:day"", ""track_layout:curve"", ""track_layout:straight"", ""weather:cloudy""]"
nlb_fall_005271,5271,21,train,usable,,images/nlb_fall_005271.png,annotations/nlb_fall_005271.json,masks/nlb_fall_005271.png,all_tracks,images/train/nlb_fall_005271.png,labels/train/nlb_fall_005271.txt,1,2,1,14,77719.5,"[""environment:rural"", ""light:auto_bright_dark"", ""light:natural"", ""light:uniform"", ""time_of_day:day"", ""track_layout:curve"", ""track_layout:straight"", ""weather:cloudy""]"
nlb_fall_005272,5272,21,train,usable,,images/nlb_fall_005272.png,annotations/nlb_fall_005272.json,masks/nlb_fall_005272.png,all_tracks,images/train/nlb_fall_005272.png,labels/train/nlb_fall_005272.txt,1,2,0,10,98773.0,"[""environment:rural"", ""light:auto_bright_dark"", ""light:natural"", ""light:uniform"", ""time_of_day:day"", ""track_layout:curve"", ""track_layout:straight"", ""weather:cloudy""]"
nlb_fall_005273,5273,21,train,usable,,images/nlb_fall_005273.png,annotations/nlb_fall_005273.json,masks/nlb_fall_005273.png,all_tracks,images/train/nlb_fall_005273.png,labels/train/nlb_fall_005273.txt,1,2,0,8,100931.0,"[""environment:rural"", ""light:auto_bright_dark"", ""light:natural"", ""light:uniform"", ""time_of_day:day"", ""track_layout:straight"", ""weather:cloudy""]"
nlb_fall_005274,5274,21,train,usable,,images/nlb_fall_005274.png,annotations/nlb_fall_005274.json,masks/nlb_fall_005274.png,all_tracks,images/train/nlb_fall_005274.png,labels/train/nlb_fall_005274.txt,1,2,0,5,100333.0,"[""environment:rural"", ""light:auto_bright_dark"", ""light:natural"", ""light:uniform"", ""time_of_day:day"", ""track_layout:straight"", ""weather:cloudy""]"
nlb_fall_005275,5275,21,train,usable,,images/nlb_fall_005275.png,annotations/nlb_fall_005275.json,masks/nlb_fall_005275.png,all_tracks,images/train/nlb_fall_005275.png,labels/train/nlb_fall_005275.txt,1,2,0,5,100437.5,"[""environment:rural"", ""light:auto_bright_dark"", ""light:natural"", ""light:uniform"", ""time_of_day:day"", ""track_layout:straight"", ""weather:cloudy""]"
nlb_fall_005276,5276,21,train,usable,,images/nlb_fall_005276.png,annotations/nlb_fall_005276.json,masks/nlb_fall_005276.png,all_tracks,images/train/nlb_fall_005276.png,labels/train/nlb_fall_005276.txt,1,2,0,5,99468.5,"[""environment:rural"", ""light:auto_bright_dark"", ""light:natural"", ""light:uniform"", ""time_of_day:day"", ""track_layout:straight"", ""weather:cloudy""]"
nlb_fall_005277,5277,21,train,usable,,images/nlb_fall_005277.png,annotations/nlb_fall_005277.json,masks/nlb_fall_005277.png,all_tracks,images/train/nlb_fall_005277.png,labels/train/nlb_fall_005277.txt,1,2,0,5,100083.0,"[""environment:rural"", ""light:auto_bright_dark"", ""light:natural"", ""light:uniform"", ""time_of_day:day"", ""track_layout:straight"", ""weather:cloudy""]"
nlb_fall_005278,5278,21,train,usable,,images/nlb_fall_005278.png,annotations/nlb_fall_005278.json,masks/nlb_fall_005278.png,all_tracks,images/train/nlb_fall_005278.png,labels/train/nlb_fall_005278.txt,1,1,0,5,99316.0,"[""environment:rural"", ""light:auto_bright_dark"", ""light:natural"", ""light:uniform"", ""time_of_day:day"", ""track_layout:straight"", ""weather:cloudy""]"
nlb_fall_005279,5279,21,train,usable,,images/nlb_fall_005279.png,annotations/nlb_fall_005279.json,masks/nlb_fall_005279.png,all_tracks,images/train/nlb_fall_005279.png,labels/train/nlb_fall_005279.txt,1,2,1,5,101848.0,"[""environment:rural"", ""light:auto_bright_dark"", ""light:natural"", ""light:uniform"", ""time_of_day:day"", ""track_layout:straight"", ""weather:cloudy""]"
nlb_fall_005280,5280,21,train,usable,,images/nlb_fall_005280.png,annotations/nlb_fall_005280.json,masks/nlb_fall_005280.png,all_tracks,images/train/nlb_fall_005280.png,labels/train/nlb_fall_005280.txt,1,2,1,5,101382.5,"[""environment:rural"", ""light:auto_bright_dark"", ""light:natural"", ""light:uniform"", ""time_of_day:day"", ""track_layout:straight"", ""weather:cloudy""]"
nlb_fall_005281,5281,21,train,usable,,images/nlb_fall_005281.png,annotations/nlb_fall_005281.json,masks/nlb_fall_005281.png,all_tracks,images/train/nlb_fall_005281.png,labels/train/nlb_fall_005281.txt,1,2,1,5,99760.5,"[""environment:rural"", ""light:auto_bright_dark"", ""light:natural"", ""light:uniform"", ""time_of_day:day"", ""track_layout:straight"", ""weather:cloudy""]"
nlb_fall_005282,5282,21,train,usable,,images/nlb_fall_005282.png,annotations/nlb_fall_005282.json,masks/nlb_fall_005282.png,all_tracks,images/train/nlb_fall_005282.png,labels/train/nlb_fall_005282.txt,1,2,2,14,100729.5,"[""environment:rural"", ""light:auto_bright_dark"", ""light:natural"", ""light:uniform"", ""time_of_day:day"", ""track_layout:straight"", ""weather:cloudy""]"
nlb_fall_005283,5283,21,train,usable,,images/nlb_fall_005283.png,annotations/nlb_fall_005283.json,masks/nlb_fall_005283.png,all_tracks,images/train/nlb_fall_005283.png,labels/train/nlb_fall_005283.txt,1,2,2,12,101435.0,"[""environment:rural"", ""light:auto_bright_dark"", ""light:natural"", ""light:uniform"", ""time_of_day:day"", ""track_layout:straight"", ""weather:cloudy""]"
nlb_fall_005301,5301,21,train,usable,,images/nlb_fall_005301.png,annotations/nlb_fall_005301.json,masks/nlb_fall_005301.png,all_tracks,images/train/nlb_fall_005301.png,labels/train/nlb_fall_005301.txt,1,2,2,13,101684.0,"[""environment:rural"", ""light:auto_bright_dark"", ""light:natural"", ""light:uniform"", ""time_of_day:day"", ""track_layout:curve"", ""track_layout:straight"", ""weather:cloudy""]"
nlb_fall_005312,5312,21,train,usable,,images/nlb_fall_005312.png,annotations/nlb_fall_005312.json,masks/nlb_fall_005312.png,all_tracks,images/train/nlb_fall_005312.png,labels/train/nlb_fall_005312.txt,1,3,2,12,99603.5,"[""environment:rural"", ""light:auto_bright_dark"", ""light:natural"", ""light:uniform"", ""time_of_day:day"", ""track_layout:curve"", ""track_layout:straight"", ""weather:cloudy""]"
nlb_fall_005313,5313,21,train,usable,,images/nlb_fall_005313.png,annotations/nlb_fall_005313.json,masks/nlb_fall_005313.png,all_tracks,images/train/nlb_fall_005313.png,labels/train/nlb_fall_005313.txt,1,3,2,17,99637.5,"[""environment:rural"", ""light:auto_bright_dark"", ""light:natural"", ""light:uniform"", ""time_of_day:day"", ""track_layout:curve"", ""track_layout:straight"", ""weather:cloudy""]"
nlb_fall_005314,5314,21,train,usable,,images/nlb_fall_005314.png,annotations/nlb_fall_005314.json,masks/nlb_fall_005314.png,all_tracks,images/train/nlb_fall_005314.png,labels/train/nlb_fall_005314.txt,1,3,2,15,102008.5,"[""environment:rural"", ""light:auto_bright_dark"", ""light:natural"", ""light:uniform"", ""time_of_day:day"", ""track_layout:curve"", ""track_layout:straight"", ""weather:cloudy""]"
nlb_fall_005315,5315,21,train,usable,,images/nlb_fall_005315.png,annotations/nlb_fall_005315.json,masks/nlb_fall_005315.png,all_tracks,images/train/nlb_fall_005315.png,labels/train/nlb_fall_005315.txt,1,2,1,12,98014.0,"[""environment:rural"", ""light:auto_bright_dark"", ""light:natural"", ""light:uniform"", ""time_of_day:day"", ""track_layout:curve"", ""weather:cloudy""]"
nlb_fall_005408,5408,21,train,usable,,images/nlb_fall_005408.png,annotations/nlb_fall_005408.json,masks/nlb_fall_005408.png,all_tracks,images/train/nlb_fall_005408.png,labels/train/nlb_fall_005408.txt,1,1,0,8,101884.5,"[""environment:rural"", ""light:auto_bright_dark"", ""light:natural"", ""light:uniform"", ""time_of_day:day"", ""track_layout:curve"", ""track_layout:parallel structures"", ""weather:cloudy""]"
nlb_fall_005409,5409,21,train,usable,,images/nlb_fall_005409.png,annotations/nlb_fall_005409.json,masks/nlb_fall_005409.png,all_tracks,images/train/nlb_fall_005409.png,labels/train/nlb_fall_005409.txt,1,1,0,12,100583.5,"[""environment:rural"", ""light:auto_bright_dark"", ""light:natural"", ""light:uniform"", ""time_of_day:day"", ""track_layout:curve"", ""track_layout:parallel structures"", ""weather:cloudy""]"
nlb_fall_005546,5546,22,train,usable,,images/nlb_fall_005546.png,annotations/nlb_fall_005546.json,masks/nlb_fall_005546.png,all_tracks,images/train/nlb_fall_005546.png,labels/train/nlb_fall_005546.txt,1,2,1,7,98255.5,"[""environment:rural"", ""light:auto_bright_dark"", ""light:natural"", ""light:uniform"", ""time_of_day:day"", ""track_layout:curve"", ""weather:cloudy""]"
nlb_fall_005547,5547,22,train,usable,,images/nlb_fall_005547.png,annotations/nlb_fall_005547.json,masks/nlb_fall_005547.png,all_tracks,images/train/nlb_fall_005547.png,labels/train/nlb_fall_005547.txt,1,2,0,12,98617.0,"[""environment:rural"", ""light:auto_bright_dark"", ""light:natural"", ""light:uniform"", ""time_of_day:day"", ""track_layout:curve"", ""weather:cloudy""]"
nlb_fall_005548,5548,22,train,usable,,images/nlb_fall_005548.png,annotations/nlb_fall_005548.json,masks/nlb_fall_005548.png,all_tracks,images/train/nlb_fall_005548.png,labels/train/nlb_fall_005548.txt,1,2,0,9,102321.5,"[""environment:rural"", ""light:auto_bright_dark"", ""light:natural"", ""light:uniform"", ""time_of_day:day"", ""track_layout:curve"", ""weather:cloudy""]"
nlb_fall_005549,5549,22,train,usable,,images/nlb_fall_005549.png,annotations/nlb_fall_005549.json,masks/nlb_fall_005549.png,all_tracks,images/train/nlb_fall_005549.png,labels/train/nlb_fall_005549.txt,1,2,1,9,102618.0,"[""environment:rural"", ""light:auto_bright_dark"", ""light:natural"", ""light:uniform"", ""time_of_day:day"", ""track_layout:curve"", ""weather:cloudy""]"
nlb_fall_005789,5789,23,train,usable,,images/nlb_fall_005789.png,annotations/nlb_fall_005789.json,masks/nlb_fall_005789.png,all_tracks,images/train/nlb_fall_005789.png,labels/train/nlb_fall_005789.txt,1,2,0,8,102836.0,"[""environment:rural"", ""light:auto_bright_dark"", ""light:natural"", ""light:uniform"", ""time_of_day:day"", ""track_layout:curve"", ""weather:cloudy""]"
nlb_fall_005790,5790,23,train,usable,,images/nlb_fall_005790.png,annotations/nlb_fall_005790.json,masks/nlb_fall_005790.png,all_tracks,images/train/nlb_fall_005790.png,labels/train/nlb_fall_005790.txt,1,2,0,8,102777.5,"[""environment:rural"", ""light:auto_bright_dark"", ""light:natural"", ""light:uniform"", ""time_of_day:day"", ""track_layout:curve"", ""weather:cloudy""]"
nlb_fall_005791,5791,23,train,usable,,images/nlb_fall_005791.png,annotations/nlb_fall_005791.json,masks/nlb_fall_005791.png,all_tracks,images/train/nlb_fall_005791.png,labels/train/nlb_fall_005791.txt,1,2,0,9,100713.0,"[""environment:rural"", ""light:auto_bright_dark"", ""light:natural"", ""light:uniform"", ""time_of_day:day"", ""track_layout:curve"", ""weather:cloudy""]"
nlb_fall_005792,5792,23,train,usable,,images/nlb_fall_005792.png,annotations/nlb_fall_005792.json,masks/nlb_fall_005792.png,all_tracks,images/train/nlb_fall_005792.png,labels/train/nlb_fall_005792.txt,1,2,0,12,100913.0,"[""environment:rural"", ""light:auto_bright_dark"", ""light:natural"", ""light:uniform"", ""time_of_day:day"", ""track_layout:curve"", ""weather:cloudy""]"
nlb_fall_005793,5793,23,train,usable,,images/nlb_fall_005793.png,annotations/nlb_fall_005793.json,masks/nlb_fall_005793.png,all_tracks,images/train/nlb_fall_005793.png,labels/train/nlb_fall_005793.txt,1,3,0,9,101713.5,"[""environment:rural"", ""light:auto_bright_dark"", ""light:natural"", ""light:uniform"", ""time_of_day:day"", ""track_layout:curve"", ""weather:cloudy""]"
nlb_fall_005794,5794,23,train,usable,,images/nlb_fall_005794.png,annotations/nlb_fall_005794.json,masks/nlb_fall_005794.png,all_tracks,images/train/nlb_fall_005794.png,labels/train/nlb_fall_005794.txt,1,3,0,10,103134.5,"[""environment:rural"", ""light:auto_bright_dark"", ""light:natural"", ""light:uniform"", ""time_of_day:day"", ""track_layout:curve"", ""weather:cloudy""]"
nlb_fall_005795,5795,23,train,usable,,images/nlb_fall_005795.png,annotations/nlb_fall_005795.json,masks/nlb_fall_005795.png,all_tracks,images/train/nlb_fall_005795.png,labels/train/nlb_fall_005795.txt,1,4,0,11,101823.5,"[""environment:rural"", ""light:auto_bright_dark"", ""light:natural"", ""light:uniform"", ""time_of_day:day"", ""track_layout:curve"", ""weather:cloudy""]"
nlb_fall_005801,5801,23,train,usable,,images/nlb_fall_005801.png,annotations/nlb_fall_005801.json,masks/nlb_fall_005801.png,all_tracks,images/train/nlb_fall_005801.png,labels/train/nlb_fall_005801.txt,1,4,0,10,103289.5,"[""environment:rural"", ""light:auto_bright_dark"", ""light:natural"", ""light:uniform"", ""time_of_day:day"", ""track_layout:curve"", ""weather:cloudy""]"
nlb_fall_005821,5821,23,train,usable,,images/nlb_fall_005821.png,annotations/nlb_fall_005821.json,masks/nlb_fall_005821.png,all_tracks,images/train/nlb_fall_005821.png,labels/train/nlb_fall_005821.txt,1,4,0,12,102476.0,"[""environment:rural"", ""light:auto_bright_dark"", ""light:natural"", ""light:uniform"", ""time_of_day:day"", ""track_layout:curve"", ""weather:cloudy""]"
nlb_fall_005822,5822,23,train,usable,,images/nlb_fall_005822.png,annotations/nlb_fall_005822.json,masks/nlb_fall_005822.png,all_tracks,images/train/nlb_fall_005822.png,labels/train/nlb_fall_005822.txt,1,4,3,13,102468.0,"[""environment:rural"", ""light:auto_bright_dark"", ""light:natural"", ""light:uniform"", ""time_of_day:day"", ""track_layout:curve"", ""weather:cloudy""]"
nlb_fall_005823,5823,23,train,usable,,images/nlb_fall_005823.png,annotations/nlb_fall_005823.json,masks/nlb_fall_005823.png,all_tracks,images/train/nlb_fall_005823.png,labels/train/nlb_fall_005823.txt,1,4,3,14,100965.5,"[""environment:rural"", ""light:auto_bright_dark"", ""light:natural"", ""light:uniform"", ""time_of_day:day"", ""track_layout:curve"", ""weather:cloudy""]"
nlb_fall_005824,5824,23,train,usable,,images/nlb_fall_005824.png,annotations/nlb_fall_005824.json,masks/nlb_fall_005824.png,all_tracks,images/train/nlb_fall_005824.png,labels/train/nlb_fall_005824.txt,1,3,3,8,101206.5,"[""environment:rural"", ""light:auto_bright_dark"", ""light:natural"", ""light:uniform"", ""time_of_day:day"", ""track_layout:curve"", ""track_layout:straight"", ""weather:cloudy""]"
nlb_fall_005825,5825,23,train,usable,,images/nlb_fall_005825.png,annotations/nlb_fall_005825.json,masks/nlb_fall_005825.png,all_tracks,images/train/nlb_fall_005825.png,labels/train/nlb_fall_005825.txt,1,3,2,6,98557.0,"[""environment:rural"", ""light:auto_bright_dark"", ""light:natural"", ""light:uniform"", ""time_of_day:day"", ""track_layout:curve"", ""track_layout:straight"", ""weather:cloudy""]"
nlb_fall_005826,5826,23,train,usable,,images/nlb_fall_005826.png,annotations/nlb_fall_005826.json,masks/nlb_fall_005826.png,all_tracks,images/train/nlb_fall_005826.png,labels/train/nlb_fall_005826.txt,1,2,1,10,100787.5,"[""environment:rural"", ""light:auto_bright_dark"", ""light:natural"", ""light:uniform"", ""time_of_day:day"", ""track_layout:curve"", ""weather:cloudy""]"
nlb_fall_005827,5827,23,train,usable,,images/nlb_fall_005827.png,annotations/nlb_fall_005827.json,masks/nlb_fall_005827.png,all_tracks,images/train/nlb_fall_005827.png,labels/train/nlb_fall_005827.txt,1,2,1,10,99157.0,"[""environment:rural"", ""light:auto_bright_dark"", ""light:natural"", ""light:uniform"", ""time_of_day:day"", ""track_layout:curve"", ""weather:cloudy""]"
nlb_fall_006079,6079,24,train,usable,,images/nlb_fall_006079.png,annotations/nlb_fall_006079.json,masks/nlb_fall_006079.png,all_tracks,images/train/nlb_fall_006079.png,labels/train/nlb_fall_006079.txt,1,2,1,5,101992.5,"[""environment:rural"", ""light:auto_bright_dark"", ""light:natural"", ""light:uniform"", ""time_of_day:day"", ""track_layout:curve"", ""track_layout:straight"", ""weather:cloudy""]"
nlb_fall_006080,6080,24,train,usable,,images/nlb_fall_006080.png,annotations/nlb_fall_006080.json,masks/nlb_fall_006080.png,all_tracks,images/train/nlb_fall_006080.png,labels/train/nlb_fall_006080.txt,1,2,1,6,100732.5,"[""environment:rural"", ""light:auto_bright_dark"", ""light:natural"", ""light:uniform"", ""time_of_day:day"", ""track_layout:curve"", ""track_layout:straight"", ""weather:cloudy""]"
nlb_fall_006081,6081,24,train,usable,,images/nlb_fall_006081.png,annotations/nlb_fall_006081.json,masks/nlb_fall_006081.png,all_tracks,images/train/nlb_fall_006081.png,labels/train/nlb_fall_006081.txt,1,2,0,4,100115.5,"[""environment:rural"", ""environment:station"", ""light:auto_bright_dark"", ""light:natural"", ""light:uniform"", ""time_of_day:day"", ""track_layout:straight"", ""weather:cloudy""]"
nlb_fall_006082,6082,24,train,usable,,images/nlb_fall_006082.png,annotations/nlb_fall_006082.json,masks/nlb_fall_006082.png,all_tracks,images/train/nlb_fall_006082.png,labels/train/nlb_fall_006082.txt,1,2,0,10,100686.5,"[""environment:rural"", ""environment:station"", ""light:auto_bright_dark"", ""light:natural"", ""light:uniform"", ""time_of_day:day"", ""track_layout:straight"", ""weather:cloudy""]"
nlb_fall_006083,6083,24,train,usable,,images/nlb_fall_006083.png,annotations/nlb_fall_006083.json,masks/nlb_fall_006083.png,all_tracks,images/train/nlb_fall_006083.png,labels/train/nlb_fall_006083.txt,1,2,0,10,101403.0,"[""environment:rural"", ""environment:station"", ""light:auto_bright_dark"", ""light:natural"", ""light:uniform"", ""time_of_day:day"", ""track_layout:straight"", ""weather:cloudy""]"
nlb_fall_006084,6084,24,train,usable,,images/nlb_fall_006084.png,annotations/nlb_fall_006084.json,masks/nlb_fall_006084.png,all_tracks,images/train/nlb_fall_006084.png,labels/train/nlb_fall_006084.txt,1,2,0,12,98972.5,"[""environment:rural"", ""environment:station"", ""light:auto_bright_dark"", ""light:natural"", ""light:uniform"", ""time_of_day:day"", ""track_layout:curve"", ""weather:cloudy""]"
nlb_fall_006085,6085,24,train,usable,,images/nlb_fall_006085.png,annotations/nlb_fall_006085.json,masks/nlb_fall_006085.png,all_tracks,images/train/nlb_fall_006085.png,labels/train/nlb_fall_006085.txt,1,2,0,13,100549.5,"[""environment:rural"", ""environment:station"", ""light:auto_bright_dark"", ""light:natural"", ""light:uniform"", ""time_of_day:day"", ""track_layout:curve"", ""weather:cloudy""]"
nlb_fall_006086,6086,24,train,usable,,images/nlb_fall_006086.png,annotations/nlb_fall_006086.json,masks/nlb_fall_006086.png,all_tracks,images/train/nlb_fall_006086.png,labels/train/nlb_fall_006086.txt,1,2,0,10,99735.5,"[""environment:rural"", ""environment:station"", ""light:auto_bright_dark"", ""light:natural"", ""light:uniform"", ""time_of_day:day"", ""track_layout:curve"", ""weather:cloudy""]"
nlb_fall_006087,6087,24,train,usable,,images/nlb_fall_006087.png,annotations/nlb_fall_006087.json,masks/nlb_fall_006087.png,all_tracks,images/train/nlb_fall_006087.png,labels/train/nlb_fall_006087.txt,1,2,0,12,100113.0,"[""environment:rural"", ""environment:station"", ""light:auto_bright_dark"", ""light:natural"", ""light:uniform"", ""time_of_day:day"", ""track_layout:curve"", ""weather:cloudy""]"
nlb_fall_006088,6088,24,train,usable,,images/nlb_fall_006088.png,annotations/nlb_fall_006088.json,masks/nlb_fall_006088.png,all_tracks,images/train/nlb_fall_006088.png,labels/train/nlb_fall_006088.txt,1,2,0,12,103336.5,"[""environment:rural"", ""environment:station"", ""light:auto_bright_dark"", ""light:natural"", ""light:uniform"", ""time_of_day:day"", ""track_layout:curve"", ""weather:cloudy""]"
nlb_fall_006089,6089,24,train,usable,,images/nlb_fall_006089.png,annotations/nlb_fall_006089.json,masks/nlb_fall_006089.png,all_tracks,images/train/nlb_fall_006089.png,labels/train/nlb_fall_006089.txt,1,2,0,11,99966.0,"[""environment:rural"", ""light:auto_bright_dark"", ""light:natural"", ""light:uniform"", ""time_of_day:day"", ""track_layout:curve"", ""weather:cloudy""]"
nlb_fall_006101,6101,24,train,usable,,images/nlb_fall_006101.png,annotations/nlb_fall_006101.json,masks/nlb_fall_006101.png,all_tracks,images/train/nlb_fall_006101.png,labels/train/nlb_fall_006101.txt,1,2,0,11,100638.0,"[""environment:rural"", ""light:auto_bright_dark"", ""light:natural"", ""light:uniform"", ""time_of_day:day"", ""track_layout:curve"", ""weather:cloudy""]"
nlb_fall_006102,6102,24,train,usable,,images/nlb_fall_006102.png,annotations/nlb_fall_006102.json,masks/nlb_fall_006102.png,all_tracks,images/train/nlb_fall_006102.png,labels/train/nlb_fall_006102.txt,1,2,0,14,100602.0,"[""environment:rural"", ""light:auto_bright_dark"", ""light:natural"", ""light:uniform"", ""time_of_day:day"", ""track_layout:curve"", ""weather:cloudy""]"
nlb_fall_006103,6103,24,train,usable,,images/nlb_fall_006103.png,annotations/nlb_fall_006103.json,masks/nlb_fall_006103.png,all_tracks,images/train/nlb_fall_006103.png,labels/train/nlb_fall_006103.txt,1,2,0,9,102252.0,"[""environment:rural"", ""light:auto_bright_dark"", ""light:natural"", ""light:uniform"", ""time_of_day:day"", ""track_layout:curve"", ""weather:cloudy""]"
nlb_fall_006104,6104,24,train,usable,,images/nlb_fall_006104.png,annotations/nlb_fall_006104.json,masks/nlb_fall_006104.png,all_tracks,images/train/nlb_fall_006104.png,labels/train/nlb_fall_006104.txt,1,2,0,10,103489.5,"[""environment:rural"", ""light:auto_bright_dark"", ""light:natural"", ""light:uniform"", ""time_of_day:day"", ""track_layout:curve"", ""weather:cloudy""]"
nlb_fall_006105,6105,24,train,usable,,images/nlb_fall_006105.png,annotations/nlb_fall_006105.json,masks/nlb_fall_006105.png,all_tracks,images/train/nlb_fall_006105.png,labels/train/nlb_fall_006105.txt,1,2,0,13,102292.5,"[""environment:rural"", ""light:auto_bright_dark"", ""light:natural"", ""light:uniform"", ""time_of_day:day"", ""track_layout:curve"", ""weather:cloudy""]"
nlb_fall_006106,6106,24,train,usable,,images/nlb_fall_006106.png,annotations/nlb_fall_006106.json,masks/nlb_fall_006106.png,all_tracks,images/train/nlb_fall_006106.png,labels/train/nlb_fall_006106.txt,1,2,0,11,100547.5,"[""environment:rural"", ""light:auto_bright_dark"", ""light:natural"", ""light:uniform"", ""time_of_day:day"", ""track_layout:curve"", ""weather:cloudy""]"
nlb_fall_006107,6107,24,train,usable,,images/nlb_fall_006107.png,annotations/nlb_fall_006107.json,masks/nlb_fall_006107.png,all_tracks,images/train/nlb_fall_006107.png,labels/train/nlb_fall_006107.txt,1,2,0,12,102998.0,"[""environment:rural"", ""light:auto_bright_dark"", ""light:natural"", ""light:uniform"", ""time_of_day:day"", ""track_layout:curve"", ""track_layout:straight"", ""weather:cloudy""]"
nlb_fall_006108,6108,24,train,usable,,images/nlb_fall_006108.png,annotations/nlb_fall_006108.json,masks/nlb_fall_006108.png,all_tracks,images/train/nlb_fall_006108.png,labels/train/nlb_fall_006108.txt,1,2,0,7,101008.5,"[""environment:rural"", ""light:auto_bright_dark"", ""light:natural"", ""light:uniform"", ""time_of_day:day"", ""track_layout:straight"", ""weather:cloudy""]"
nlb_fall_006109,6109,24,train,usable,,images/nlb_fall_006109.png,annotations/nlb_fall_006109.json,masks/nlb_fall_006109.png,all_tracks,images/train/nlb_fall_006109.png,labels/train/nlb_fall_006109.txt,1,2,0,6,99238.0,"[""environment:rural"", ""light:auto_bright_dark"", ""light:natural"", ""light:uniform"", ""time_of_day:day"", ""track_layout:straight"", ""weather:cloudy""]"
nlb_fall_006110,6110,24,train,usable,,images/nlb_fall_006110.png,annotations/nlb_fall_006110.json,masks/nlb_fall_006110.png,all_tracks,images/train/nlb_fall_006110.png,labels/train/nlb_fall_006110.txt,1,3,1,6,100897.0,"[""environment:rural"", ""light:auto_bright_dark"", ""light:natural"", ""light:uniform"", ""time_of_day:day"", ""track_layout:straight"", ""weather:cloudy""]"
nlb_fall_006111,6111,24,train,usable,,images/nlb_fall_006111.png,annotations/nlb_fall_006111.json,masks/nlb_fall_006111.png,all_tracks,images/train/nlb_fall_006111.png,labels/train/nlb_fall_006111.txt,1,3,1,6,100236.5,"[""environment:rural"", ""light:auto_bright_dark"", ""light:natural"", ""light:uniform"", ""time_of_day:day"", ""track_layout:straight"", ""weather:cloudy""]"
nlb_fall_006112,6112,24,train,usable,,images/nlb_fall_006112.png,annotations/nlb_fall_006112.json,masks/nlb_fall_006112.png,all_tracks,images/train/nlb_fall_006112.png,labels/train/nlb_fall_006112.txt,1,2,1,6,98961.0,"[""environment:rural"", ""light:auto_bright_dark"", ""light:natural"", ""light:uniform"", ""time_of_day:day"", ""track_layout:straight"", ""weather:cloudy""]"
nlb_fall_006113,6113,24,train,usable,,images/nlb_fall_006113.png,annotations/nlb_fall_006113.json,masks/nlb_fall_006113.png,all_tracks,images/train/nlb_fall_006113.png,labels/train/nlb_fall_006113.txt,1,2,1,5,99976.0,"[""environment:rural"", ""light:auto_bright_dark"", ""light:natural"", ""light:uniform"", ""time_of_day:day"", ""track_layout:straight"", ""weather:cloudy""]"
nlb_fall_006114,6114,24,train,usable,,images/nlb_fall_006114.png,annotations/nlb_fall_006114.json,masks/nlb_fall_006114.png,all_tracks,images/train/nlb_fall_006114.png,labels/train/nlb_fall_006114.txt,1,2,1,6,99493.0,"[""environment:rural"", ""light:auto_bright_dark"", ""light:natural"", ""light:uniform"", ""time_of_day:day"", ""track_layout:straight"", ""weather:cloudy""]"
nlb_fall_006206,6206,24,train,usable,,images/nlb_fall_006206.png,annotations/nlb_fall_006206.json,masks/nlb_fall_006206.png,all_tracks,images/train/nlb_fall_006206.png,labels/train/nlb_fall_006206.txt,1,2,0,13,105222.5,"[""environment:rural"", ""light:auto_bright_dark"", ""light:natural"", ""light:uniform"", ""time_of_day:day"", ""track_layout:curve"", ""weather:cloudy""]"
nlb_fall_006207,6207,24,train,usable,,images/nlb_fall_006207.png,annotations/nlb_fall_006207.json,masks/nlb_fall_006207.png,all_tracks,images/train/nlb_fall_006207.png,labels/train/nlb_fall_006207.txt,1,4,3,10,104090.5,"[""environment:rural"", ""light:auto_bright_dark"", ""light:natural"", ""light:uniform"", ""time_of_day:day"", ""track_layout:curve"", ""track_layout:straight"", ""weather:cloudy""]"
nlb_fall_006208,6208,24,train,usable,,images/nlb_fall_006208.png,annotations/nlb_fall_006208.json,masks/nlb_fall_006208.png,all_tracks,images/train/nlb_fall_006208.png,labels/train/nlb_fall_006208.txt,1,4,3,6,102931.5,"[""environment:rural"", ""light:auto_bright_dark"", ""light:natural"", ""light:uniform"", ""time_of_day:day"", ""track_layout:curve"", ""track_layout:straight"", ""weather:cloudy""]"
nlb_fall_006209,6209,24,train,usable,,images/nlb_fall_006209.png,annotations/nlb_fall_006209.json,masks/nlb_fall_006209.png,all_tracks,images/train/nlb_fall_006209.png,labels/train/nlb_fall_006209.txt,1,5,2,5,99808.5,"[""environment:rural"", ""light:auto_bright_dark"", ""light:natural"", ""light:uniform"", ""time_of_day:day"", ""track_layout:curve"", ""track_layout:straight"", ""weather:cloudy""]"
nlb_fall_006210,6210,24,train,usable,,images/nlb_fall_006210.png,annotations/nlb_fall_006210.json,masks/nlb_fall_006210.png,all_tracks,images/train/nlb_fall_006210.png,labels/train/nlb_fall_006210.txt,1,5,2,4,99571.5,"[""environment:rural"", ""environment:station"", ""light:auto_bright_dark"", ""light:natural"", ""light:uniform"", ""time_of_day:day"", ""track_layout:curve"", ""track_layout:straight"", ""weather:cloudy""]"
nlb_fall_006211,6211,24,train,usable,,images/nlb_fall_006211.png,annotations/nlb_fall_006211.json,masks/nlb_fall_006211.png,all_tracks,images/train/nlb_fall_006211.png,labels/train/nlb_fall_006211.txt,1,3,0,5,100320.5,"[""environment:rural"", ""environment:station"", ""light:auto_bright_dark"", ""light:natural"", ""light:uniform"", ""time_of_day:day"", ""track_layout:curve"", ""track_layout:straight"", ""weather:cloudy""]"
nlb_fall_006212,6212,24,train,usable,,images/nlb_fall_006212.png,annotations/nlb_fall_006212.json,masks/nlb_fall_006212.png,all_tracks,images/train/nlb_fall_006212.png,labels/train/nlb_fall_006212.txt,1,4,0,8,100470.5,"[""environment:rural"", ""environment:station"", ""light:auto_bright_dark"", ""light:natural"", ""light:uniform"", ""time_of_day:day"", ""track_layout:straight"", ""weather:cloudy""]"
nlb_fall_006213,6213,24,train,usable,,images/nlb_fall_006213.png,annotations/nlb_fall_006213.json,masks/nlb_fall_006213.png,all_tracks,images/train/nlb_fall_006213.png,labels/train/nlb_fall_006213.txt,1,3,0,5,101034.5,"[""environment:rural"", ""environment:station"", ""light:auto_bright_dark"", ""light:natural"", ""light:uniform"", ""time_of_day:day"", ""track_layout:straight"", ""weather:cloudy""]"
nlb_fall_006214,6214,24,train,usable,,images/nlb_fall_006214.png,annotations/nlb_fall_006214.json,masks/nlb_fall_006214.png,all_tracks,images/train/nlb_fall_006214.png,labels/train/nlb_fall_006214.txt,1,3,2,5,100388.0,"[""environment:rural"", ""environment:station"", ""light:auto_bright_dark"", ""light:natural"", ""light:uniform"", ""time_of_day:day"", ""track_layout:straight"", ""weather:cloudy""]"
nlb_fall_006215,6215,24,train,usable,,images/nlb_fall_006215.png,annotations/nlb_fall_006215.json,masks/nlb_fall_006215.png,all_tracks,images/train/nlb_fall_006215.png,labels/train/nlb_fall_006215.txt,1,3,2,6,100633.0,"[""environment:rural"", ""environment:station"", ""light:auto_bright_dark"", ""light:natural"", ""light:uniform"", ""time_of_day:day"", ""track_layout:curve"", ""track_layout:straight"", ""weather:cloudy""]"
nlb_fall_006216,6216,24,train,usable,,images/nlb_fall_006216.png,annotations/nlb_fall_006216.json,masks/nlb_fall_006216.png,all_tracks,images/train/nlb_fall_006216.png,labels/train/nlb_fall_006216.txt,1,2,1,5,101792.0,"[""environment:rural"", ""environment:station"", ""light:auto_bright_dark"", ""light:natural"", ""light:uniform"", ""time_of_day:day"", ""track_layout:curve"", ""track_layout:straight"", ""weather:cloudy""]"
nlb_fall_006217,6217,24,train,usable,,images/nlb_fall_006217.png,annotations/nlb_fall_006217.json,masks/nlb_fall_006217.png,all_tracks,images/train/nlb_fall_006217.png,labels/train/nlb_fall_006217.txt,1,2,1,5,99801.5,"[""environment:rural"", ""environment:station"", ""light:auto_bright_dark"", ""light:natural"", ""light:uniform"", ""time_of_day:day"", ""track_layout:straight"", ""weather:cloudy""]"
nlb_fall_006218,6218,24,train,usable,,images/nlb_fall_006218.png,annotations/nlb_fall_006218.json,masks/nlb_fall_006218.png,all_tracks,images/train/nlb_fall_006218.png,labels/train/nlb_fall_006218.txt,1,2,1,5,100771.5,"[""environment:rural"", ""light:auto_bright_dark"", ""light:natural"", ""light:uniform"", ""time_of_day:day"", ""track_layout:straight"", ""weather:cloudy""]"
nlb_fall_006227,6227,24,train,usable,,images/nlb_fall_006227.png,annotations/nlb_fall_006227.json,masks/nlb_fall_006227.png,all_tracks,images/train/nlb_fall_006227.png,labels/train/nlb_fall_006227.txt,1,2,1,5,100531.0,"[""environment:rural"", ""light:auto_bright_dark"", ""light:natural"", ""light:uniform"", ""time_of_day:day"", ""track_layout:curve"", ""track_layout:straight"", ""weather:cloudy""]"
nlb_fall_006241,6241,24,train,usable,,images/nlb_fall_006241.png,annotations/nlb_fall_006241.json,masks/nlb_fall_006241.png,all_tracks,images/train/nlb_fall_006241.png,labels/train/nlb_fall_006241.txt,1,2,1,4,98150.0,"[""environment:rural"", ""light:auto_bright_dark"", ""light:natural"", ""light:uniform"", ""time_of_day:day"", ""track_layout:straight"", ""weather:cloudy""]"
nlb_fall_006470,6470,25,train,usable,,images/nlb_fall_006470.png,annotations/nlb_fall_006470.json,masks/nlb_fall_006470.png,all_tracks,images/train/nlb_fall_006470.png,labels/train/nlb_fall_006470.txt,1,4,3,14,102109.5,"[""environment:rural"", ""environment:station"", ""light:auto_bright_dark"", ""light:natural"", ""light:uniform"", ""time_of_day:day"", ""track_layout:curve"", ""weather:cloudy""]"
nlb_fall_006471,6471,25,train,usable,,images/nlb_fall_006471.png,annotations/nlb_fall_006471.json,masks/nlb_fall_006471.png,all_tracks,images/train/nlb_fall_006471.png,labels/train/nlb_fall_006471.txt,1,5,3,10,99273.0,"[""environment:rural"", ""environment:station"", ""light:auto_bright_dark"", ""light:natural"", ""light:uniform"", ""time_of_day:day"", ""track_layout:curve"", ""weather:cloudy""]"
nlb_fall_006472,6472,25,train,usable,,images/nlb_fall_006472.png,annotations/nlb_fall_006472.json,masks/nlb_fall_006472.png,all_tracks,images/train/nlb_fall_006472.png,labels/train/nlb_fall_006472.txt,1,5,1,10,100611.5,"[""environment:rural"", ""environment:station"", ""light:auto_bright_dark"", ""light:natural"", ""light:uniform"", ""time_of_day:day"", ""track_layout:curve"", ""track_layout:straight"", ""weather:cloudy""]"
nlb_fall_006473,6473,25,train,usable,,images/nlb_fall_006473.png,annotations/nlb_fall_006473.json,masks/nlb_fall_006473.png,all_tracks,images/train/nlb_fall_006473.png,labels/train/nlb_fall_006473.txt,1,5,0,11,101119.0,"[""environment:rural"", ""environment:station"", ""light:auto_bright_dark"", ""light:natural"", ""light:uniform"", ""time_of_day:day"", ""track_layout:straight"", ""weather:cloudy""]"
nlb_fall_006474,6474,25,train,usable,,images/nlb_fall_006474.png,annotations/nlb_fall_006474.json,masks/nlb_fall_006474.png,all_tracks,images/train/nlb_fall_006474.png,labels/train/nlb_fall_006474.txt,1,4,0,5,101313.5,"[""environment:rural"", ""environment:station"", ""light:auto_bright_dark"", ""light:natural"", ""light:uniform"", ""time_of_day:day"", ""track_layout:straight"", ""weather:cloudy""]"
nlb_fall_006475,6475,25,train,usable,,images/nlb_fall_006475.png,annotations/nlb_fall_006475.json,masks/nlb_fall_006475.png,all_tracks,images/train/nlb_fall_006475.png,labels/train/nlb_fall_006475.txt,1,4,0,5,100457.5,"[""environment:rural"", ""environment:station"", ""light:auto_bright_dark"", ""light:natural"", ""light:uniform"", ""time_of_day:day"", ""track_layout:curve"", ""track_layout:straight"", ""weather:cloudy""]"
nlb_fall_006476,6476,25,train,usable,,images/nlb_fall_006476.png,annotations/nlb_fall_006476.json,masks/nlb_fall_006476.png,all_tracks,images/train/nlb_fall_006476.png,labels/train/nlb_fall_006476.txt,1,3,0,5,101263.0,"[""environment:rural"", ""environment:station"", ""light:auto_bright_dark"", ""light:natural"", ""light:uniform"", ""time_of_day:day"", ""track_layout:straight"", ""weather:cloudy""]"
nlb_fall_006477,6477,25,train,usable,,images/nlb_fall_006477.png,annotations/nlb_fall_006477.json,masks/nlb_fall_006477.png,all_tracks,images/train/nlb_fall_006477.png,labels/train/nlb_fall_006477.txt,1,4,1,5,101612.5,"[""environment:rural"", ""environment:station"", ""light:auto_bright_dark"", ""light:natural"", ""light:uniform"", ""time_of_day:day"", ""track_layout:straight"", ""weather:cloudy""]"
nlb_fall_006478,6478,25,train,usable,,images/nlb_fall_006478.png,annotations/nlb_fall_006478.json,masks/nlb_fall_006478.png,all_tracks,images/train/nlb_fall_006478.png,labels/train/nlb_fall_006478.txt,1,4,1,5,100584.0,"[""environment:rural"", ""environment:station"", ""light:auto_bright_dark"", ""light:natural"", ""light:uniform"", ""time_of_day:day"", ""track_layout:straight"", ""weather:cloudy""]"
nlb_fall_006479,6479,25,train,usable,,images/nlb_fall_006479.png,annotations/nlb_fall_006479.json,masks/nlb_fall_006479.png,all_tracks,images/train/nlb_fall_006479.png,labels/train/nlb_fall_006479.txt,1,5,1,5,100509.5,"[""environment:station"", ""light:auto_bright_dark"", ""light:natural"", ""light:uniform"", ""time_of_day:day"", ""track_layout:curve"", ""track_layout:straight"", ""weather:cloudy""]"
nlb_fall_006501,6501,26,train,usable,,images/nlb_fall_006501.png,annotations/nlb_fall_006501.json,masks/nlb_fall_006501.png,all_tracks,images/train/nlb_fall_006501.png,labels/train/nlb_fall_006501.txt,1,5,1,6,100249.0,"[""environment:rural"", ""environment:station"", ""light:auto_bright_dark"", ""light:natural"", ""light:uniform"", ""time_of_day:day"", ""track_layout:curve"", ""track_layout:straight"", ""weather:cloudy""]"
nlb_fall_006601,6601,26,train,usable,,images/nlb_fall_006601.png,annotations/nlb_fall_006601.json,masks/nlb_fall_006601.png,all_tracks,images/train/nlb_fall_006601.png,labels/train/nlb_fall_006601.txt,1,5,1,6,101622.0,"[""environment:rural"", ""environment:station"", ""light:auto_bright_dark"", ""light:natural"", ""light:uniform"", ""time_of_day:day"", ""track_layout:curve"", ""track_layout:straight"", ""weather:cloudy""]"
nlb_fall_006610,6610,26,train,usable,,images/nlb_fall_006610.png,annotations/nlb_fall_006610.json,masks/nlb_fall_006610.png,all_tracks,images/train/nlb_fall_006610.png,labels/train/nlb_fall_006610.txt,1,5,1,6,100752.0,"[""environment:rural"", ""environment:station"", ""light:auto_bright_dark"", ""light:natural"", ""light:uniform"", ""time_of_day:day"", ""track_layout:curve"", ""track_layout:straight"", ""weather:cloudy""]"
nlb_fall_006611,6611,26,train,usable,,images/nlb_fall_006611.png,annotations/nlb_fall_006611.json,masks/nlb_fall_006611.png,all_tracks,images/train/nlb_fall_006611.png,labels/train/nlb_fall_006611.txt,1,4,1,5,99578.0,"[""environment:rural"", ""environment:station"", ""light:auto_bright_dark"", ""light:natural"", ""light:uniform"", ""time_of_day:day"", ""track_layout:curve"", ""track_layout:straight"", ""weather:cloudy""]"
nlb_fall_006612,6612,26,train,usable,,images/nlb_fall_006612.png,annotations/nlb_fall_006612.json,masks/nlb_fall_006612.png,all_tracks,images/train/nlb_fall_006612.png,labels/train/nlb_fall_006612.txt,1,4,1,5,99332.0,"[""environment:rural"", ""environment:station"", ""light:auto_bright_dark"", ""light:natural"", ""light:uniform"", ""time_of_day:day"", ""track_layout:curve"", ""track_layout:straight"", ""weather:cloudy""]"
nlb_fall_006613,6613,26,train,usable,,images/nlb_fall_006613.png,annotations/nlb_fall_006613.json,masks/nlb_fall_006613.png,all_tracks,images/train/nlb_fall_006613.png,labels/train/nlb_fall_006613.txt,1,4,1,5,100752.5,"[""environment:rural"", ""environment:station"", ""light:auto_bright_dark"", ""light:natural"", ""light:uniform"", ""time_of_day:day"", ""track_layout:curve"", ""track_layout:straight"", ""weather:cloudy""]"
nlb_fall_006614,6614,26,train,usable,,images/nlb_fall_006614.png,annotations/nlb_fall_006614.json,masks/nlb_fall_006614.png,all_tracks,images/train/nlb_fall_006614.png,labels/train/nlb_fall_006614.txt,1,5,2,5,102197.0,"[""environment:rural"", ""light:auto_bright_dark"", ""light:natural"", ""light:uniform"", ""time_of_day:day"", ""track_layout:curve"", ""track_layout:straight"", ""weather:cloudy""]"
nlb_fall_006615,6615,26,train,usable,,images/nlb_fall_006615.png,annotations/nlb_fall_006615.json,masks/nlb_fall_006615.png,all_tracks,images/train/nlb_fall_006615.png,labels/train/nlb_fall_006615.txt,1,7,2,10,100133.0,"[""environment:rural"", ""light:auto_bright_dark"", ""light:natural"", ""light:uniform"", ""time_of_day:day"", ""track_layout:curve"", ""track_layout:straight"", ""weather:cloudy""]"
nlb_fall_006616,6616,26,train,usable,,images/nlb_fall_006616.png,annotations/nlb_fall_006616.json,masks/nlb_fall_006616.png,all_tracks,images/train/nlb_fall_006616.png,labels/train/nlb_fall_006616.txt,1,7,3,5,100491.5,"[""environment:rural"", ""light:auto_bright_dark"", ""light:natural"", ""light:uniform"", ""time_of_day:day"", ""track_layout:curve"", ""track_layout:straight"", ""weather:cloudy""]"
nlb_fall_006617,6617,26,train,usable,,images/nlb_fall_006617.png,annotations/nlb_fall_006617.json,masks/nlb_fall_006617.png,all_tracks,images/train/nlb_fall_006617.png,labels/train/nlb_fall_006617.txt,1,6,2,6,101623.5,"[""environment:rural"", ""light:auto_bright_dark"", ""light:natural"", ""light:uniform"", ""time_of_day:day"", ""track_layout:curve"", ""track_layout:straight"", ""weather:cloudy""]"
nlb_fall_006618,6618,26,train,usable,,images/nlb_fall_006618.png,annotations/nlb_fall_006618.json,masks/nlb_fall_006618.png,all_tracks,images/train/nlb_fall_006618.png,labels/train/nlb_fall_006618.txt,1,4,1,10,100657.0,"[""environment:rural"", ""light:auto_bright_dark"", ""light:natural"", ""light:uniform"", ""time_of_day:day"", ""track_layout:curve"", ""track_layout:straight"", ""weather:cloudy""]"
nlb_fall_006619,6619,26,train,usable,,images/nlb_fall_006619.png,annotations/nlb_fall_006619.json,masks/nlb_fall_006619.png,all_tracks,images/train/nlb_fall_006619.png,labels/train/nlb_fall_006619.txt,1,4,2,9,99502.0,"[""environment:rural"", ""light:auto_bright_dark"", ""light:natural"", ""light:uniform"", ""time_of_day:day"", ""track_layout:curve"", ""weather:cloudy""]"
nlb_fall_006620,6620,26,train,usable,,images/nlb_fall_006620.png,annotations/nlb_fall_006620.json,masks/nlb_fall_006620.png,all_tracks,images/train/nlb_fall_006620.png,labels/train/nlb_fall_006620.txt,1,2,2,12,100348.0,"[""environment:rural"", ""light:auto_bright_dark"", ""light:natural"", ""light:uniform"", ""time_of_day:day"", ""track_layout:curve"", ""weather:cloudy""]"
nlb_fall_006621,6621,26,train,usable,,images/nlb_fall_006621.png,annotations/nlb_fall_006621.json,masks/nlb_fall_006621.png,all_tracks,images/train/nlb_fall_006621.png,labels/train/nlb_fall_006621.txt,1,2,1,14,101730.0,"[""environment:rural"", ""light:auto_bright_dark"", ""light:natural"", ""light:uniform"", ""time_of_day:day"", ""track_layout:curve"", ""weather:cloudy""]"
nlb_fall_006622,6622,26,train,usable,,images/nlb_fall_006622.png,annotations/nlb_fall_006622.json,masks/nlb_fall_006622.png,all_tracks,images/train/nlb_fall_006622.png,labels/train/nlb_fall_006622.txt,1,2,1,10,98254.5,"[""environment:rural"", ""light:auto_bright_dark"", ""light:natural"", ""light:uniform"", ""time_of_day:day"", ""track_layout:curve"", ""weather:cloudy""]"
nlb_fall_006882,6882,27,train,usable,,images/nlb_fall_006882.png,annotations/nlb_fall_006882.json,masks/nlb_fall_006882.png,all_tracks,images/train/nlb_fall_006882.png,labels/train/nlb_fall_006882.txt,1,2,1,6,100964.0,"[""environment:rural"", ""light:auto_bright_dark"", ""light:natural"", ""light:uniform"", ""time_of_day:day"", ""track_layout:curve"", ""track_layout:straight"", ""weather:cloudy""]"
nlb_fall_006883,6883,27,train,usable,,images/nlb_fall_006883.png,annotations/nlb_fall_006883.json,masks/nlb_fall_006883.png,all_tracks,images/train/nlb_fall_006883.png,labels/train/nlb_fall_006883.txt,1,2,1,8,100837.0,"[""environment:rural"", ""light:auto_bright_dark"", ""light:natural"", ""light:uniform"", ""time_of_day:day"", ""track_layout:curve"", ""track_layout:straight"", ""weather:cloudy""]"
nlb_fall_006884,6884,27,train,usable,,images/nlb_fall_006884.png,annotations/nlb_fall_006884.json,masks/nlb_fall_006884.png,all_tracks,images/train/nlb_fall_006884.png,labels/train/nlb_fall_006884.txt,1,2,0,6,99494.5,"[""environment:rural"", ""light:auto_bright_dark"", ""light:natural"", ""light:uniform"", ""time_of_day:day"", ""track_layout:curve"", ""track_layout:straight"", ""weather:cloudy""]"
nlb_fall_006885,6885,27,train,usable,,images/nlb_fall_006885.png,annotations/nlb_fall_006885.json,masks/nlb_fall_006885.png,all_tracks,images/train/nlb_fall_006885.png,labels/train/nlb_fall_006885.txt,1,2,0,11,101097.0,"[""environment:rural"", ""light:auto_bright_dark"", ""light:natural"", ""light:uniform"", ""time_of_day:day"", ""track_layout:straight"", ""weather:cloudy""]"
nlb_fall_006886,6886,27,train,usable,,images/nlb_fall_006886.png,annotations/nlb_fall_006886.json,masks/nlb_fall_006886.png,all_tracks,images/train/nlb_fall_006886.png,labels/train/nlb_fall_006886.txt,1,2,0,12,100439.5,"[""environment:rural"", ""light:auto_bright_dark"", ""light:natural"", ""light:uniform"", ""time_of_day:day"", ""track_layout:curve"", ""track_layout:straight"", ""weather:cloudy""]"
nlb_fall_006887,6887,27,train,usable,,images/nlb_fall_006887.png,annotations/nlb_fall_006887.json,masks/nlb_fall_006887.png,all_tracks,images/train/nlb_fall_006887.png,labels/train/nlb_fall_006887.txt,1,2,0,9,101921.0,"[""environment:rural"", ""light:auto_bright_dark"", ""light:natural"", ""light:uniform"", ""time_of_day:day"", ""track_layout:curve"", ""weather:cloudy""]"
nlb_fall_006888,6888,27,train,usable,,images/nlb_fall_006888.png,annotations/nlb_fall_006888.json,masks/nlb_fall_006888.png,all_tracks,images/train/nlb_fall_006888.png,labels/train/nlb_fall_006888.txt,1,2,1,10,101289.0,"[""environment:rural"", ""light:auto_bright_dark"", ""light:natural"", ""light:uniform"", ""time_of_day:day"", ""track_layout:curve"", ""weather:cloudy""]"
nlb_fall_006889,6889,27,train,usable,,images/nlb_fall_006889.png,annotations/nlb_fall_006889.json,masks/nlb_fall_006889.png,all_tracks,images/train/nlb_fall_006889.png,labels/train/nlb_fall_006889.txt,1,2,1,14,99432.0,"[""environment:rural"", ""light:auto_bright_dark"", ""light:natural"", ""light:uniform"", ""time_of_day:day"", ""track_layout:curve"", ""weather:cloudy""]"
nlb_fall_006890,6890,27,train,usable,,images/nlb_fall_006890.png,annotations/nlb_fall_006890.json,masks/nlb_fall_006890.png,all_tracks,images/train/nlb_fall_006890.png,labels/train/nlb_fall_006890.txt,1,2,1,15,103006.0,"[""environment:rural"", ""light:auto_bright_dark"", ""light:natural"", ""light:uniform"", ""time_of_day:day"", ""track_layout:curve"", ""weather:cloudy""]"
nlb_fall_007103,7103,28,train,usable,,images/nlb_fall_007103.png,annotations/nlb_fall_007103.json,masks/nlb_fall_007103.png,all_tracks,images/train/nlb_fall_007103.png,labels/train/nlb_fall_007103.txt,1,3,1,11,102402.5,"[""environment:rural"", ""light:auto_bright_dark"", ""light:dark"", ""light:natural"", ""light:uniform"", ""time_of_day:day"", ""track_layout:curve"", ""weather:cloudy""]"
nlb_fall_007104,7104,28,train,usable,,images/nlb_fall_007104.png,annotations/nlb_fall_007104.json,masks/nlb_fall_007104.png,all_tracks,images/train/nlb_fall_007104.png,labels/train/nlb_fall_007104.txt,1,2,2,10,103287.5,"[""environment:rural"", ""light:auto_bright_dark"", ""light:natural"", ""light:uniform"", ""time_of_day:day"", ""track_layout:curve"", ""weather:cloudy""]"
nlb_fall_007105,7105,28,train,usable,,images/nlb_fall_007105.png,annotations/nlb_fall_007105.json,masks/nlb_fall_007105.png,all_tracks,images/train/nlb_fall_007105.png,labels/train/nlb_fall_007105.txt,1,2,2,12,103231.0,"[""environment:rural"", ""light:auto_bright_dark"", ""light:natural"", ""light:uniform"", ""time_of_day:day"", ""track_layout:curve"", ""weather:cloudy""]"
nlb_fall_007106,7106,28,train,usable,,images/nlb_fall_007106.png,annotations/nlb_fall_007106.json,masks/nlb_fall_007106.png,all_tracks,images/train/nlb_fall_007106.png,labels/train/nlb_fall_007106.txt,1,4,3,16,102969.0,"[""environment:rural"", ""light:auto_bright_dark"", ""light:natural"", ""light:uniform"", ""time_of_day:day"", ""track_layout:curve"", ""weather:cloudy""]"
nlb_fall_007107,7107,28,train,usable,,images/nlb_fall_007107.png,annotations/nlb_fall_007107.json,masks/nlb_fall_007107.png,all_tracks,images/train/nlb_fall_007107.png,labels/train/nlb_fall_007107.txt,1,3,4,8,101499.5,"[""environment:rural"", ""environment:urban"", ""light:auto_bright_dark"", ""light:natural"", ""light:uniform"", ""time_of_day:day"", ""track_layout:curve"", ""track_layout:straight"", ""weather:cloudy""]"
nlb_fall_007108,7108,28,train,usable,,images/nlb_fall_007108.png,annotations/nlb_fall_007108.json,masks/nlb_fall_007108.png,all_tracks,images/train/nlb_fall_007108.png,labels/train/nlb_fall_007108.txt,1,5,5,9,103985.0,"[""environment:urban"", ""light:auto_bright_dark"", ""light:natural"", ""light:uniform"", ""time_of_day:day"", ""track_layout:curve"", ""track_layout:straight"", ""weather:cloudy""]"
nlb_fall_007109,7109,28,train,usable,,images/nlb_fall_007109.png,annotations/nlb_fall_007109.json,masks/nlb_fall_007109.png,all_tracks,images/train/nlb_fall_007109.png,labels/train/nlb_fall_007109.txt,1,5,4,5,98966.5,"[""environment:urban"", ""light:auto_bright_dark"", ""light:natural"", ""light:uniform"", ""time_of_day:day"", ""track_layout:curve"", ""track_layout:straight"", ""weather:cloudy""]"
nlb_fall_007110,7110,28,train,usable,,images/nlb_fall_007110.png,annotations/nlb_fall_007110.json,masks/nlb_fall_007110.png,all_tracks,images/train/nlb_fall_007110.png,labels/train/nlb_fall_007110.txt,1,5,3,13,100429.0,"[""environment:urban"", ""light:auto_bright_dark"", ""light:natural"", ""light:uniform"", ""time_of_day:day"", ""track_layout:curve"", ""track_layout:straight"", ""weather:cloudy""]"
nlb_fall_007111,7111,28,train,usable,,images/nlb_fall_007111.png,annotations/nlb_fall_007111.json,masks/nlb_fall_007111.png,all_tracks,images/train/nlb_fall_007111.png,labels/train/nlb_fall_007111.txt,1,5,1,13,99738.5,"[""environment:station"", ""environment:urban"", ""light:auto_bright_dark"", ""light:natural"", ""light:uniform"", ""time_of_day:day"", ""track_layout:curve"", ""track_layout:straight"", ""weather:cloudy""]"
nlb_fall_007112,7112,28,train,usable,,images/nlb_fall_007112.png,annotations/nlb_fall_007112.json,masks/nlb_fall_007112.png,all_tracks,images/train/nlb_fall_007112.png,labels/train/nlb_fall_007112.txt,1,6,1,10,99596.0,"[""environment:station"", ""environment:urban"", ""light:auto_bright_dark"", ""light:natural"", ""light:uniform"", ""time_of_day:day"", ""track_layout:curve"", ""track_layout:straight"", ""weather:cloudy""]"
nlb_fall_007113,7113,28,train,usable,,images/nlb_fall_007113.png,annotations/nlb_fall_007113.json,masks/nlb_fall_007113.png,all_tracks,images/train/nlb_fall_007113.png,labels/train/nlb_fall_007113.txt,1,6,1,14,101005.0,"[""environment:station"", ""environment:urban"", ""light:auto_bright_dark"", ""light:natural"", ""light:uniform"", ""time_of_day:day"", ""track_layout:curve"", ""track_layout:straight"", ""weather:cloudy""]"
nlb_fall_007114,7114,28,train,usable,,images/nlb_fall_007114.png,annotations/nlb_fall_007114.json,masks/nlb_fall_007114.png,all_tracks,images/train/nlb_fall_007114.png,labels/train/nlb_fall_007114.txt,1,3,0,7,101598.5,"[""environment:station"", ""environment:urban"", ""light:auto_bright_dark"", ""light:natural"", ""light:uniform"", ""time_of_day:day"", ""track_layout:straight"", ""weather:cloudy""]"
nlb_fall_007115,7115,28,train,usable,,images/nlb_fall_007115.png,annotations/nlb_fall_007115.json,masks/nlb_fall_007115.png,all_tracks,images/train/nlb_fall_007115.png,labels/train/nlb_fall_007115.txt,1,3,0,5,98851.0,"[""environment:station"", ""environment:urban"", ""light:auto_bright_dark"", ""light:natural"", ""light:uniform"", ""time_of_day:day"", ""track_layout:straight"", ""weather:cloudy""]"
nlb_fall_007116,7116,28,train,usable,,images/nlb_fall_007116.png,annotations/nlb_fall_007116.json,masks/nlb_fall_007116.png,all_tracks,images/train/nlb_fall_007116.png,labels/train/nlb_fall_007116.txt,1,3,0,5,100364.0,"[""environment:station"", ""environment:urban"", ""light:auto_bright_dark"", ""light:natural"", ""light:uniform"", ""time_of_day:day"", ""track_layout:straight"", ""weather:cloudy""]"
nlb_fall_007117,7117,28,train,usable,,images/nlb_fall_007117.png,annotations/nlb_fall_007117.json,masks/nlb_fall_007117.png,all_tracks,images/train/nlb_fall_007117.png,labels/train/nlb_fall_007117.txt,1,4,3,5,99890.5,"[""environment:station"", ""environment:urban"", ""light:auto_bright_dark"", ""light:natural"", ""light:uniform"", ""time_of_day:day"", ""track_layout:straight"", ""weather:cloudy""]"
nlb_fall_007118,7118,28,train,usable,,images/nlb_fall_007118.png,annotations/nlb_fall_007118.json,masks/nlb_fall_007118.png,all_tracks,images/train/nlb_fall_007118.png,labels/train/nlb_fall_007118.txt,1,4,3,5,100535.5,"[""environment:station"", ""environment:urban"", ""light:auto_bright_dark"", ""light:natural"", ""light:uniform"", ""time_of_day:day"", ""track_layout:straight"", ""weather:cloudy""]"
nlb_fall_007119,7119,28,train,usable,,images/nlb_fall_007119.png,annotations/nlb_fall_007119.json,masks/nlb_fall_007119.png,all_tracks,images/train/nlb_fall_007119.png,labels/train/nlb_fall_007119.txt,1,4,2,4,98677.0,"[""environment:station"", ""environment:urban"", ""light:auto_bright_dark"", ""light:natural"", ""light:uniform"", ""time_of_day:day"", ""track_layout:curve"", ""track_layout:straight"", ""weather:cloudy""]"
