image_path,annotation_path,sequence_id,frame_id,split,camera_height_m,person_count,bicycle_count,scenario_hint,rail_annotation_status,exclude_reason,left_rail_points,right_rail_points
imgs/2024-04-25_TUEV_Elchingen/Crossing_10m.mp4/2024-04-25_XRAISE_Crossing_10m_00000225.jpg,annots/2024-04-25_TUEV_Elchingen/Crossing_10m.mp4/2024-04-25_XRAISE_Crossing_10m_00000225.xml,2024-04-25_TUEV_Elchingen/Crossing_10m.mp4,225,train,2.45,1,0,normal,pending,,,
imgs/2024-04-25_TUEV_Elchingen/Crossing_10m.mp4/2024-04-25_XRAISE_Crossing_10m_00000675.jpg,annots/2024-04-25_TUEV_Elchingen/Crossing_10m.mp4/2024-04-25_XRAISE_Crossing_10m_00000675.xml,2024-04-25_TUEV_Elchingen/Crossing_10m.mp4,675,train,2.45,2,0,normal,pending,,,
imgs/2024-04-25_TUEV_Elchingen/Crossing_10m.mp4/2024-04-25_XRAISE_Crossing_10m_00001125.jpg,annots/2024-04-25_TUEV_Elchingen/Crossing_10m.mp4/2024-04-25_XRAISE_Crossing_10m_00001125.xml,2024-04-25_TUEV_Elchingen/Crossing_10m.mp4,1125,train,2.45,1,0,normal,pending,,,
imgs/2024-04-25_TUEV_Elchingen/Crossing_10m.mp4/2024-04-25_XRAISE_Crossing_10m_00001575.jpg,annots/2024-04-25_TUEV_Elchingen/Crossing_10m.mp4/2024-04-25_XRAISE_Crossing_10m_00001575.xml,2024-04-25_TUEV_Elchingen/Crossing_10m.mp4,1575,train,2.45,2,0,normal,pending,,,
imgs/2024-04-25_TUEV_Elchingen/Crossing_10m.mp4/2024-04-25_XRAISE_Crossing_10m_00002025.jpg,annots/2024-04-25_TUEV_Elchingen/Crossing_10m.mp4/2024-04-25_XRAISE_Crossing_10m_00002025.xml,2024-04-25_TUEV_Elchingen/Crossing_10m.mp4,2025,train,2.45,2,0,normal,pending,,,
imgs/2024-04-25_TUEV_Elchingen/Crossing_10m.mp4/2024-04-25_XRAISE_Crossing_10m_00002475.jpg,annots/2024-04-25_TUEV_Elchingen/Crossing_10m.mp4/2024-04-25_XRAISE_Crossing_10m_00002475.xml,2024-04-25_TUEV_Elchingen/Crossing_10m.mp4,2475,train,2.45,1,0,normal,pending,,,
imgs/2024-04-25_TUEV_Elchingen/Crossing_10m.mp4/2024-04-25_XRAISE_Crossing_10m_00002925.jpg,annots/2024-04-25_TUEV_Elchingen/Crossing_10m.mp4/2024-04-25_XRAISE_Crossing_10m_00002925.xml,2024-04-25_TUEV_Elchingen/Crossing_10m.mp4,2925,train,2.45,3,0,normal,pending,,,
imgs/2024-04-25_TUEV_Elchingen/Crossing_10m.mp4/2024-04-25_XRAISE_Crossing_10m_00003375.jpg,annots/2024-04-25_TUEV_Elchingen/Crossing_10m.mp4/2024-04-25_XRAISE_Crossing_10m_00003375.xml,2024-04-25_TUEV_Elchingen/Crossing_10m.mp4,3375,train,2.45,4,0,normal,pending,,,
imgs/2024-04-25_TUEV_Elchingen/Crossing_40m.mp4/2024-04-25_XRAISE_Crossing_40m_00000300.jpg,annots/2024-04-25_TUEV_Elchingen/Crossing_40m.mp4/2024-04-25_XRAISE_Crossing_40m_00000300.xml,2024-04-25_TUEV_Elchingen/Crossing_40m.mp4,300,train,2.45,3,0,normal,pending,,,
imgs/2024-04-25_TUEV_Elchingen/Crossing_40m.mp4/2024-04-25_XRAISE_Crossing_40m_00000915.jpg,annots/2024-04-25_TUEV_Elchingen/Crossing_40m.mp4/2024-04-25_XRAISE_Crossing_40m_00000915.xml,2024-04-25_TUEV_Elchingen/Crossing_40m.mp4,915,train,2.45,5,0,normal,pending,,,
imgs/2024-04-25_TUEV_Elchingen/Crossing_40m.mp4/2024-04-25_XRAISE_Crossing_40m_00001545.jpg,annots/2024-04-25_TUEV_Elchingen/Crossing_40m.mp4/2024-04-25_XRAISE_Crossing_40m_00001545.xml,2024-04-25_TUEV_Elchingen/Crossing_40m.mp4,1545,train,2.45,5,0,normal,pending,,,
imgs/2024-04-25_TUEV_Elchingen/Crossing_40m.mp4/2024-04-25_XRAISE_Crossing_40m_00002160.jpg,annots/2024-04-25_TUEV_Elchingen/Crossing_40m.mp4/2024-04-25_XRAISE_Crossing_40m_00002160.xml,2024-04-25_TUEV_Elchingen/Crossing_40m.mp4,2160,train,2.45,6,0,normal,pending,,,
imgs/2024-04-25_TUEV_Elchingen/Crossing_40m.mp4/2024-04-25_XRAISE_Crossing_40m_00002775.jpg,annots/2024-04-25_TUEV_Elchingen/Crossing_40m.mp4/2024-04-25_XRAISE_Crossing_40m_00002775.xml,2024-04-25_TUEV_Elchingen/Crossing_40m.mp4,2775,train,2.45,6,0,normal,pending,,,
imgs/2024-04-25_TUEV_Elchingen/Crossing_40m.mp4/2024-04-25_XRAISE_Crossing_40m_00003390.jpg,annots/2024-04-25_TUEV_Elchingen/Crossing_40m.mp4/2024-04-25_XRAISE_Crossing_40m_00003390.xml,2024-04-25_TUEV_Elchingen/Crossing_40m.mp4,3390,train,2.45,5,0,normal,pending,,,
imgs/2024-04-25_TUEV_Elchingen/Crossing_40m.mp4/2024-04-25_XRAISE_Crossing_40m_00004020.jpg,annots/2024-04-25_TUEV_Elchingen/Crossing_40m.mp4/2024-04-25_XRAISE_Crossing_40m_00004020.xml,2024-04-25_TUEV_Elchingen/Crossing_40m.mp4,4020,train,2.45,6,0,normal,pending,,,
imgs/2024-04-25_TUEV_Elchingen/Crossing_40m.mp4/2024-04-25_XRAISE_Crossing_40m_00004635.jpg,annots/2024-04-25_TUEV_Elchingen/Crossing_40m.mp4/2024-04-25_XRAISE_Crossing_40m_00004635.xml,2024-04-25_TUEV_Elchingen/Crossing_40m.mp4,4635,train,2.45,5,0,normal,pending,,,
imgs/2024-04-25_TUEV_Elchingen/Crossing_80_Front_Teil1.mp4/2024-04-25_XRAISE_Crossing_80_Front_Teil1_00000285.jpg,annots/2024-04-25_TUEV_Elchingen/Crossing_80_Front_Teil1.mp4/2024-04-25_XRAISE_Crossing_80_Front_Teil1_00000285.xml,2024-04-25_TUEV_Elchingen/Crossing_80_Front_Teil1.mp4,285,train,2.45,1,0,normal,pending,,,
imgs/2024-04-25_TUEV_Elchingen/Crossing_80_Front_Teil1.mp4/2024-04-25_XRAISE_Crossing_80_Front_Teil1_00000885.jpg,annots/2024-04-25_TUEV_Elchingen/Crossing_80_Front_Teil1.mp4/2024-04-25_XRAISE_Crossing_80_Front_Teil1_00000885.xml,2024-04-25_TUEV_Elchingen/Crossing_80_Front_Teil1.mp4,885,train,2.45,1,0,normal,pending,,,
imgs/2024-04-25_TUEV_Elchingen/Crossing_80_Front_Teil1.mp4/2024-04-25_XRAISE_Crossing_80_Front_Teil1_00001470.jpg,annots/2024-04-25_TUEV_Elchingen/Crossing_80_Front_Teil1.mp4/2024-04-25_XRAISE_Crossing_80_Front_Teil1_00001470.xml,2024-04-25_TUEV_Elchingen/Crossing_80_Front_Teil1.mp4,1470,train,2.45,1,0,normal,pending,,,
imgs/2024-04-25_TUEV_Elchingen/Crossing_80_Front_Teil1.mp4/2024-04-25_XRAISE_Crossing_80_Front_Teil1_00002070.jpg,annots/2024-04-25_TUEV_Elchingen/Crossing_80_Front_Teil1.mp4/2024-04-25_XRAISE_Crossing_80_Front_Teil1_00002070.xml,2024-04-25_TUEV_Elchingen/Crossing_80_Front_Teil1.mp4,2070,train,2.45,1,0,normal,pending,,,
imgs/2024-04-25_TUEV_Elchingen/Crossing_80_Front_Teil1.mp4/2024-04-25_XRAISE_Crossing_80_Front_Teil1_00002655.jpg,annots/2024-04-25_TUEV_Elchingen/Crossing_80_Front_Teil1.mp4/2024-04-25_XRAISE_Crossing_80_Front_Teil1_00002655.xml,2024-04-25_TUEV_Elchingen/Crossing_80_Front_Teil1.mp4,2655,train,2.45,1,0,normal,pending,,,
imgs/2024-04-25_TUEV_Elchingen/Crossing_80_Front_Teil1.mp4/2024-04-25_XRAISE_Crossing_80_Front_Teil1_00003255.jpg,annots/2024-04-25_TUEV_Elchingen/Crossing_80_Front_Teil1.mp4/2024-04-25_XRAISE_Crossing_80_Front_Teil1_00003255.xml,2024-04-25_TUEV_Elchingen/Crossing_80_Front_Teil1.mp4,3255,train,2.45,2,0,normal,pending,,,
imgs/2024-04-25_TUEV_Elchingen/Crossing_80_Front_Teil1.mp4/2024-04-25_XRAISE_Crossing_80_Front_Teil1_00003840.jpg,annots/2024-04-25_TUEV_Elchingen/Crossing_80_Front_Teil1.mp4/2024-04-25_XRAISE_Crossing_80_Front_Teil1_00003840.xml,2024-04-25_TUEV_Elchingen/Crossing_80_Front_Teil1.mp4,3840,train,2.45,2,0,normal,pending,,,
imgs/2024-04-25_TUEV_Elchingen/Crossing_80_Front_Teil1.mp4/2024-04-25_XRAISE_Crossing_80_Front_Teil1_00004440.jpg,annots/2024-04-25_TUEV_Elchingen/Crossing_80_Front_Teil1.mp4/2024-04-25_XRAISE_Crossing_80_Front_Teil1_00004440.xml,2024-04-25_TUEV_Elchingen/Crossing_80_Front_Teil1.mp4,4440,train,2.45,2,0,normal,pending,,,
imgs/2024-04-25_TUEV_Elchingen/Crossing_80_Front_Teil2_Balancieren.mp4/2024-04-25_XRAISE_Crossing_80_Front_Teil2_Balancieren_00000180.jpg,annots/2024-04-25_TUEV_Elchingen/Crossing_80_Front_Teil2_Balancieren.mp4/2024-04-25_XRAISE_Crossing_80_Front_Teil2_Balancieren_00000180.xml,2024-04-25_TUEV_Elchingen/Crossing_80_Front_Teil2_Balancieren.mp4,180,train,2.45,1,0,normal,pending,,,
imgs/2024-04-25_TUEV_Elchingen/Crossing_80_Front_Teil2_Balancieren.mp4/2024-04-25_XRAISE_Crossing_80_Front_Teil2_Balancieren_00000555.jpg,annots/2024-04-25_TUEV_Elchingen/Crossing_80_Front_Teil2_Balancieren.mp4/2024-04-25_XRAISE_Crossing_80_Front_Teil2_Balancieren_00000555.xml,2024-04-25_TUEV_Elchingen/Crossing_80_Front_Teil2_Balancieren.mp4,555,train,2.45,3,0,normal,pending,,,
imgs/2024-04-25_TUEV_Elchingen/Crossing_80_Front_Teil2_Balancieren.mp4/2024-04-25_XRAISE_Crossing_80_Front_Teil2_Balancieren_00000930.jpg,annots/2024-04-25_TUEV_Elchingen/Crossing_80_Front_Teil2_Balancieren.mp4/2024-04-25_XRAISE_Crossing_80_Front_Teil2_Balancieren_00000930.xml,2024-04-25_TUEV_Elchingen/Crossing_80_Front_Teil2_Balancieren.mp4,930,train,2.45,2,0,normal,pending,,,
imgs/2024-04-25_TUEV_Elchingen/Crossing_80_Front_Teil2_Balancieren.mp4/2024-04-25_XRAISE_Crossing_80_Front_Teil2_Balancieren_00001305.jpg,annots/2024-04-25_TUEV_Elchingen/Crossing_80_Front_Teil2_Balancieren.mp4/2024-04-25_XRAISE_Crossing_80_Front_Teil2_Balancieren_00001305.xml,2024-04-25_TUEV_Elchingen/Crossing_80_Front_Teil2_Balancieren.mp4,1305,train,2.45,2,0,normal,pending,,,
imgs/2024-04-25_TUEV_Elchingen/Crossing_80_Front_Teil2_Balancieren.mp4/2024-04-25_XRAISE_Crossing_80_Front_Teil2_Balancieren_00001680.jpg,annots/2024-04-25_TUEV_Elchingen/Crossing_80_Front_Teil2_Balancieren.mp4/2024-04-25_XRAISE_Crossing_80_Front_Teil2_Balancieren_00001680.xml,2024-04-25_TUEV_Elchingen/Crossing_80_Front_Teil2_Balancieren.mp4,1680,train,2.45,2,0,normal,pending,,,
imgs/2024-04-25_TUEV_Elchingen/Crossing_80_Front_Teil2_Balancieren.mp4/2024-04-25_XRAISE_Crossing_80_Front_Teil2_Balancieren_00002055.jpg,annots/2024-04-25_TUEV_Elchingen/Crossing_80_Front_Teil2_Balancieren.mp4/2024-04-25_XRAISE_Crossing_80_Front_Teil2_Balancieren_00002055.xml,2024-04-25_TUEV_Elchingen/Crossing_80_Front_Teil2_Balancieren.mp4,2055,train,2.45,1,0,normal,pending,,,
imgs/2024-04-25_TUEV_Elchingen/Crossing_80_Front_Teil2_Balancieren.mp4/2024-04-25_XRAISE_Crossing_80_Front_Teil2_Balancieren_00002430.jpg,annots/2024-04-25_TUEV_Elchingen/Crossing_80_Front_Teil2_Balancieren.mp4/2024-04-25_XRAISE_Crossing_80_Front_Teil2_Balancieren_00002430.xml,2024-04-25_TUEV_Elchingen/Crossing_80_Front_Teil2_Balancieren.mp4,2430,train,2.45,1,0,normal,pending,,,
imgs/2024-04-25_TUEV_Elchingen/Crossing_80_Front_Teil2_Balancieren.mp4/2024-04-25_XRAISE_Crossing_80_Front_Teil2_Balancieren_00002805.jpg,annots/2024-04-25_TUEV_Elchingen/Crossing_80_Front_Teil2_Balancieren.mp4/2024-04-25_XRAISE_Crossing_80_Front_Teil2_Balancieren_00002805.xml,2024-04-25_TUEV_Elchingen/Crossing_80_Front_Teil2_Balancieren.mp4,2805,train,2.45,1,0,normal,pending,,,
imgs/2024-04-25_TUEV_Elchingen/Crossing_80_Front_Teil3_Rentner.mp4/2024-04-25_XRAISE_Crossing_80_Front_Teil3_Rentner_00000225.jpg,annots/2024-04-25_TUEV_Elchingen/Crossing_80_Front_Teil3_Rentner.mp4/2024-04-25_XRAISE_Crossing_80_Front_Teil3_Rentner_00000225.xml,2024-04-25_TUEV_Elchingen/Crossing_80_Front_Teil3_Rentner.mp4,225,train,2.45,1,0,normal,pending,,,
imgs/2024-04-25_TUEV_Elchingen/Crossing_80_Front_Teil3_Rentner.mp4/2024-04-25_XRAISE_Crossing_80_Front_Teil3_Rentner_00000675.jpg,annots/2024-04-25_TUEV_Elchingen/Crossing_80_Front_Teil3_Rentner.mp4/2024-04-25_XRAISE_Crossing_80_Front_Teil3_Rentner_00000675.xml,2024-04-25_TUEV_Elchingen/Crossing_80_Front_Teil3_Rentner.mp4,675,train,2.45,2,0,normal,pending,,,
imgs/2024-04-25_TUEV_Elchingen/Crossing_80_Front_Teil3_Rentner.mp4/2024-04-25_XRAISE_Crossing_80_Front_Teil3_Rentner_00001125.jpg,annots/2024-04-25_TUEV_Elchingen/Crossing_80_Front_Teil3_Rentner.mp4/2024-04-25_XRAISE_Crossing_80_Front_Teil3_Rentner_00001125.xml,2024-04-25_TUEV_Elchingen/Crossing_80_Front_Teil3_Rentner.mp4,1125,train,2.45,2,0,normal,pending,,,
imgs/2024-04-25_TUEV_Elchingen/Crossing_80_Front_Teil3_Rentner.mp4/2024-04-25_XRAISE_Crossing_80_Front_Teil3_Rentner_00001575.jpg,annots/2024-04-25_TUEV_Elchingen/Crossing_80_Front_Teil3_Rentner.mp4/2024-04-25_XRAISE_Crossing_80_Front_Teil3_Rentner_00001575.xml,2024-04-25_TUEV_Elchingen/Crossing_80_Front_Teil3_Rentner.mp4,1575,train,2.45,1,0,normal,pending,,,
imgs/2024-04-25_TUEV_Elchingen/Crossing_80_Front_Teil3_Rentner.mp4/2024-04-25_XRAISE_Crossing_80_Front_Teil3_Rentner_00002025.jpg,annots/2024-04-25_TUEV_Elchingen/Crossing_80_Front_Teil3_Rentner.mp4/2024-04-25_XRAISE_Crossing_80_Front_Teil3_Rentner_00002025.xml,2024-04-25_TUEV_Elchingen/Crossing_80_Front_Teil3_Rentner.mp4,2025,train,2.45,1,0,normal,pending,,,
imgs/2024-04-25_TUEV_Elchingen/Crossing_80_Front_Teil3_Rentner.mp4/2024-04-25_XRAISE_Crossing_80_Front_Teil3_Rentner_00002475.jpg,annots/2024-04-25_TUEV_Elchingen/Crossing_80_Front_Teil3_Rentner.mp4/2024-04-25_XRAISE_Crossing_80_Front_Teil3_Rentner_00002475.xml,2024-04-25_TUEV_Elchingen/Crossing_80_Front_Teil3_Rentner.mp4,2475,train,2.45,1,0,normal,pending,,,
imgs/2024-04-25_TUEV_Elchingen/Crossing_80_Front_Teil3_Rentner.mp4/2024-04-25_XRAISE_Crossing_80_Front_Teil3_Rentner_00002925.jpg,annots/2024-04-25_TUEV_Elchingen/Crossing_80_Front_Teil3_Rentner.mp4/2024-04-25_XRAISE_Crossing_80_Front_Teil3_Rentner_00002925.xml,2024-04-25_TUEV_Elchingen/Crossing_80_Front_Teil3_Rentner.mp4,2925,train,2.45,1,0,normal,pending,,,
imgs/2024-04-25_TUEV_Elchingen/Crossing_80_Front_Teil3_Rentner.mp4/2024-04-25_XRAISE_Crossing_80_Front_Teil3_Rentner_00003375.jpg,annots/2024-04-25_TUEV_Elchingen/Crossing_80_Front_Teil3_Rentner.mp4/2024-04-25_XRAISE_Crossing_80_Front_Teil3_Rentner_00003375.xml,2024-04-25_TUEV_Elchingen/Crossing_80_Front_Teil3_Rentner.mp4,3375,train,2.45,1,0,normal,pending,,,
imgs/2024-04-25_TUEV_Elchingen/Crossing_80_Front_Teil4.mp4/2024-04-25_XRAISE_Crossing_80_Front_Teil4_00000405.jpg,annots/2024-04-25_TUEV_Elchingen/Crossing_80_Front_Teil4.mp4/2024-04-25_XRAISE_Crossing_80_Front_Teil4_00000405.xml,2024-04-25_TUEV_Elchingen/Crossing_80_Front_Teil4.mp4,405,test,2.45,1,0,normal,pending,,,
imgs/2024-04-25_TUEV_Elchingen/Crossing_80_Front_Teil4.mp4/2024-04-25_XRAISE_Crossing_80_Front_Teil4_00001215.jpg,annots/2024-04-25_TUEV_Elchingen/Crossing_80_Front_Teil4.mp4/2024-04-25_XRAISE_Crossing_80_Front_Teil4_00001215.xml,2024-04-25_TUEV_Elchingen/Crossing_80_Front_Teil4.mp4,1215,test,2.45,1,0,normal,pending,,,
imgs/2024-04-25_TUEV_Elchingen/Crossing_80_Front_Teil4.mp4/2024-04-25_XRAISE_Crossing_80_Front_Teil4_00002025.jpg,annots/2024-04-25_TUEV_Elchingen/Crossing_80_Front_Teil4.mp4/2024-04-25_XRAISE_Crossing_80_Front_Teil4_00002025.xml,2024-04-25_TUEV_Elchingen/Crossing_80_Front_Teil4.mp4,2025,test,2.45,1,0,normal,pending,,,
imgs/2024-04-25_TUEV_Elchingen/Crossing_80_Front_Teil4.mp4/2024-04-25_XRAISE_Crossing_80_Front_Teil4_00002835.jpg,annots/2024-04-25_TUEV_Elchingen/Crossing_80_Front_Teil4.mp4/2024-04-25_XRAISE_Crossing_80_Front_Teil4_00002835.xml,2024-04-25_TUEV_Elchingen/Crossing_80_Front_Teil4.mp4,2835,test,2.45,2,0,normal,pending,,,
imgs/2024-04-25_TUEV_Elchingen/Crossing_80_Front_Teil4.mp4/2024-04-25_XRAISE_Crossing_80_Front_Teil4_00003660.jpg,annots/2024-04-25_TUEV_Elchingen/Crossing_80_Front_Teil4.mp4/2024-04-25_XRAISE_Crossing_80_Front_Teil4_00003660.xml,2024-04-25_TUEV_Elchingen/Crossing_80_Front_Teil4.mp4,3660,test,2.45,0,0,normal,pending,,,
imgs/2024-04-25_TUEV_Elchingen/Crossing_80_Front_Teil4.mp4/2024-04-25_XRAISE_Crossing_80_Front_Teil4_00004470.jpg,annots/2024-04-25_TUEV_Elchingen/Crossing_80_Front_Teil4.mp4/2024-04-25_XRAISE_Crossing_80_Front_Teil4_00004470.xml,2024-04-25_TUEV_Elchingen/Crossing_80_Front_Teil4.mp4,4470,test,2.45,1,0,normal,pending,,,
imgs/2024-04-25_TUEV_Elchingen/Crossing_80_Front_Teil4.mp4/2024-04-25_XRAISE_Crossing_80_Front_Teil4_00005280.jpg,annots/2024-04-25_TUEV_Elchingen/Crossing_80_Front_Teil4.mp4/2024-04-25_XRAISE_Crossing_80_Front_Teil4_00005280.xml,2024-04-25_TUEV_Elchingen/Crossing_80_Front_Teil4.mp4,5280,test,2.45,1,0,normal,pending,,,
imgs/2024-04-25_TUEV_Elchingen/Crossing_80_Front_Teil4.mp4/2024-04-25_XRAISE_Crossing_80_Front_Teil4_00006090.jpg,annots/2024-04-25_TUEV_Elchingen/Crossing_80_Front_Teil4.mp4/2024-04-25_XRAISE_Crossing_80_Front_Teil4_00006090.xml,2024-04-25_TUEV_Elchingen/Crossing_80_Front_Teil4.mp4,6090,test,2.45,1,0,normal,pending,,,
imgs/2024-04-25_TUEV_Elchingen/Fuzzy-Betrunkene.mp4/2024-04-25_XRAISE_Fuzzy-Betrunkene_00000090.jpg,annots/2024-04-25_TUEV_Elchingen/Fuzzy-Betrunkene.mp4/2024-04-25_XRAISE_Fuzzy-Betrunkene_00000090.xml,2024-04-25_TUEV_Elchingen/Fuzzy-Betrunkene.mp4,90,train,2.45,7,0,normal,pending,,,
imgs/2024-04-25_TUEV_Elchingen/Fuzzy-Betrunkene.mp4/2024-04-25_XRAISE_Fuzzy-Betrunkene_00000300.jpg,annots/2024-04-25_TUEV_Elchingen/Fuzzy-Betrunkene.mp4/2024-04-25_XRAISE_Fuzzy-Betrunkene_00000300.xml,2024-04-25_TUEV_Elchingen/Fuzzy-Betrunkene.mp4,300,train,2.45,9,0,normal,pending,,,
imgs/2024-04-25_TUEV_Elchingen/Fuzzy-Betrunkene.mp4/2024-04-25_XRAISE_Fuzzy-Betrunkene_00000495.jpg,annots/2024-04-25_TUEV_Elchingen/Fuzzy-Betrunkene.mp4/2024-04-25_XRAISE_Fuzzy-Betrunkene_00000495.xml,2024-04-25_TUEV_Elchingen/Fuzzy-Betrunkene.mp4,495,train,2.45,7,0,normal,pending,,,
imgs/2024-04-25_TUEV_Elchingen/Fuzzy-Betrunkene.mp4/2024-04-25_XRAISE_Fuzzy-Betrunkene_00000705.jpg,annots/2024-04-25_TUEV_Elchingen/Fuzzy-Betrunkene.mp4/2024-04-25_XRAISE_Fuzzy-Betrunkene_00000705.xml,2024-04-25_TUEV_Elchingen/Fuzzy-Betrunkene.mp4,705,train,2.45,9,0,normal,pending,,,
imgs/2024-04-25_TUEV_Elchingen/Fuzzy-Betrunkene.mp4/2024-04-25_XRAISE_Fuzzy-Betrunkene_00000900.jpg,annots/2024-04-25_TUEV_Elchingen/Fuzzy-Betrunkene.mp4/2024-04-25_XRAISE_Fuzzy-Betrunkene_00000900.xml,2024-04-25_TUEV_Elchingen/Fuzzy-Betrunkene.mp4,900,train,2.45,9,0,normal,pending,,,
imgs/2024-04-25_TUEV_Elchingen/Fuzzy-Betrunkene.mp4/2024-04-25_XRAISE_Fuzzy-Betrunkene_00001110.jpg,annots/2024-04-25_TUEV_Elchingen/Fuzzy-Betrunkene.mp4/2024-04-25_XRAISE_Fuzzy-Betrunkene_00001110.xml,2024-04-25_TUEV_Elchingen/Fuzzy-Betrunkene.mp4,1110,train,2.45,11,0,normal,pending,,,
imgs/2024-04-25_TUEV_Elchingen/Fuzzy-Betrunkene.mp4/2024-04-25_XRAISE_Fuzzy-Betrunkene_00001305.jpg,annots/2024-04-25_TUEV_Elchingen/Fuzzy-Betrunkene.mp4/2024-04-25_XRAISE_Fuzzy-Betrunkene_00001305.xml,2024-04-25_TUEV_Elchingen/Fuzzy-Betrunkene.mp4,1305,train,2.45,8,0,normal,pending,,,
imgs/2024-04-25_TUEV_Elchingen/Fuzzy-Betrunkene.mp4/2024-04-25_XRAISE_Fuzzy-Betrunkene_00001515.jpg,annots/2024-04-25_TUEV_Elchingen/Fuzzy-Betrunkene.mp4/2024-04-25_XRAISE_Fuzzy-Betrunkene_00001515.xml,2024-04-25_TUEV_Elchingen/Fuzzy-Betrunkene.mp4,1515,train,2.45,7,0,normal,pending,,,
imgs/2024-04-25_TUEV_Elchingen/Fuzzy-KinderMenschengruppe1.mp4/2024-04-25_XRAISE_Fuzzy-KinderMenschengruppe1_00000255.jpg,annots/2024-04-25_TUEV_Elchingen/Fuzzy-KinderMenschengruppe1.mp4/2024-04-25_XRAISE_Fuzzy-KinderMenschengruppe1_00000255.xml,2024-04-25_TUEV_Elchingen/Fuzzy-KinderMenschengruppe1.mp4,255,train,2.45,9,0,normal,pending,,,
imgs/2024-04-25_TUEV_Elchingen/Fuzzy-KinderMenschengruppe1.mp4/2024-04-25_XRAISE_Fuzzy-KinderMenschengruppe1_00000795.jpg,annots/2024-04-25_TUEV_Elchingen/Fuzzy-KinderMenschengruppe1.mp4/2024-04-25_XRAISE_Fuzzy-KinderMenschengruppe1_00000795.xml,2024-04-25_TUEV_Elchingen/Fuzzy-KinderMenschengruppe1.mp4,795,train,2.45,7,0,normal,pending,,,
imgs/2024-04-25_TUEV_Elchingen/Fuzzy-KinderMenschengruppe1.mp4/2024-04-25_XRAISE_Fuzzy-KinderMenschengruppe1_00001335.jpg,annots/2024-04-25_TUEV_Elchingen/Fuzzy-KinderMenschengruppe1.mp4/2024-04-25_XRAISE_Fuzzy-KinderMenschengruppe1_00001335.xml,2024-04-25_TUEV_Elchingen/Fuzzy-KinderMenschengruppe1.mp4,1335,train,2.45,7,0,normal,pending,,,
imgs/2024-04-25_TUEV_Elchingen/Fuzzy-KinderMenschengruppe1.mp4/2024-04-25_XRAISE_Fuzzy-KinderMenschengruppe1_00001875.jpg,annots/2024-04-25_TUEV_Elchingen/Fuzzy-KinderMenschengruppe1.mp4/2024-04-25_XRAISE_Fuzzy-KinderMenschengruppe1_00001875.xml,2024-04-25_TUEV_Elchingen/Fuzzy-KinderMenschengruppe1.mp4,1875,train,2.45,8,0,normal,pending,,,
imgs/2024-04-25_TUEV_Elchingen/Fuzzy-KinderMenschengruppe1.mp4/2024-04-25_XRAISE_Fuzzy-KinderMenschengruppe1_00002415.jpg,annots/2024-04-25_TUEV_Elchingen/Fuzzy-KinderMenschengruppe1.mp4/2024-04-25_XRAISE_Fuzzy-KinderMenschengruppe1_00002415.xml,2024-04-25_TUEV_Elchingen/Fuzzy-KinderMenschengruppe1.mp4,2415,train,2.45,10,0,normal,pending,,,
imgs/2024-04-25_TUEV_Elchingen/Fuzzy-KinderMenschengruppe1.mp4/2024-04-25_XRAISE_Fuzzy-KinderMenschengruppe1_00002955.jpg,annots/2024-04-25_TUEV_Elchingen/Fuzzy-KinderMenschengruppe1.mp4/2024-04-25_XRAISE_Fuzzy-KinderMenschengruppe1_00002955.xml,2024-04-25_TUEV_Elchingen/Fuzzy-KinderMenschengruppe1.mp4,2955,train,2.45,8,0,normal,pending,,,
imgs/2024-04-25_TUEV_Elchingen/Fuzzy-KinderMenschengruppe1.mp4/2024-04-25_XRAISE_Fuzzy-KinderMenschengruppe1_00003495.jpg,annots/2024-04-25_TUEV_Elchingen/Fuzzy-KinderMenschengruppe1.mp4/2024-04-25_XRAISE_Fuzzy-KinderMenschengruppe1_00003495.xml,2024-04-25_TUEV_Elchingen/Fuzzy-KinderMenschengruppe1.mp4,3495,train,2.45,10,0,normal,pending,,,
imgs/2024-04-25_TUEV_Elchingen/Fuzzy-KinderMenschengruppe1.mp4/2024-04-25_XRAISE_Fuzzy-KinderMenschengruppe1_00004035.jpg,annots/2024-04-25_TUEV_Elchingen/Fuzzy-KinderMenschengruppe1.mp4/2024-04-25_XRAISE_Fuzzy-KinderMenschengruppe1_00004035.xml,2024-04-25_TUEV_Elchingen/Fuzzy-KinderMenschengruppe1.mp4,4035,train,2.45,8,0,normal,pending,,,
imgs/2024-04-25_TUEV_Elchingen/Fuzzy-KinderMenschengruppe2.mp4/2024-04-25_XRAISE_Fuzzy-KinderMenschengruppe2_00000780.jpg,annots/2024-04-25_TUEV_Elchingen/Fuzzy-KinderMenschengruppe2.mp4/2024-04-25_XRAISE_Fuzzy-KinderMenschengruppe2_00000780.xml,2024-04-25_TUEV_Elchingen/Fuzzy-KinderMenschengruppe2.mp4,780,val,2.45,10,0,normal,pending,,,
imgs/2024-04-25_TUEV_Elchingen/Fuzzy-KinderMenschengruppe2.mp4/2024-04-25_XRAISE_Fuzzy-KinderMenschengruppe2_00002355.jpg,annots/2024-04-25_TUEV_Elchingen/Fuzzy-KinderMenschengruppe2.mp4/2024-04-25_XRAISE_Fuzzy-KinderMenschengruppe2_00002355.xml,2024-04-25_TUEV_Elchingen/Fuzzy-KinderMenschengruppe2.mp4,2355,val,2.45,7,0,normal,pending,,,
imgs/2024-04-25_TUEV_Elchingen/Fuzzy-KinderMenschengruppe2.mp4/2024-04-25_XRAISE_Fuzzy-KinderMenschengruppe2_00003930.jpg,annots/2024-04-25_TUEV_Elchingen/Fuzzy-KinderMenschengruppe2.mp4/2024-04-25_XRAISE_Fuzzy-KinderMenschengruppe2_00003930.xml,2024-04-25_TUEV_Elchingen/Fuzzy-KinderMenschengruppe2.mp4,3930,val,2.45,9,0,normal,pending,,,
imgs/2024-04-25_TUEV_Elchingen/Fuzzy-KinderMenschengruppe2.mp4/2024-04-25_XRAISE_Fuzzy-KinderMenschengruppe2_00005505.jpg,annots/2024-04-25_TUEV_Elchingen/Fuzzy-KinderMenschengruppe2.mp4/2024-04-25_XRAISE_Fuzzy-KinderMenschengruppe2_00005505.xml,2024-04-25_TUEV_Elchingen/Fuzzy-KinderMenschengruppe2.mp4,5505,val,2.45,9,0,normal,pending,,,
imgs/2024-04-25_TUEV_Elchingen/Fuzzy-KinderMenschengruppe2.mp4/2024-04-25_XRAISE_Fuzzy-KinderMenschengruppe2_00007065.jpg,annots/2024-04-25_TUEV_Elchingen/Fuzzy-KinderMenschengruppe2.mp4/2024-04-25_XRAISE_Fuzzy-KinderMenschengruppe2_00007065.xml,2024-04-25_TUEV_Elchingen/Fuzzy-KinderMenschengruppe2.mp4,7065,val,2.45,6,0,normal,pending,,,
imgs/2024-04-25_TUEV_Elchingen/Fuzzy-KinderMenschengruppe2.mp4/2024-04-25_XRAISE_Fuzzy-KinderMenschengruppe2_00008640.jpg,annots/2024-04-25_TUEV_Elchingen/Fuzzy-KinderMenschengruppe2.mp4/2024-04-25_XRAISE_Fuzzy-KinderMenschengruppe2_00008640.xml,2024-04-25_TUEV_Elchingen/Fuzzy-KinderMenschengruppe2.mp4,8640,val,2.45,12,0,normal,pending,,,
imgs/2024-04-25_TUEV_Elchingen/Fuzzy-KinderMenschengruppe2.mp4/2024-04-25_XRAISE_Fuzzy-KinderMenschengruppe2_00010215.jpg,annots/2024-04-25_TUEV_Elchingen/Fuzzy-KinderMenschengruppe2.mp4/2024-04-25_XRAISE_Fuzzy-KinderMenschengruppe2_00010215.xml,2024-04-25_TUEV_Elchingen/Fuzzy-KinderMenschengruppe2.mp4,10215,val,2.45,9,0,normal,pending,,,
imgs/2024-04-25_TUEV_Elchingen/Fuzzy-KinderMenschengruppe2.mp4/2024-04-25_XRAISE_Fuzzy-KinderMenschengruppe2_00011790.jpg,annots/2024-04-25_TUEV_Elchingen/Fuzzy-KinderMenschengruppe2.mp4/2024-04-25_XRAISE_Fuzzy-KinderMenschengruppe2_00011790.xml,2024-04-25_TUEV_Elchingen/Fuzzy-KinderMenschengruppe2.mp4,11790,val,2.45,7,0,normal,pending,,,
imgs/2024-04-25_TUEV_Elchingen/Fuzzy-KinderMenschengruppeBallspielen.mp4/2024-04-25_XRAISE_Fuzzy-KinderMenschengruppeBallspielen_00000480.jpg,annots/2024-04-25_TUEV_Elchingen/Fuzzy-KinderMenschengruppeBallspielen.mp4/2024-04-25_XRAISE_Fuzzy-KinderMenschengruppeBallspielen_00000480.xml,2024-04-25_TUEV_Elchingen/Fuzzy-KinderMenschengruppeBallspielen.mp4,480,test,2.45,7,0,normal,pending,,,
imgs/2024-04-25_TUEV_Elchingen/Fuzzy-KinderMenschengruppeBallspielen.mp4/2024-04-25_XRAISE_Fuzzy-KinderMenschengruppeBallspielen_00001470.jpg,annots/2024-04-25_TUEV_Elchingen/Fuzzy-KinderMenschengruppeBallspielen.mp4/2024-04-25_XRAISE_Fuzzy-KinderMenschengruppeBallspielen_00001470.xml,2024-04-25_TUEV_Elchingen/Fuzzy-KinderMenschengruppeBallspielen.mp4,1470,test,2.45,6,0,normal,pending,,,
imgs/2024-04-25_TUEV_Elchingen/Fuzzy-KinderMenschengruppeBallspielen.mp4/2024-04-25_XRAISE_Fuzzy-KinderMenschengruppeBallspielen_00002460.jpg,annots/2024-04-25_TUEV_Elchingen/Fuzzy-KinderMenschengruppeBallspielen.mp4/2024-04-25_XRAISE_Fuzzy-KinderMenschengruppeBallspielen_00002460.xml,2024-04-25_TUEV_Elchingen/Fuzzy-KinderMenschengruppeBallspielen.mp4,2460,test,2.45,14,0,normal,pending,,,
imgs/2024-04-25_TUEV_Elchingen/Fuzzy-KinderMenschengruppeBallspielen.mp4/2024-04-25_XRAISE_Fuzzy-KinderMenschengruppeBallspielen_00003450.jpg,annots/2024-04-25_TUEV_Elchingen/Fuzzy-KinderMenschengruppeBallspielen.mp4/2024-04-25_XRAISE_Fuzzy-KinderMenschengruppeBallspielen_00003450.xml,2024-04-25_TUEV_Elchingen/Fuzzy-KinderMenschengruppeBallspielen.mp4,3450,test,2.45,13,0,normal,pending,,,
imgs/2024-04-25_TUEV_Elchingen/Fuzzy-KinderMenschengruppeBallspielen.mp4/2024-04-25_XRAISE_Fuzzy-KinderMenschengruppeBallspielen_00004440.jpg,annots/2024-04-25_TUEV_Elchingen/Fuzzy-KinderMenschengruppeBallspielen.mp4/2024-04-25_XRAISE_Fuzzy-KinderMenschengruppeBallspielen_00004440.xml,2024-04-25_TUEV_Elchingen/Fuzzy-KinderMenschengruppeBallspielen.mp4,4440,test,2.45,9,0,normal,pending,,,
imgs/2024-04-25_TUEV_Elchingen/Fuzzy-KinderMenschengruppeBallspielen.mp4/2024-04-25_XRAISE_Fuzzy-KinderMenschengruppeBallspielen_00005430.jpg,annots/2024-04-25_TUEV_Elchingen/Fuzzy-KinderMenschengruppeBallspielen.mp4/2024-04-25_XRAISE_Fuzzy-KinderMenschengruppeBallspielen_00005430.xml,2024-04-25_TUEV_Elchingen/Fuzzy-KinderMenschengruppeBallspielen.mp4,5430,test,2.45,8,0,normal,pending,,,
imgs/2024-04-25_TUEV_Elchingen/Fuzzy-KinderMenschengruppeBallspielen.mp4/2024-04-25_XRAISE_Fuzzy-KinderMenschengruppeBallspielen_00006420.jpg,annots/2024-04-25_TUEV_Elchingen/Fuzzy-KinderMenschengruppeBallspielen.mp4/2024-04-25_XRAISE_Fuzzy-KinderMenschengruppeBallspielen_00006420.xml,2024-04-25_TUEV_Elchingen/Fuzzy-KinderMenschengruppeBallspielen.mp4,6420,test,2.45,14,0,normal,pending,,,
imgs/2024-04-25_TUEV_Elchingen/Fuzzy-KinderMenschengruppeBallspielen.mp4/2024-04-25_XRAISE_Fuzzy-KinderMenschengruppeBallspielen_00007410.jpg,annots/2024-04-25_TUEV_Elchingen/Fuzzy-KinderMenschengruppeBallspielen.mp4/2024-04-25_XRAISE_Fuzzy-KinderMenschengruppeBallspielen_00007410.xml,2024-04-25_TUEV_Elchingen/Fuzzy-KinderMenschengruppeBallspielen.mp4,7410,test,2.45,11,0,normal,pending,,,
imgs/2024-04-25_TUEV_Elchingen/Gegenlicht-Gruppe_1.mp4/2024-04-25_XRAISE_Gegenlicht-Gruppe_1_00000195.jpg,annots/2024-04-25_TUEV_Elchingen/Gegenlicht-Gruppe_1.mp4/2024-04-25_XRAISE_Gegenlicht-Gruppe_1_00000195.xml,2024-04-25_TUEV_Elchingen/Gegenlicht-Gruppe_1.mp4,195,train,2.45,2,0,normal,pending,,,
imgs/2024-04-25_TUEV_Elchingen/Gegenlicht-Gruppe_1.mp4/2024-04-25_XRAISE_Gegenlicht-Gruppe_1_00000585.jpg,annots/2024-04-25_TUEV_Elchingen/Gegenlicht-Gruppe_1.mp4/2024-04-25_XRAISE_Gegenlicht-Gruppe_1_00000585.xml,2024-04-25_TUEV_Elchingen/Gegenlicht-Gruppe_1.mp4,585,train,2.45,5,0,normal,pending,,,
imgs/2024-04-25_TUEV_Elchingen/Gegenlicht-Gruppe_1.mp4/2024-04-25_XRAISE_Gegenlicht-Gruppe_1_00000990.jpg,annots/2024-04-25_TUEV_Elchingen/Gegenlicht-Gruppe_1.mp4/2024-04-25_XRAISE_Gegenlicht-Gruppe_1_00000990.xml,2024-04-25_TUEV_Elchingen/Gegenlicht-Gruppe_1.mp4,990,train,2.45,8,0,normal,pending,,,
imgs/2024-04-25_TUEV_Elchingen/Gegenlicht-Gruppe_1.mp4/2024-04-25_XRAISE_Gegenlicht-Gruppe_1_00001380.jpg,annots/2024-04-25_TUEV_Elchingen/Gegenlicht-Gruppe_1.mp4/2024-04-25_XRAISE_Gegenlicht-Gruppe_1_00001380.xml,2024-04-25_TUEV_Elchingen/Gegenlicht-Gruppe_1.mp4,1380,train,2.45,8,0,normal,pending,,,
imgs/2024-04-25_TUEV_Elchingen/Gegenlicht-Gruppe_1.mp4/2024-04-25_XRAISE_Gegenlicht-Gruppe_1_00001785.jpg,annots/2024-04-25_TUEV_Elchingen/Gegenlicht-Gruppe_1.mp4/2024-04-25_XRAISE_Gegenlicht-Gruppe_1_00001785.xml,2024-04-25_TUEV_Elchingen/Gegenlicht-Gruppe_1.mp4,1785,train,2.45,8,0,normal,pending,,,
imgs/2024-04-25_TUEV_Elchingen/Gegenlicht-Gruppe_1.mp4/2024-04-25_XRAISE_Gegenlicht-Gruppe_1_00002175.jpg,annots/2024-04-25_TUEV_Elchingen/Gegenlicht-Gruppe_1.mp4/2024-04-25_XRAISE_Gegenlicht-Gruppe_1_00002175.xml,2024-04-25_TUEV_Elchingen/Gegenlicht-Gruppe_1.mp4,2175,train,2.45,9,0,normal,pending,,,
imgs/2024-04-25_TUEV_Elchingen/Gegenlicht-Gruppe_1.mp4/2024-04-25_XRAISE_Gegenlicht-Gruppe_1_00002580.jpg,annots/2024-04-25_TUEV_Elchingen/Gegenlicht-Gruppe_1.mp4/2024-04-25_XRAISE_Gegenlicht-Gruppe_1_00002580.xml,2024-04-25_TUEV_Elchingen/Gegenlicht-Gruppe_1.mp4,2580,train,2.45,6,0,normal,pending,,,
imgs/2024-04-25_TUEV_Elchingen/Gegenlicht-Gruppe_1.mp4/2024-04-25_XRAISE_Gegenlicht-Gruppe_1_00002970.jpg,annots/2024-04-25_TUEV_Elchingen/Gegenlicht-Gruppe_1.mp4/2024-04-25_XRAISE_Gegenlicht-Gruppe_1_00002970.xml,2024-04-25_TUEV_Elchingen/Gegenlicht-Gruppe_1.mp4,2970,train,2.45,2,0,normal,pending,,,
imgs/2024-04-25_TUEV_Elchingen/Gegenstaende auf Gleis.mp4/2024-04-25_XRAISE_Gegenstaende auf Gleis_00000120.jpg,annots/2024-04-25_TUEV_Elchingen/Gegenstaende auf Gleis.mp4/2024-04-25_XRAISE_Gegenstaende auf Gleis_00000120.xml,2024-04-25_TUEV_Elchingen/Gegenstaende auf Gleis.mp4,120,train,2.45,0,0,object_on_track,pending,,,
imgs/2024-04-25_TUEV_Elchingen/Gegenstaende auf Gleis.mp4/2024-04-25_XRAISE_Gegenstaende auf Gleis_00000375.jpg,annots/2024-04-25_TUEV_Elchingen/Gegenstaende auf Gleis.mp4/2024-04-25_XRAISE_Gegenstaende auf Gleis_00000375.xml,2024-04-25_TUEV_Elchingen/Gegenstaende auf Gleis.mp4,375,train,2.45,0,0,object_on_track,pending,,,
imgs/2024-04-25_TUEV_Elchingen/Gegenstaende auf Gleis.mp4/2024-04-25_XRAISE_Gegenstaende auf Gleis_00000645.jpg,annots/2024-04-25_TUEV_Elchingen/Gegenstaende auf Gleis.mp4/2024-04-25_XRAISE_Gegenstaende auf Gleis_00000645.xml,2024-04-25_TUEV_Elchingen/Gegenstaende auf Gleis.mp4,645,train,2.45,0,0,object_on_track,pending,,,
imgs/2024-04-25_TUEV_Elchingen/Gegenstaende auf Gleis.mp4/2024-04-25_XRAISE_Gegenstaende auf Gleis_00000900.jpg,annots/2024-04-25_TUEV_Elchingen/Gegenstaende auf Gleis.mp4/2024-04-25_XRAISE_Gegenstaende auf Gleis_00000900.xml,2024-04-25_TUEV_Elchingen/Gegenstaende auf Gleis.mp4,900,train,2.45,0,0,object_on_track,pending,,,
imgs/2024-04-25_TUEV_Elchingen/Gegenstaende auf Gleis.mp4/2024-04-25_XRAISE_Gegenstaende auf Gleis_00001155.jpg,annots/2024-04-25_TUEV_Elchingen/Gegenstaende auf Gleis.mp4/2024-04-25_XRAISE_Gegenstaende auf Gleis_00001155.xml,2024-04-25_TUEV_Elchingen/Gegenstaende auf Gleis.mp4,1155,train,2.45,0,0,object_on_track,pending,,,
imgs/2024-04-25_TUEV_Elchingen/Gegenstaende auf Gleis.mp4/2024-04-25_XRAISE_Gegenstaende auf Gleis_00001410.jpg,annots/2024-04-25_TUEV_Elchingen/Gegenstaende auf Gleis.mp4/2024-04-25_XRAISE_Gegenstaende auf Gleis_00001410.xml,2024-04-25_TUEV_Elchingen/Gegenstaende auf Gleis.mp4,1410,train,2.45,0,0,object_on_track,pending,,,
imgs/2024-04-25_TUEV_Elchingen/Gegenstaende auf Gleis.mp4/2024-04-25_XRAISE_Gegenstaende auf Gleis_00001680.jpg,annots/2024-04-25_TUEV_Elchingen/Gegenstaende auf Gleis.mp4/2024-04-25_XRAISE_Gegenstaende auf Gleis_00001680.xml,2024-04-25_TUEV_Elchingen/Gegenstaende auf Gleis.mp4,1680,train,2.45,0,0,object_on_track,pending,,,
imgs/2024-04-25_TUEV_Elchingen/Gegenstaende auf Gleis.mp4/2024-04-25_XRAISE_Gegenstaende auf Gleis_00001935.jpg,annots/2024-04-25_TUEV_Elchingen/Gegenstaende auf Gleis.mp4/2024-04-25_XRAISE_Gegenstaende auf Gleis_00001935.xml,2024-04-25_TUEV_Elchingen/Gegenstaende auf Gleis.mp4,1935,train,2.45,0,0,object_on_track,pending,,,
imgs/2024-04-25_TUEV_Elchingen/Gegenstaende auf Gleis2.mp4/2024-04-25_XRAISE_Gegenstaende auf Gleis2_00000270.jpg,annots/2024-04-25_TUEV_Elchingen/Gegenstaende auf Gleis2.mp4/2024-04-25_XRAISE_Gegenstaende auf Gleis2_00000270.xml,2024-04-25_TUEV_Elchingen/Gegenstaende auf Gleis2.mp4,270,train,2.45,0,0,object_on_track,pending,,,
imgs/2024-04-25_TUEV_Elchingen/Gegenstaende auf Gleis2.mp4/2024-04-25_XRAISE_Gegenstaende auf Gleis2_00000825.jpg,annots/2024-04-25_TUEV_Elchingen/Gegenstaende auf Gleis2.mp4/2024-04-25_XRAISE_Gegenstaende auf Gleis2_00000825.xml,2024-04-25_TUEV_Elchingen/Gegenstaende auf Gleis2.mp4,825,train,2.45,0,0,object_on_track,pending,,,
imgs/2024-04-25_TUEV_Elchingen/Gegenstaende auf Gleis2.mp4/2024-04-25_XRAISE_Gegenstaende auf Gleis2_00001380.jpg,annots/2024-04-25_TUEV_Elchingen/Gegenstaende auf Gleis2.mp4/2024-04-25_XRAISE_Gegenstaende auf Gleis2_00001380.xml,2024-04-25_TUEV_Elchingen/Gegenstaende auf Gleis2.mp4,1380,train,2.45,1,0,object_on_track,pending,,,
imgs/2024-04-25_TUEV_Elchingen/Gegenstaende auf Gleis2.mp4/2024-04-25_XRAISE_Gegenstaende auf Gleis2_00001935.jpg,annots/2024-04-25_TUEV_Elchingen/Gegenstaende auf Gleis2.mp4/2024-04-25_XRAISE_Gegenstaende auf Gleis2_00001935.xml,2024-04-25_TUEV_Elchingen/Gegenstaende auf Gleis2.mp4,1935,train,2.45,0,0,object_on_track,pending,,,
imgs/2024-04-25_TUEV_Elchingen/Gegenstaende auf Gleis2.mp4/2024-04-25_XRAISE_Gegenstaende auf Gleis2_00002475.jpg,annots/2024-04-25_TUEV_Elchingen/Gegenstaende auf Gleis2.mp4/2024-04-25_XRAISE_Gegenstaende auf Gleis2_00002475.xml,2024-04-25_TUEV_Elchingen/Gegenstaende auf Gleis2.mp4,2475,train,2.45,0,1,object_on_track,pending,,,
imgs/2024-04-25_TUEV_Elchingen/Gegenstaende auf Gleis2.mp4/2024-04-25_XRAISE_Gegenstaende auf Gleis2_00003030.jpg,annots/2024-04-25_TUEV_Elchingen/Gegenstaende auf Gleis2.mp4/2024-04-25_XRAISE_Gegenstaende auf Gleis2_00003030.xml,2024-04-25_TUEV_Elchingen/Gegenstaende auf Gleis2.mp4,3030,train,2.45,2,1,object_on_track,pending,,,
imgs/2024-04-25_TUEV_Elchingen/Gegenstaende auf Gleis2.mp4/2024-04-25_XRAISE_Gegenstaende auf Gleis2_00003585.jpg,annots/2024-04-25_TUEV_Elchingen/Gegenstaende auf Gleis2.mp4/2024-04-25_XRAISE_Gegenstaende auf Gleis2_00003585.xml,2024-04-25_TUEV_Elchingen/Gegenstaende auf Gleis2.mp4,3585,train,2.45,0,1,object_on_track,pending,,,
imgs/2024-04-25_TUEV_Elchingen/Gegenstaende auf Gleis2.mp4/2024-04-25_XRAISE_Gegenstaende auf Gleis2_00004140.jpg,annots/2024-04-25_TUEV_Elchingen/Gegenstaende auf Gleis2.mp4/2024-04-25_XRAISE_Gegenstaende auf Gleis2_00004140.xml,2024-04-25_TUEV_Elchingen/Gegenstaende auf Gleis2.mp4,4140,train,2.45,5,1,object_on_track,pending,,,
imgs/2024-04-25_TUEV_Elchingen/Gegenstaende auf Gleis3.mp4/2024-04-25_XRAISE_Gegenstaende auf Gleis3_00000210.jpg,annots/2024-04-25_TUEV_Elchingen/Gegenstaende auf Gleis3.mp4/2024-04-25_XRAISE_Gegenstaende auf Gleis3_00000210.xml,2024-04-25_TUEV_Elchingen/Gegenstaende auf Gleis3.mp4,210,train,2.45,0,1,object_on_track,pending,,,
imgs/2024-04-25_TUEV_Elchingen/Gegenstaende auf Gleis3.mp4/2024-04-25_XRAISE_Gegenstaende auf Gleis3_00000630.jpg,annots/2024-04-25_TUEV_Elchingen/Gegenstaende auf Gleis3.mp4/2024-04-25_XRAISE_Gegenstaende auf Gleis3_00000630.xml,2024-04-25_TUEV_Elchingen/Gegenstaende auf Gleis3.mp4,630,train,2.45,0,1,object_on_track,pending,,,
imgs/2024-04-25_TUEV_Elchingen/Gegenstaende auf Gleis3.mp4/2024-04-25_XRAISE_Gegenstaende auf Gleis3_00001050.jpg,annots/2024-04-25_TUEV_Elchingen/Gegenstaende auf Gleis3.mp4/2024-04-25_XRAISE_Gegenstaende auf Gleis3_00001050.xml,2024-04-25_TUEV_Elchingen/Gegenstaende auf Gleis3.mp4,1050,train,2.45,0,1,object_on_track,pending,,,
imgs/2024-04-25_TUEV_Elchingen/Gegenstaende auf Gleis3.mp4/2024-04-25_XRAISE_Gegenstaende auf Gleis3_00001470.jpg,annots/2024-04-25_TUEV_Elchingen/Gegenstaende auf Gleis3.mp4/2024-04-25_XRAISE_Gegenstaende auf Gleis3_00001470.xml,2024-04-25_TUEV_Elchingen/Gegenstaende auf Gleis3.mp4,1470,train,2.45,0,1,object_on_track,pending,,,
imgs/2024-04-25_TUEV_Elchingen/Gegenstaende auf Gleis3.mp4/2024-04-25_XRAISE_Gegenstaende auf Gleis3_00001890.jpg,annots/2024-04-25_TUEV_Elchingen/Gegenstaende auf Gleis3.mp4/2024-04-25_XRAISE_Gegenstaende auf Gleis3_00001890.xml,2024-04-25_TUEV_Elchingen/Gegenstaende auf Gleis3.mp4,1890,train,2.45,0,1,object_on_track,pending,,,
imgs/2024-04-25_TUEV_Elchingen/Gegenstaende auf Gleis3.mp4/2024-04-25_XRAISE_Gegenstaende auf Gleis3_00002310.jpg,annots/2024-04-25_TUEV_Elchingen/Gegenstaende auf Gleis3.mp4/2024-04-25_XRAISE_Gegenstaende auf Gleis3_00002310.xml,2024-04-25_TUEV_Elchingen/Gegenstaende auf Gleis3.mp4,2310,train,2.45,0,0,object_on_track,pending,,,
imgs/2024-04-25_TUEV_Elchingen/Gegenstaende auf Gleis3.mp4/2024-04-25_XRAISE_Gegenstaende auf Gleis3_00002730.jpg,annots/2024-04-25_TUEV_Elchingen/Gegenstaende auf Gleis3.mp4/2024-04-25_XRAISE_Gegenstaende auf Gleis3_00002730.xml,2024-04-25_TUEV_Elchingen/Gegenstaende auf Gleis3.mp4,2730,train,2.45,0,0,object_on_track,pending,,,
imgs/2024-04-25_TUEV_Elchingen/Gegenstaende auf Gleis3.mp4/2024-04-25_XRAISE_Gegenstaende auf Gleis3_00003150.jpg,annots/2024-04-25_TUEV_Elchingen/Gegenstaende auf Gleis3.mp4/2024-04-25_XRAISE_Gegenstaende auf Gleis3_00003150.xml,2024-04-25_TUEV_Elchingen/Gegenstaende auf Gleis3.mp4,3150,train,2.45,0,0,object_on_track,pending,,,
imgs/2024-04-25_TUEV_Elchingen/Gegenstaende auf Gleis4.mp4/2024-04-25_XRAISE_Gegenstaende auf Gleis4_00000090.jpg,annots/2024-04-25_TUEV_Elchingen/Gegenstaende auf Gleis4.mp4/2024-04-25_XRAISE_Gegenstaende auf Gleis4_00000090.xml,2024-04-25_TUEV_Elchingen/Gegenstaende auf Gleis4.mp4,90,train,2.45,0,0,object_on_track,pending,,,
imgs/2024-04-25_TUEV_Elchingen/Gegenstaende auf Gleis4.mp4/2024-04-25_XRAISE_Gegenstaende auf Gleis4_00000285.jpg,annots/2024-04-25_TUEV_Elchingen/Gegenstaende auf Gleis4.mp4/2024-04-25_XRAISE_Gegenstaende auf Gleis4_00000285.xml,2024-04-25_TUEV_Elchingen/Gegenstaende auf Gleis4.mp4,285,train,2.45,0,0,object_on_track,pending,,,
imgs/2024-04-25_TUEV_Elchingen/Gegenstaende auf Gleis4.mp4/2024-04-25_XRAISE_Gegenstaende auf Gleis4_00000480.jpg,annots/2024-04-25_TUEV_Elchingen/Gegenstaende auf Gleis4.mp4/2024-04-25_XRAISE_Gegenstaende auf Gleis4_00000480.xml,2024-04-25_TUEV_Elchingen/Gegenstaende auf Gleis4.mp4,480,train,2.45,0,0,object_on_track,pending,,,
imgs/2024-04-25_TUEV_Elchingen/Gegenstaende auf Gleis4.mp4/2024-04-25_XRAISE_Gegenstaende auf Gleis4_00000675.jpg,annots/2024-04-25_TUEV_Elchingen/Gegenstaende auf Gleis4.mp4/2024-04-25_XRAISE_Gegenstaende auf Gleis4_00000675.xml,2024-04-25_TUEV_Elchingen/Gegenstaende auf Gleis4.mp4,675,train,2.45,0,0,object_on_track,pending,,,
imgs/2024-04-25_TUEV_Elchingen/Gegenstaende auf Gleis4.mp4/2024-04-25_XRAISE_Gegenstaende auf Gleis4_00000870.jpg,annots/2024-04-25_TUEV_Elchingen/Gegenstaende auf Gleis4.mp4/2024-04-25_XRAISE_Gegenstaende auf Gleis4_00000870.xml,2024-04-25_TUEV_Elchingen/Gegenstaende auf Gleis4.mp4,870,train,2.45,0,0,object_on_track,pending,,,
imgs/2024-04-25_TUEV_Elchingen/Gegenstaende auf Gleis4.mp4/2024-04-25_XRAISE_Gegenstaende auf Gleis4_00001065.jpg,annots/2024-04-25_TUEV_Elchingen/Gegenstaende auf Gleis4.mp4/2024-04-25_XRAISE_Gegenstaende auf Gleis4_00001065.xml,2024-04-25_TUEV_Elchingen/Gegenstaende auf Gleis4.mp4,1065,train,2.45,0,0,object_on_track,pending,,,
imgs/2024-04-25_TUEV_Elchingen/Gegenstaende auf Gleis4.mp4/2024-04-25_XRAISE_Gegenstaende auf Gleis4_00001260.jpg,annots/2024-04-25_TUEV_Elchingen/Gegenstaende auf Gleis4.mp4/2024-04-25_XRAISE_Gegenstaende auf Gleis4_00001260.xml,2024-04-25_TUEV_Elchingen/Gegenstaende auf Gleis4.mp4,1260,train,2.45,0,0,object_on_track,pending,,,
imgs/2024-04-25_TUEV_Elchingen/Gegenstaende auf Gleis4.mp4/2024-04-25_XRAISE_Gegenstaende auf Gleis4_00001455.jpg,annots/2024-04-25_TUEV_Elchingen/Gegenstaende auf Gleis4.mp4/2024-04-25_XRAISE_Gegenstaende auf Gleis4_00001455.xml,2024-04-25_TUEV_Elchingen/Gegenstaende auf Gleis4.mp4,1455,train,2.45,0,0,object_on_track,pending,,,
imgs/2024-04-25_TUEV_Elchingen/Karnevalkostuem-Scholz.mp4/2024-04-25_XRAISE_Karnevalkostuem-Scholz_00000120.jpg,annots/2024-04-25_TUEV_Elchingen/Karnevalkostuem-Scholz.mp4/2024-04-25_XRAISE_Karnevalkostuem-Scholz_00000120.xml,2024-04-25_TUEV_Elchingen/Karnevalkostuem-Scholz.mp4,120,train,2.45,1,0,normal,pending,,,
imgs/2024-04-25_TUEV_Elchingen/Karnevalkostuem-Scholz.mp4/2024-04-25_XRAISE_Karnevalkostuem-Scholz_00000375.jpg,annots/2024-04-25_TUEV_Elchingen/Karnevalkostuem-Scholz.mp4/2024-04-25_XRAISE_Karnevalkostuem-Scholz_00000375.xml,2024-04-25_TUEV_Elchingen/Karnevalkostuem-Scholz.mp4,375,train,2.45,1,0,normal,pending,,,
imgs/2024-04-25_TUEV_Elchingen/Karnevalkostuem-Scholz.mp4/2024-04-25_XRAISE_Karnevalkostuem-Scholz_00000630.jpg,annots/2024-04-25_TUEV_Elchingen/Karnevalkostuem-Scholz.mp4/2024-04-25_XRAISE_Karnevalkostuem-Scholz_00000630.xml,2024-04-25_TUEV_Elchingen/Karnevalkostuem-Scholz.mp4,630,train,2.45,1,0,normal,pending,,,
imgs/2024-04-25_TUEV_Elchingen/Karnevalkostuem-Scholz.mp4/2024-04-25_XRAISE_Karnevalkostuem-Scholz_00000885.jpg,annots/2024-04-25_TUEV_Elchingen/Karnevalkostuem-Scholz.mp4/2024-04-25_XRAISE_Karnevalkostuem-Scholz_00000885.xml,2024-04-25_TUEV_Elchingen/Karnevalkostuem-Scholz.mp4,885,train,2.45,1,0,normal,pending,,,
imgs/2024-04-25_TUEV_Elchingen/Karnevalkostuem-Scholz.mp4/2024-04-25_XRAISE_Karnevalkostuem-Scholz_00001125.jpg,annots/2024-04-25_TUEV_Elchingen/Karnevalkostuem-Scholz.mp4/2024-04-25_XRAISE_Karnevalkostuem-Scholz_00001125.xml,2024-04-25_TUEV_Elchingen/Karnevalkostuem-Scholz.mp4,1125,train,2.45,1,0,normal,pending,,,
imgs/2024-04-25_TUEV_Elchingen/Karnevalkostuem-Scholz.mp4/2024-04-25_XRAISE_Karnevalkostuem-Scholz_00001380.jpg,annots/2024-04-25_TUEV_Elchingen/Karnevalkostuem-Scholz.mp4/2024-04-25_XRAISE_Karnevalkostuem-Scholz_00001380.xml,2024-04-25_TUEV_Elchingen/Karnevalkostuem-Scholz.mp4,1380,train,2.45,1,0,normal,pending,,,
imgs/2024-04-25_TUEV_Elchingen/Karnevalkostuem-Scholz.mp4/2024-04-25_XRAISE_Karnevalkostuem-Scholz_00001635.jpg,annots/2024-04-25_TUEV_Elchingen/Karnevalkostuem-Scholz.mp4/2024-04-25_XRAISE_Karnevalkostuem-Scholz_00001635.xml,2024-04-25_TUEV_Elchingen/Karnevalkostuem-Scholz.mp4,1635,train,2.45,0,0,normal,pending,,,
imgs/2024-04-25_TUEV_Elchingen/Karnevalkostuem-Scholz.mp4/2024-04-25_XRAISE_Karnevalkostuem-Scholz_00001890.jpg,annots/2024-04-25_TUEV_Elchingen/Karnevalkostuem-Scholz.mp4/2024-04-25_XRAISE_Karnevalkostuem-Scholz_00001890.xml,2024-04-25_TUEV_Elchingen/Karnevalkostuem-Scholz.mp4,1890,train,2.45,0,0,normal,pending,,,
imgs/2024-04-25_TUEV_Elchingen/Karnevalkostuem.mp4/2024-04-25_XRAISE_Karnevalkostuem_00000135.jpg,annots/2024-04-25_TUEV_Elchingen/Karnevalkostuem.mp4/2024-04-25_XRAISE_Karnevalkostuem_00000135.xml,2024-04-25_TUEV_Elchingen/Karnevalkostuem.mp4,135,train,2.45,4,0,normal,pending,,,
imgs/2024-04-25_TUEV_Elchingen/Karnevalkostuem.mp4/2024-04-25_XRAISE_Karnevalkostuem_00000405.jpg,annots/2024-04-25_TUEV_Elchingen/Karnevalkostuem.mp4/2024-04-25_XRAISE_Karnevalkostuem_00000405.xml,2024-04-25_TUEV_Elchingen/Karnevalkostuem.mp4,405,train,2.45,3,0,normal,pending,,,
imgs/2024-04-25_TUEV_Elchingen/Karnevalkostuem.mp4/2024-04-25_XRAISE_Karnevalkostuem_00000690.jpg,annots/2024-04-25_TUEV_Elchingen/Karnevalkostuem.mp4/2024-04-25_XRAISE_Karnevalkostuem_00000690.xml,2024-04-25_TUEV_Elchingen/Karnevalkostuem.mp4,690,train,2.45,1,0,normal,pending,,,
imgs/2024-04-25_TUEV_Elchingen/Karnevalkostuem.mp4/2024-04-25_XRAISE_Karnevalkostuem_00000960.jpg,annots/2024-04-25_TUEV_Elchingen/Karnevalkostuem.mp4/2024-04-25_XRAISE_Karnevalkostuem_00000960.xml,2024-04-25_TUEV_Elchingen/Karnevalkostuem.mp4,960,train,2.45,1,0,normal,pending,,,
imgs/2024-04-25_TUEV_Elchingen/Karnevalkostuem.mp4/2024-04-25_XRAISE_Karnevalkostuem_00001245.jpg,annots/2024-04-25_TUEV_Elchingen/Karnevalkostuem.mp4/2024-04-25_XRAISE_Karnevalkostuem_00001245.xml,2024-04-25_TUEV_Elchingen/Karnevalkostuem.mp4,1245,train,2.45,1,0,normal,pending,,,
imgs/2024-04-25_TUEV_Elchingen/Karnevalkostuem.mp4/2024-04-25_XRAISE_Karnevalkostuem_00001515.jpg,annots/2024-04-25_TUEV_Elchingen/Karnevalkostuem.mp4/2024-04-25_XRAISE_Karnevalkostuem_00001515.xml,2024-04-25_TUEV_Elchingen/Karnevalkostuem.mp4,1515,train,2.45,1,0,normal,pending,,,
imgs/2024-04-25_TUEV_Elchingen/Karnevalkostuem.mp4/2024-04-25_XRAISE_Karnevalkostuem_00001800.jpg,annots/2024-04-25_TUEV_Elchingen/Karnevalkostuem.mp4/2024-04-25_XRAISE_Karnevalkostuem_00001800.xml,2024-04-25_TUEV_Elchingen/Karnevalkostuem.mp4,1800,train,2.45,0,0,normal,pending,,,
imgs/2024-04-25_TUEV_Elchingen/Karnevalkostuem.mp4/2024-04-25_XRAISE_Karnevalkostuem_00002070.jpg,annots/2024-04-25_TUEV_Elchingen/Karnevalkostuem.mp4/2024-04-25_XRAISE_Karnevalkostuem_00002070.xml,2024-04-25_TUEV_Elchingen/Karnevalkostuem.mp4,2070,train,2.45,1,0,normal,pending,,,
imgs/2024-04-25_TUEV_Elchingen/NSZ10_1.mp4/2024-04-25_XRAISE_NSZ10_1_00000075.jpg,annots/2024-04-25_TUEV_Elchingen/NSZ10_1.mp4/2024-04-25_XRAISE_NSZ10_1_00000075.xml,2024-04-25_TUEV_Elchingen/NSZ10_1.mp4,75,train,2.45,1,0,normal,pending,,,
imgs/2024-04-25_TUEV_Elchingen/NSZ10_1.mp4/2024-04-25_XRAISE_NSZ10_1_00000255.jpg,annots/2024-04-25_TUEV_Elchingen/NSZ10_1.mp4/2024-04-25_XRAISE_NSZ10_1_00000255.xml,2024-04-25_TUEV_Elchingen/NSZ10_1.mp4,255,train,2.45,1,0,normal,pending,,,
imgs/2024-04-25_TUEV_Elchingen/NSZ10_1.mp4/2024-04-25_XRAISE_NSZ10_1_00000435.jpg,annots/2024-04-25_TUEV_Elchingen/NSZ10_1.mp4/2024-04-25_XRAISE_NSZ10_1_00000435.xml,2024-04-25_TUEV_Elchingen/NSZ10_1.mp4,435,train,2.45,1,0,normal,pending,,,
imgs/2024-04-25_TUEV_Elchingen/NSZ10_1.mp4/2024-04-25_XRAISE_NSZ10_1_00000615.jpg,annots/2024-04-25_TUEV_Elchingen/NSZ10_1.mp4/2024-04-25_XRAISE_NSZ10_1_00000615.xml,2024-04-25_TUEV_Elchingen/NSZ10_1.mp4,615,train,2.45,1,0,normal,pending,,,
imgs/2024-04-25_TUEV_Elchingen/NSZ10_1.mp4/2024-04-25_XRAISE_NSZ10_1_00000795.jpg,annots/2024-04-25_TUEV_Elchingen/NSZ10_1.mp4/2024-04-25_XRAISE_NSZ10_1_00000795.xml,2024-04-25_TUEV_Elchingen/NSZ10_1.mp4,795,train,2.45,1,0,normal,pending,,,
imgs/2024-04-25_TUEV_Elchingen/NSZ10_1.mp4/2024-04-25_XRAISE_NSZ10_1_00000975.jpg,annots/2024-04-25_TUEV_Elchingen/NSZ10_1.mp4/2024-04-25_XRAISE_NSZ10_1_00000975.xml,2024-04-25_TUEV_Elchingen/NSZ10_1.mp4,975,train,2.45,1,0,normal,pending,,,
imgs/2024-04-25_TUEV_Elchingen/NSZ10_1.mp4/2024-04-25_XRAISE_NSZ10_1_00001155.jpg,annots/2024-04-25_TUEV_Elchingen/NSZ10_1.mp4/2024-04-25_XRAISE_NSZ10_1_00001155.xml,2024-04-25_TUEV_Elchingen/NSZ10_1.mp4,1155,train,2.45,1,0,normal,pending,,,
imgs/2024-04-25_TUEV_Elchingen/NSZ10_1.mp4/2024-04-25_XRAISE_NSZ10_1_00001335.jpg,annots/2024-04-25_TUEV_Elchingen/NSZ10_1.mp4/2024-04-25_XRAISE_NSZ10_1_00001335.xml,2024-04-25_TUEV_Elchingen/NSZ10_1.mp4,1335,train,2.45,1,0,normal,pending,,,
imgs/2024-04-25_TUEV_Elchingen/NSZ10_2.mp4/2024-04-25_XRAISE_NSZ10_2_00000075.jpg,annots/2024-04-25_TUEV_Elchingen/NSZ10_2.mp4/2024-04-25_XRAISE_NSZ10_2_00000075.xml,2024-04-25_TUEV_Elchingen/NSZ10_2.mp4,75,train,2.45,1,0,normal,pending,,,
imgs/2024-04-25_TUEV_Elchingen/NSZ10_2.mp4/2024-04-25_XRAISE_NSZ10_2_00000225.jpg,annots/2024-04-25_TUEV_Elchingen/NSZ10_2.mp4/2024-04-25_XRAISE_NSZ10_2_00000225.xml,2024-04-25_TUEV_Elchingen/NSZ10_2.mp4,225,train,2.45,1,0,normal,pending,,,
imgs/2024-04-25_TUEV_Elchingen/NSZ10_2.mp4/2024-04-25_XRAISE_NSZ10_2_00000375.jpg,annots/2024-04-25_TUEV_Elchingen/NSZ10_2.mp4/2024-04-25_XRAISE_NSZ10_2_00000375.xml,2024-04-25_TUEV_Elchingen/NSZ10_2.mp4,375,train,2.45,1,0,normal,pending,,,
imgs/2024-04-25_TUEV_Elchingen/NSZ10_2.mp4/2024-04-25_XRAISE_NSZ10_2_00000525.jpg,annots/2024-04-25_TUEV_Elchingen/NSZ10_2.mp4/2024-04-25_XRAISE_NSZ10_2_00000525.xml,2024-04-25_TUEV_Elchingen/NSZ10_2.mp4,525,train,2.45,1,0,normal,pending,,,
imgs/2024-04-25_TUEV_Elchingen/NSZ10_2.mp4/2024-04-25_XRAISE_NSZ10_2_00000675.jpg,annots/2024-04-25_TUEV_Elchingen/NSZ10_2.mp4/2024-04-25_XRAISE_NSZ10_2_00000675.xml,2024-04-25_TUEV_Elchingen/NSZ10_2.mp4,675,train,2.45,1,0,normal,pending,,,
imgs/2024-04-25_TUEV_Elchingen/NSZ10_2.mp4/2024-04-25_XRAISE_NSZ10_2_00000825.jpg,annots/2024-04-25_TUEV_Elchingen/NSZ10_2.mp4/2024-04-25_XRAISE_NSZ10_2_00000825.xml,2024-04-25_TUEV_Elchingen/NSZ10_2.mp4,825,train,2.45,1,0,normal,pending,,,
imgs/2024-04-25_TUEV_Elchingen/NSZ10_2.mp4/2024-04-25_XRAISE_NSZ10_2_00000975.jpg,annots/2024-04-25_TUEV_Elchingen/NSZ10_2.mp4/2024-04-25_XRAISE_NSZ10_2_00000975.xml,2024-04-25_TUEV_Elchingen/NSZ10_2.mp4,975,train,2.45,1,0,normal,pending,,,
imgs/2024-04-25_TUEV_Elchingen/NSZ10_2.mp4/2024-04-25_XRAISE_NSZ10_2_00001125.jpg,annots/2024-04-25_TUEV_Elchingen/NSZ10_2.mp4/2024-04-25_XRAISE_NSZ10_2_00001125.xml,2024-04-25_TUEV_Elchingen/NSZ10_2.mp4,1125,train,2.45,1,0,normal,pending,,,
imgs/2024-04-25_TUEV_Elchingen/NSZ10_3.mp4/2024-04-25_XRAISE_NSZ10_3_00000090.jpg,annots/2024-04-25_TUEV_Elchingen/NSZ10_3.mp4/2024-04-25_XRAISE_NSZ10_3_00000090.xml,2024-04-25_TUEV_Elchingen/NSZ10_3.mp4,90,train,2.45,1,0,normal,pending,,,
imgs/2024-04-25_TUEV_Elchingen/NSZ10_3.mp4/2024-04-25_XRAISE_NSZ10_3_00000285.jpg,annots/2024-04-25_TUEV_Elchingen/NSZ10_3.mp4/2024-04-25_XRAISE_NSZ10_3_00000285.xml,2024-04-25_TUEV_Elchingen/NSZ10_3.mp4,285,train,2.45,1,0,normal,pending,,,
imgs/2024-04-25_TUEV_Elchingen/NSZ10_3.mp4/2024-04-25_XRAISE_NSZ10_3_00000495.jpg,annots/2024-04-25_TUEV_Elchingen/NSZ10_3.mp4/2024-04-25_XRAISE_NSZ10_3_00000495.xml,2024-04-25_TUEV_Elchingen/NSZ10_3.mp4,495,train,2.45,1,0,normal,pending,,,
imgs/2024-04-25_TUEV_Elchingen/NSZ10_3.mp4/2024-04-25_XRAISE_NSZ10_3_00000690.jpg,annots/2024-04-25_TUEV_Elchingen/NSZ10_3.mp4/2024-04-25_XRAISE_NSZ10_3_00000690.xml,2024-04-25_TUEV_Elchingen/NSZ10_3.mp4,690,train,2.45,1,0,normal,pending,,,
imgs/2024-04-25_TUEV_Elchingen/NSZ10_3.mp4/2024-04-25_XRAISE_NSZ10_3_00000885.jpg,annots/2024-04-25_TUEV_Elchingen/NSZ10_3.mp4/2024-04-25_XRAISE_NSZ10_3_00000885.xml,2024-04-25_TUEV_Elchingen/NSZ10_3.mp4,885,train,2.45,1,0,normal,pending,,,
imgs/2024-04-25_TUEV_Elchingen/NSZ10_3.mp4/2024-04-25_XRAISE_NSZ10_3_00001080.jpg,annots/2024-04-25_TUEV_Elchingen/NSZ10_3.mp4/2024-04-25_XRAISE_NSZ10_3_00001080.xml,2024-04-25_TUEV_Elchingen/NSZ10_3.mp4,1080,train,2.45,1,0,normal,pending,,,
imgs/2024-04-25_TUEV_Elchingen/NSZ10_3.mp4/2024-04-25_XRAISE_NSZ10_3_00001290.jpg,annots/2024-04-25_TUEV_Elchingen/NSZ10_3.mp4/2024-04-25_XRAISE_NSZ10_3_00001290.xml,2024-04-25_TUEV_Elchingen/NSZ10_3.mp4,1290,train,2.45,1,0,normal,pending,,,
imgs/2024-04-25_TUEV_Elchingen/NSZ10_3.mp4/2024-04-25_XRAISE_NSZ10_3_00001485.jpg,annots/2024-04-25_TUEV_Elchingen/NSZ10_3.mp4/2024-04-25_XRAISE_NSZ10_3_00001485.xml,2024-04-25_TUEV_Elchingen/NSZ10_3.mp4,1485,train,2.45,1,0,normal,pending,,,
imgs/2024-04-25_TUEV_Elchingen/NSZ10_4.mp4/2024-04-25_XRAISE_NSZ10_4_00000075.jpg,annots/2024-04-25_TUEV_Elchingen/NSZ10_4.mp4/2024-04-25_XRAISE_NSZ10_4_00000075.xml,2024-04-25_TUEV_Elchingen/NSZ10_4.mp4,75,train,2.45,1,0,normal,pending,,,
imgs/2024-04-25_TUEV_Elchingen/NSZ10_4.mp4/2024-04-25_XRAISE_NSZ10_4_00000255.jpg,annots/2024-04-25_TUEV_Elchingen/NSZ10_4.mp4/2024-04-25_XRAISE_NSZ10_4_00000255.xml,2024-04-25_TUEV_Elchingen/NSZ10_4.mp4,255,train,2.45,1,0,normal,pending,,,
imgs/2024-04-25_TUEV_Elchingen/NSZ10_4.mp4/2024-04-25_XRAISE_NSZ10_4_00000435.jpg,annots/2024-04-25_TUEV_Elchingen/NSZ10_4.mp4/2024-04-25_XRAISE_NSZ10_4_00000435.xml,2024-04-25_TUEV_Elchingen/NSZ10_4.mp4,435,train,2.45,1,0,normal,pending,,,
imgs/2024-04-25_TUEV_Elchingen/NSZ10_4.mp4/2024-04-25_XRAISE_NSZ10_4_00000615.jpg,annots/2024-04-25_TUEV_Elchingen/NSZ10_4.mp4/2024-04-25_XRAISE_NSZ10_4_00000615.xml,2024-04-25_TUEV_Elchingen/NSZ10_4.mp4,615,train,2.45,1,0,normal,pending,,,
imgs/2024-04-25_TUEV_Elchingen/NSZ10_4.mp4/2024-04-25_XRAISE_NSZ10_4_00000795.jpg,annots/2024-04-25_TUEV_Elchingen/NSZ10_4.mp4/2024-04-25_XRAISE_NSZ10_4_00000795.xml,2024-04-25_TUEV_Elchingen/NSZ10_4.mp4,795,train,2.45,1,0,normal,pending,,,
imgs/2024-04-25_TUEV_Elchingen/NSZ10_4.mp4/2024-04-25_XRAISE_NSZ10_4_00000975.jpg,annots/2024-04-25_TUEV_Elchingen/NSZ10_4.mp4/2024-04-25_XRAISE_NSZ10_4_00000975.xml,2024-04-25_TUEV_Elchingen/NSZ10_4.mp4,975,train,2.45,1,0,normal,pending,,,
imgs/2024-04-25_TUEV_Elchingen/NSZ10_4.mp4/2024-04-25_XRAISE_NSZ10_4_00001155.jpg,annots/2024-04-25_TUEV_Elchingen/NSZ10_4.mp4/2024-04-25_XRAISE_NSZ10_4_00001155.xml,2024-04-25_TUEV_Elchingen/NSZ10_4.mp4,1155,train,2.45,1,0,normal,pending,,,
imgs/2024-04-25_TUEV_Elchingen/NSZ10_4.mp4/2024-04-25_XRAISE_NSZ10_4_00001335.jpg,annots/2024-04-25_TUEV_Elchingen/NSZ10_4.mp4/2024-04-25_XRAISE_NSZ10_4_00001335.xml,2024-04-25_TUEV_Elchingen/NSZ10_4.mp4,1335,train,2.45,1,0,normal,pending,,,
imgs/2024-04-25_TUEV_Elchingen/NSZ2_10_1_RentnerMitKrueke.mp4/2024-04-25_XRAISE_NSZ2_10_1_RentnerMitKrueke_00000075.jpg,annots/2024-04-25_TUEV_Elchingen/NSZ2_10_1_RentnerMitKrueke.mp4/2024-04-25_XRAISE_NSZ2_10_1_RentnerMitKrueke_00000075.xml,2024-04-25_TUEV_Elchingen/NSZ2_10_1_RentnerMitKrueke.mp4,75,train,2.45,1,0,normal,pending,,,
imgs/2024-04-25_TUEV_Elchingen/NSZ2_10_1_RentnerMitKrueke.mp4/2024-04-25_XRAISE_NSZ2_10_1_RentnerMitKrueke_00000255.jpg,annots/2024-04-25_TUEV_Elchingen/NSZ2_10_1_RentnerMitKrueke.mp4/2024-04-25_XRAISE_NSZ2_10_1_RentnerMitKrueke_00000255.xml,2024-04-25_TUEV_Elchingen/NSZ2_10_1_RentnerMitKrueke.mp4,255,train,2.45,1,0,normal,pending,,,
imgs/2024-04-25_TUEV_Elchingen/NSZ2_10_1_RentnerMitKrueke.mp4/2024-04-25_XRAISE_NSZ2_10_1_RentnerMitKrueke_00000420.jpg,annots/2024-04-25_TUEV_Elchingen/NSZ2_10_1_RentnerMitKrueke.mp4/2024-04-25_XRAISE_NSZ2_10_1_RentnerMitKrueke_00000420.xml,2024-04-25_TUEV_Elchingen/NSZ2_10_1_RentnerMitKrueke.mp4,420,train,2.45,1,0,normal,pending,,,
imgs/2024-04-25_TUEV_Elchingen/NSZ2_10_1_RentnerMitKrueke.mp4/2024-04-25_XRAISE_NSZ2_10_1_RentnerMitKrueke_00000600.jpg,annots/2024-04-25_TUEV_Elchingen/NSZ2_10_1_RentnerMitKrueke.mp4/2024-04-25_XRAISE_NSZ2_10_1_RentnerMitKrueke_00000600.xml,2024-04-25_TUEV_Elchingen/NSZ2_10_1_RentnerMitKrueke.mp4,600,train,2.45,1,0,normal,pending,,,
imgs/2024-04-25_TUEV_Elchingen/NSZ2_10_1_RentnerMitKrueke.mp4/2024-04-25_XRAISE_NSZ2_10_1_RentnerMitKrueke_00000765.jpg,annots/2024-04-25_TUEV_Elchingen/NSZ2_10_1_RentnerMitKrueke.mp4/2024-04-25_XRAISE_NSZ2_10_1_RentnerMitKrueke_00000765.xml,2024-04-25_TUEV_Elchingen/NSZ2_10_1_RentnerMitKrueke.mp4,765,train,2.45,1,0,normal,pending,,,
imgs/2024-04-25_TUEV_Elchingen/NSZ2_10_1_RentnerMitKrueke.mp4/2024-04-25_XRAISE_NSZ2_10_1_RentnerMitKrueke_00000945.jpg,annots/2024-04-25_TUEV_Elchingen/NSZ2_10_1_RentnerMitKrueke.mp4/2024-04-25_XRAISE_NSZ2_10_1_RentnerMitKrueke_00000945.xml,2024-04-25_TUEV_Elchingen/NSZ2_10_1_RentnerMitKrueke.mp4,945,train,2.45,2,0,normal,pending,,,
imgs/2024-04-25_TUEV_Elchingen/NSZ2_10_1_RentnerMitKrueke.mp4/2024-04-25_XRAISE_NSZ2_10_1_RentnerMitKrueke_00001110.jpg,annots/2024-04-25_TUEV_Elchingen/NSZ2_10_1_RentnerMitKrueke.mp4/2024-04-25_XRAISE_NSZ2_10_1_RentnerMitKrueke_00001110.xml,2024-04-25_TUEV_Elchingen/NSZ2_10_1_RentnerMitKrueke.mp4,1110,train,2.45,1,0,normal,pending,,,
imgs/2024-04-25_TUEV_Elchingen/NSZ2_10_1_RentnerMitKrueke.mp4/2024-04-25_XRAISE_NSZ2_10_1_RentnerMitKrueke_00001290.jpg,annots/2024-04-25_TUEV_Elchingen/NSZ2_10_1_RentnerMitKrueke.mp4/2024-04-25_XRAISE_NSZ2_10_1_RentnerMitKrueke_00001290.xml,2024-04-25_TUEV_Elchingen/NSZ2_10_1_RentnerMitKrueke.mp4,1290,train,2.45,1,0,normal,pending,,,
imgs/2024-04-25_TUEV_Elchingen/NSZ2_10_2.mp4/2024-04-25_XRAISE_NSZ2_10_2_00000060.jpg,annots/2024-04-25_TUEV_Elchingen/NSZ2_10_2.mp4/2024-04-25_XRAISE_NSZ2_10_2_00000060.xml,2024-04-25_TUEV_Elchingen/NSZ2_10_2.mp4,60,train,2.45,1,0,normal,pending,,,
imgs/2024-04-25_TUEV_Elchingen/NSZ2_10_2.mp4/2024-04-25_XRAISE_NSZ2_10_2_00000195.jpg,annots/2024-04-25_TUEV_Elchingen/NSZ2_10_2.mp4/2024-04-25_XRAISE_NSZ2_10_2_00000195.xml,2024-04-25_TUEV_Elchingen/NSZ2_10_2.mp4,195,train,2.45,1,0,normal,pending,,,
imgs/2024-04-25_TUEV_Elchingen/NSZ2_10_2.mp4/2024-04-25_XRAISE_NSZ2_10_2_00000330.jpg,annots/2024-04-25_TUEV_Elchingen/NSZ2_10_2.mp4/2024-04-25_XRAISE_NSZ2_10_2_00000330.xml,2024-04-25_TUEV_Elchingen/NSZ2_10_2.mp4,330,train,2.45,1,0,normal,pending,,,
imgs/2024-04-25_TUEV_Elchingen/NSZ2_10_2.mp4/2024-04-25_XRAISE_NSZ2_10_2_00000465.jpg,annots/2024-04-25_TUEV_Elchingen/NSZ2_10_2.mp4/2024-04-25_XRAISE_NSZ2_10_2_00000465.xml,2024-04-25_TUEV_Elchingen/NSZ2_10_2.mp4,465,train,2.45,1,0,normal,pending,,,
imgs/2024-04-25_TUEV_Elchingen/NSZ2_10_2.mp4/2024-04-25_XRAISE_NSZ2_10_2_00000615.jpg,annots/2024-04-25_TUEV_Elchingen/NSZ2_10_2.mp4/2024-04-25_XRAISE_NSZ2_10_2_00000615.xml,2024-04-25_TUEV_Elchingen/NSZ2_10_2.mp4,615,train,2.45,1,0,normal,pending,,,
imgs/2024-04-25_TUEV_Elchingen/NSZ2_10_2.mp4/2024-04-25_XRAISE_NSZ2_10_2_00000750.jpg,annots/2024-04-25_TUEV_Elchingen/NSZ2_10_2.mp4/2024-04-25_XRAISE_NSZ2_10_2_00000750.xml,2024-04-25_TUEV_Elchingen/NSZ2_10_2.mp4,750,train,2.45,1,0,normal,pending,,,
imgs/2024-04-25_TUEV_Elchingen/NSZ2_10_2.mp4/2024-04-25_XRAISE_NSZ2_10_2_00000885.jpg,annots/2024-04-25_TUEV_Elchingen/NSZ2_10_2.mp4/2024-04-25_XRAISE_NSZ2_10_2_00000885.xml,2024-04-25_TUEV_Elchingen/NSZ2_10_2.mp4,885,train,2.45,1,0,normal,pending,,,
imgs/2024-04-25_TUEV_Elchingen/NSZ2_10_2.mp4/2024-04-25_XRAISE_NSZ2_10_2_00001020.jpg,annots/2024-04-25_TUEV_Elchingen/NSZ2_10_2.mp4/2024-04-25_XRAISE_NSZ2_10_2_00001020.xml,2024-04-25_TUEV_Elchingen/NSZ2_10_2.mp4,1020,train,2.45,2,0,normal,pending,,,
imgs/2024-04-25_TUEV_Elchingen/NSZ2_10_3.mp4/2024-04-25_XRAISE_NSZ2_10_3_00000060.jpg,annots/2024-04-25_TUEV_Elchingen/NSZ2_10_3.mp4/2024-04-25_XRAISE_NSZ2_10_3_00000060.xml,2024-04-25_TUEV_Elchingen/NSZ2_10_3.mp4,60,train,2.45,1,0,normal,pending,,,
imgs/2024-04-25_TUEV_Elchingen/NSZ2_10_3.mp4/2024-04-25_XRAISE_NSZ2_10_3_00000180.jpg,annots/2024-04-25_TUEV_Elchingen/NSZ2_10_3.mp4/2024-04-25_XRAISE_NSZ2_10_3_00000180.xml,2024-04-25_TUEV_Elchingen/NSZ2_10_3.mp4,180,train,2.45,1,0,normal,pending,,,
imgs/2024-04-25_TUEV_Elchingen/NSZ2_10_3.mp4/2024-04-25_XRAISE_NSZ2_10_3_00000300.jpg,annots/2024-04-25_TUEV_Elchingen/NSZ2_10_3.mp4/2024-04-25_XRAISE_NSZ2_10_3_00000300.xml,2024-04-25_TUEV_Elchingen/NSZ2_10_3.mp4,300,train,2.45,1,0,normal,pending,,,
imgs/2024-04-25_TUEV_Elchingen/NSZ2_10_3.mp4/2024-04-25_XRAISE_NSZ2_10_3_00000420.jpg,annots/2024-04-25_TUEV_Elchingen/NSZ2_10_3.mp4/2024-04-25_XRAISE_NSZ2_10_3_00000420.xml,2024-04-25_TUEV_Elchingen/NSZ2_10_3.mp4,420,train,2.45,1,0,normal,pending,,,
imgs/2024-04-25_TUEV_Elchingen/NSZ2_10_3.mp4/2024-04-25_XRAISE_NSZ2_10_3_00000540.jpg,annots/2024-04-25_TUEV_Elchingen/NSZ2_10_3.mp4/2024-04-25_XRAISE_NSZ2_10_3_00000540.xml,2024-04-25_TUEV_Elchingen/NSZ2_10_3.mp4,540,train,2.45,1,0,normal,pending,,,
imgs/2024-04-25_TUEV_Elchingen/NSZ2_10_3.mp4/2024-04-25_XRAISE_NSZ2_10_3_00000660.jpg,annots/2024-04-25_TUEV_Elchingen/NSZ2_10_3.mp4/2024-04-25_XRAISE_NSZ2_10_3_00000660.xml,2024-04-25_TUEV_Elchingen/NSZ2_10_3.mp4,660,train,2.45,1,0,normal,pending,,,
imgs/2024-04-25_TUEV_Elchingen/NSZ2_10_3.mp4/2024-04-25_XRAISE_NSZ2_10_3_00000780.jpg,annots/2024-04-25_TUEV_Elchingen/NSZ2_10_3.mp4/2024-04-25_XRAISE_NSZ2_10_3_00000780.xml,2024-04-25_TUEV_Elchingen/NSZ2_10_3.mp4,780,train,2.45,2,0,normal,pending,,,
imgs/2024-04-25_TUEV_Elchingen/NSZ2_10_3.mp4/2024-04-25_XRAISE_NSZ2_10_3_00000900.jpg,annots/2024-04-25_TUEV_Elchingen/NSZ2_10_3.mp4/2024-04-25_XRAISE_NSZ2_10_3_00000900.xml,2024-04-25_TUEV_Elchingen/NSZ2_10_3.mp4,900,train,2.45,2,0,normal,pending,,,
imgs/2024-04-25_TUEV_Elchingen/NSZ2_10_4.mp4/2024-04-25_XRAISE_NSZ2_10_4_00000060.jpg,annots/2024-04-25_TUEV_Elchingen/NSZ2_10_4.mp4/2024-04-25_XRAISE_NSZ2_10_4_00000060.xml,2024-04-25_TUEV_Elchingen/NSZ2_10_4.mp4,60,train,2.45,1,0,normal,pending,,,
imgs/2024-04-25_TUEV_Elchingen/NSZ2_10_4.mp4/2024-04-25_XRAISE_NSZ2_10_4_00000195.jpg,annots/2024-04-25_TUEV_Elchingen/NSZ2_10_4.mp4/2024-04-25_XRAISE_NSZ2_10_4_00000195.xml,2024-04-25_TUEV_Elchingen/NSZ2_10_4.mp4,195,train,2.45,1,0,normal,pending,,,
imgs/2024-04-25_TUEV_Elchingen/NSZ2_10_4.mp4/2024-04-25_XRAISE_NSZ2_10_4_00000315.jpg,annots/2024-04-25_TUEV_Elchingen/NSZ2_10_4.mp4/2024-04-25_XRAISE_NSZ2_10_4_00000315.xml,2024-04-25_TUEV_Elchingen/NSZ2_10_4.mp4,315,train,2.45,1,0,normal,pending,,,
imgs/2024-04-25_TUEV_Elchingen/NSZ2_10_4.mp4/2024-04-25_XRAISE_NSZ2_10_4_00000450.jpg,annots/2024-04-25_TUEV_Elchingen/NSZ2_10_4.mp4/2024-04-25_XRAISE_NSZ2_10_4_00000450.xml,2024-04-25_TUEV_Elchingen/NSZ2_10_4.mp4,450,train,2.45,1,0,normal,pending,,,
imgs/2024-04-25_TUEV_Elchingen/NSZ2_10_4.mp4/2024-04-25_XRAISE_NSZ2_10_4_00000585.jpg,annots/2024-04-25_TUEV_Elchingen/NSZ2_10_4.mp4/2024-04-25_XRAISE_NSZ2_10_4_00000585.xml,2024-04-25_TUEV_Elchingen/NSZ2_10_4.mp4,585,train,2.45,1,0,normal,pending,,,
imgs/2024-04-25_TUEV_Elchingen/NSZ2_10_4.mp4/2024-04-25_XRAISE_NSZ2_10_4_00000720.jpg,annots/2024-04-25_TUEV_Elchingen/NSZ2_10_4.mp4/2024-04-25_XRAISE_NSZ2_10_4_00000720.xml,2024-04-25_TUEV_Elchingen/NSZ2_10_4.mp4,720,train,2.45,1,0,normal,pending,,,
imgs/2024-04-25_TUEV_Elchingen/NSZ2_10_4.mp4/2024-04-25_XRAISE_NSZ2_10_4_00000840.jpg,annots/2024-04-25_TUEV_Elchingen/NSZ2_10_4.mp4/2024-04-25_XRAISE_NSZ2_10_4_00000840.xml,2024-04-25_TUEV_Elchingen/NSZ2_10_4.mp4,840,train,2.45,1,0,normal,pending,,,
imgs/2024-04-25_TUEV_Elchingen/NSZ2_10_4.mp4/2024-04-25_XRAISE_NSZ2_10_4_00000975.jpg,annots/2024-04-25_TUEV_Elchingen/NSZ2_10_4.mp4/2024-04-25_XRAISE_NSZ2_10_4_00000975.xml,2024-04-25_TUEV_Elchingen/NSZ2_10_4.mp4,975,train,2.45,1,0,normal,pending,,,
imgs/2024-04-25_TUEV_Elchingen/NSZ2_40_1.mp4/2024-04-25_XRAISE_NSZ2_40_1_00000075.jpg,annots/2024-04-25_TUEV_Elchingen/NSZ2_40_1.mp4/2024-04-25_XRAISE_NSZ2_40_1_00000075.xml,2024-04-25_TUEV_Elchingen/NSZ2_40_1.mp4,75,train,2.45,2,0,normal,pending,,,
imgs/2024-04-25_TUEV_Elchingen/NSZ2_40_1.mp4/2024-04-25_XRAISE_NSZ2_40_1_00000255.jpg,annots/2024-04-25_TUEV_Elchingen/NSZ2_40_1.mp4/2024-04-25_XRAISE_NSZ2_40_1_00000255.xml,2024-04-25_TUEV_Elchingen/NSZ2_40_1.mp4,255,train,2.45,1,0,normal,pending,,,
imgs/2024-04-25_TUEV_Elchingen/NSZ2_40_1.mp4/2024-04-25_XRAISE_NSZ2_40_1_00000435.jpg,annots/2024-04-25_TUEV_Elchingen/NSZ2_40_1.mp4/2024-04-25_XRAISE_NSZ2_40_1_00000435.xml,2024-04-25_TUEV_Elchingen/NSZ2_40_1.mp4,435,train,2.45,1,0,normal,pending,,,
imgs/2024-04-25_TUEV_Elchingen/NSZ2_40_1.mp4/2024-04-25_XRAISE_NSZ2_40_1_00000600.jpg,annots/2024-04-25_TUEV_Elchingen/NSZ2_40_1.mp4/2024-04-25_XRAISE_NSZ2_40_1_00000600.xml,2024-04-25_TUEV_Elchingen/NSZ2_40_1.mp4,600,train,2.45,1,0,normal,pending,,,
imgs/2024-04-25_TUEV_Elchingen/NSZ2_40_1.mp4/2024-04-25_XRAISE_NSZ2_40_1_00000780.jpg,annots/2024-04-25_TUEV_Elchingen/NSZ2_40_1.mp4/2024-04-25_XRAISE_NSZ2_40_1_00000780.xml,2024-04-25_TUEV_Elchingen/NSZ2_40_1.mp4,780,train,2.45,1,0,normal,pending,,,
imgs/2024-04-25_TUEV_Elchingen/NSZ2_40_1.mp4/2024-04-25_XRAISE_NSZ2_40_1_00000945.jpg,annots/2024-04-25_TUEV_Elchingen/NSZ2_40_1.mp4/2024-04-25_XRAISE_NSZ2_40_1_00000945.xml,2024-04-25_TUEV_Elchingen/NSZ2_40_1.mp4,945,train,2.45,1,0,normal,pending,,,
imgs/2024-04-25_TUEV_Elchingen/NSZ2_40_1.mp4/2024-04-25_XRAISE_NSZ2_40_1_00001125.jpg,annots/2024-04-25_TUEV_Elchingen/NSZ2_40_1.mp4/2024-04-25_XRAISE_NSZ2_40_1_00001125.xml,2024-04-25_TUEV_Elchingen/NSZ2_40_1.mp4,1125,train,2.45,1,0,normal,pending,,,
imgs/2024-04-25_TUEV_Elchingen/NSZ2_40_1.mp4/2024-04-25_XRAISE_NSZ2_40_1_00001305.jpg,annots/2024-04-25_TUEV_Elchingen/NSZ2_40_1.mp4/2024-04-25_XRAISE_NSZ2_40_1_00001305.xml,2024-04-25_TUEV_Elchingen/NSZ2_40_1.mp4,1305,train,2.45,1,0,normal,pending,,,
imgs/2024-04-25_TUEV_Elchingen/NSZ2_40_2.mp4/2024-04-25_XRAISE_NSZ2_40_2_00000105.jpg,annots/2024-04-25_TUEV_Elchingen/NSZ2_40_2.mp4/2024-04-25_XRAISE_NSZ2_40_2_00000105.xml,2024-04-25_TUEV_Elchingen/NSZ2_40_2.mp4,105,train,2.45,1,0,normal,pending,,,
imgs/2024-04-25_TUEV_Elchingen/NSZ2_40_2.mp4/2024-04-25_XRAISE_NSZ2_40_2_00000345.jpg,annots/2024-04-25_TUEV_Elchingen/NSZ2_40_2.mp4/2024-04-25_XRAISE_NSZ2_40_2_00000345.xml,2024-04-25_TUEV_Elchingen/NSZ2_40_2.mp4,345,train,2.45,1,0,normal,pending,,,
imgs/2024-04-25_TUEV_Elchingen/NSZ2_40_2.mp4/2024-04-25_XRAISE_NSZ2_40_2_00000570.jpg,annots/2024-04-25_TUEV_Elchingen/NSZ2_40_2.mp4/2024-04-25_XRAISE_NSZ2_40_2_00000570.xml,2024-04-25_TUEV_Elchingen/NSZ2_40_2.mp4,570,train,2.45,1,0,normal,pending,,,
imgs/2024-04-25_TUEV_Elchingen/NSZ2_40_2.mp4/2024-04-25_XRAISE_NSZ2_40_2_00000810.jpg,annots/2024-04-25_TUEV_Elchingen/NSZ2_40_2.mp4/2024-04-25_XRAISE_NSZ2_40_2_00000810.xml,2024-04-25_TUEV_Elchingen/NSZ2_40_2.mp4,810,train,2.45,1,0,normal,pending,,,
imgs/2024-04-25_TUEV_Elchingen/NSZ2_40_2.mp4/2024-04-25_XRAISE_NSZ2_40_2_00001035.jpg,annots/2024-04-25_TUEV_Elchingen/NSZ2_40_2.mp4/2024-04-25_XRAISE_NSZ2_40_2_00001035.xml,2024-04-25_TUEV_Elchingen/NSZ2_40_2.mp4,1035,train,2.45,1,0,normal,pending,,,
imgs/2024-04-25_TUEV_Elchingen/NSZ2_40_2.mp4/2024-04-25_XRAISE_NSZ2_40_2_00001275.jpg,annots/2024-04-25_TUEV_Elchingen/NSZ2_40_2.mp4/2024-04-25_XRAISE_NSZ2_40_2_00001275.xml,2024-04-25_TUEV_Elchingen/NSZ2_40_2.mp4,1275,train,2.45,1,0,normal,pending,,,
imgs/2024-04-25_TUEV_Elchingen/NSZ2_40_2.mp4/2024-04-25_XRAISE_NSZ2_40_2_00001500.jpg,annots/2024-04-25_TUEV_Elchingen/NSZ2_40_2.mp4/2024-04-25_XRAISE_NSZ2_40_2_00001500.xml,2024-04-25_TUEV_Elchingen/NSZ2_40_2.mp4,1500,train,2.45,1,0,normal,pending,,,
imgs/2024-04-25_TUEV_Elchingen/NSZ2_40_2.mp4/2024-04-25_XRAISE_NSZ2_40_2_00001740.jpg,annots/2024-04-25_TUEV_Elchingen/NSZ2_40_2.mp4/2024-04-25_XRAISE_NSZ2_40_2_00001740.xml,2024-04-25_TUEV_Elchingen/NSZ2_40_2.mp4,1740,train,2.45,1,0,normal,pending,,,
imgs/2024-04-25_TUEV_Elchingen/NSZ2_40_3.mp4/2024-04-25_XRAISE_NSZ2_40_3_00000120.jpg,annots/2024-04-25_TUEV_Elchingen/NSZ2_40_3.mp4/2024-04-25_XRAISE_NSZ2_40_3_00000120.xml,2024-04-25_TUEV_Elchingen/NSZ2_40_3.mp4,120,train,2.45,1,0,normal,pending,,,
imgs/2024-04-25_TUEV_Elchingen/NSZ2_40_3.mp4/2024-04-25_XRAISE_NSZ2_40_3_00000390.jpg,annots/2024-04-25_TUEV_Elchingen/NSZ2_40_3.mp4/2024-04-25_XRAISE_NSZ2_40_3_00000390.xml,2024-04-25_TUEV_Elchingen/NSZ2_40_3.mp4,390,train,2.45,1,0,normal,pending,,,
imgs/2024-04-25_TUEV_Elchingen/NSZ2_40_3.mp4/2024-04-25_XRAISE_NSZ2_40_3_00000660.jpg,annots/2024-04-25_TUEV_Elchingen/NSZ2_40_3.mp4/2024-04-25_XRAISE_NSZ2_40_3_00000660.xml,2024-04-25_TUEV_Elchingen/NSZ2_40_3.mp4,660,train,2.45,1,0,normal,pending,,,
imgs/2024-04-25_TUEV_Elchingen/NSZ2_40_3.mp4/2024-04-25_XRAISE_NSZ2_40_3_00000930.jpg,annots/2024-04-25_TUEV_Elchingen/NSZ2_40_3.mp4/2024-04-25_XRAISE_NSZ2_40_3_00000930.xml,2024-04-25_TUEV_Elchingen/NSZ2_40_3.mp4,930,train,2.45,1,0,normal,pending,,,
imgs/2024-04-25_TUEV_Elchingen/NSZ2_40_3.mp4/2024-04-25_XRAISE_NSZ2_40_3_00001200.jpg,annots/2024-04-25_TUEV_Elchingen/NSZ2_40_3.mp4/2024-04-25_XRAISE_NSZ2_40_3_00001200.xml,2024-04-25_TUEV_Elchingen/NSZ2_40_3.mp4,1200,train,2.45,1,0,normal,pending,,,
imgs/2024-04-25_TUEV_Elchingen/NSZ2_40_3.mp4/2024-04-25_XRAISE_NSZ2_40_3_00001470.jpg,annots/2024-04-25_TUEV_Elchingen/NSZ2_40_3.mp4/2024-04-25_XRAISE_NSZ2_40_3_00001470.xml,2024-04-25_TUEV_Elchingen/NSZ2_40_3.mp4,1470,train,2.45,1,0,normal,pending,,,
imgs/2024-04-25_TUEV_Elchingen/NSZ2_40_3.mp4/2024-04-25_XRAISE_NSZ2_40_3_00001740.jpg,annots/2024-04-25_TUEV_Elchingen/NSZ2_40_3.mp4/2024-04-25_XRAISE_NSZ2_40_3_00001740.xml,2024-04-25_TUEV_Elchingen/NSZ2_40_3.mp4,1740,train,2.45,1,0,normal,pending,,,
imgs/2024-04-25_TUEV_Elchingen/NSZ2_40_3.mp4/2024-04-25_XRAISE_NSZ2_40_3_00002010.jpg,annots/2024-04-25_TUEV_Elchingen/NSZ2_40_3.mp4/2024-04-25_XRAISE_NSZ2_40_3_00002010.xml,2024-04-25_TUEV_Elchingen/NSZ2_40_3.mp4,2010,train,2.45,1,0,normal,pending,,,
imgs/2024-04-25_TUEV_Elchingen/NSZ2_40_4.mp4/2024-04-25_XRAISE_NSZ2_40_4_00000090.jpg,annots/2024-04-25_TUEV_Elchingen/NSZ2_40_4.mp4/2024-04-25_XRAISE_NSZ2_40_4_00000090.xml,2024-04-25_TUEV_Elchingen/NSZ2_40_4.mp4,90,train,2.45,1,0,normal,pending,,,
imgs/2024-04-25_TUEV_Elchingen/NSZ2_40_4.mp4/2024-04-25_XRAISE_NSZ2_40_4_00000285.jpg,annots/2024-04-25_TUEV_Elchingen/NSZ2_40_4.mp4/2024-04-25_XRAISE_NSZ2_40_4_00000285.xml,2024-04-25_TUEV_Elchingen/NSZ2_40_4.mp4,285,train,2.45,1,0,normal,pending,,,
imgs/2024-04-25_TUEV_Elchingen/NSZ2_40_4.mp4/2024-04-25_XRAISE_NSZ2_40_4_00000495.jpg,annots/2024-04-25_TUEV_Elchingen/NSZ2_40_4.mp4/2024-04-25_XRAISE_NSZ2_40_4_00000495.xml,2024-04-25_TUEV_Elchingen/NSZ2_40_4.mp4,495,train,2.45,1,0,normal,pending,,,
imgs/2024-04-25_TUEV_Elchingen/NSZ2_40_4.mp4/2024-04-25_XRAISE_NSZ2_40_4_00000690.jpg,annots/2024-04-25_TUEV_Elchingen/NSZ2_40_4.mp4/2024-04-25_XRAISE_NSZ2_40_4_00000690.xml,2024-04-25_TUEV_Elchingen/NSZ2_40_4.mp4,690,train,2.45,1,0,normal,pending,,,
imgs/2024-04-25_TUEV_Elchingen/NSZ2_40_4.mp4/2024-04-25_XRAISE_NSZ2_40_4_00000885.jpg,annots/2024-04-25_TUEV_Elchingen/NSZ2_40_4.mp4/2024-04-25_XRAISE_NSZ2_40_4_00000885.xml,2024-04-25_TUEV_Elchingen/NSZ2_40_4.mp4,885,train,2.45,1,0,normal,pending,,,
imgs/2024-04-25_TUEV_Elchingen/NSZ2_40_4.mp4/2024-04-25_XRAISE_NSZ2_40_4_00001080.jpg,annots/2024-04-25_TUEV_Elchingen/NSZ2_40_4.mp4/2024-04-25_XRAISE_NSZ2_40_4_00001080.xml,2024-04-25_TUEV_Elchingen/NSZ2_40_4.mp4,1080,train,2.45,1,0,normal,pending,,,
imgs/2024-04-25_TUEV_Elchingen/NSZ2_40_4.mp4/2024-04-25_XRAISE_NSZ2_40_4_00001290.jpg,annots/2024-04-25_TUEV_Elchingen/NSZ2_40_4.mp4/2024-04-25_XRAISE_NSZ2_40_4_00001290.xml,2024-04-25_TUEV_Elchingen/NSZ2_40_4.mp4,1290,train,2.45,0,0,normal,pending,,,
imgs/2024-04-25_TUEV_Elchingen/NSZ2_40_4.mp4/2024-04-25_XRAISE_NSZ2_40_4_00001485.jpg,annots/2024-04-25_TUEV_Elchingen/NSZ2_40_4.mp4/2024-04-25_XRAISE_NSZ2_40_4_00001485.xml,2024-04-25_TUEV_Elchingen/NSZ2_40_4.mp4,1485,train,2.45,1,0,normal,pending,,,
imgs/2024-04-25_TUEV_Elchingen/NSZ2_80_1.mp4/2024-04-25_XRAISE_NSZ2_80_1_00000060.jpg,annots/2024-04-25_TUEV_Elchingen/NSZ2_80_1.mp4/2024-04-25_XRAISE_NSZ2_80_1_00000060.xml,2024-04-25_TUEV_Elchingen/NSZ2_80_1.mp4,60,train,2.45,1,0,normal,pending,,,
imgs/2024-04-25_TUEV_Elchingen/NSZ2_80_1.mp4/2024-04-25_XRAISE_NSZ2_80_1_00000195.jpg,annots/2024-04-25_TUEV_Elchingen/NSZ2_80_1.mp4/2024-04-25_XRAISE_NSZ2_80_1_00000195.xml,2024-04-25_TUEV_Elchingen/NSZ2_80_1.mp4,195,train,2.45,1,0,normal,pending,,,
imgs/2024-04-25_TUEV_Elchingen/NSZ2_80_1.mp4/2024-04-25_XRAISE_NSZ2_80_1_00000345.jpg,annots/2024-04-25_TUEV_Elchingen/NSZ2_80_1.mp4/2024-04-25_XRAISE_NSZ2_80_1_00000345.xml,2024-04-25_TUEV_Elchingen/NSZ2_80_1.mp4,345,train,2.45,1,0,normal,pending,,,
imgs/2024-04-25_TUEV_Elchingen/NSZ2_80_1.mp4/2024-04-25_XRAISE_NSZ2_80_1_00000480.jpg,annots/2024-04-25_TUEV_Elchingen/NSZ2_80_1.mp4/2024-04-25_XRAISE_NSZ2_80_1_00000480.xml,2024-04-25_TUEV_Elchingen/NSZ2_80_1.mp4,480,train,2.45,1,0,normal,pending,,,
imgs/2024-04-25_TUEV_Elchingen/NSZ2_80_1.mp4/2024-04-25_XRAISE_NSZ2_80_1_00000615.jpg,annots/2024-04-25_TUEV_Elchingen/NSZ2_80_1.mp4/2024-04-25_XRAISE_NSZ2_80_1_00000615.xml,2024-04-25_TUEV_Elchingen/NSZ2_80_1.mp4,615,train,2.45,1,0,normal,pending,,,
imgs/2024-04-25_TUEV_Elchingen/NSZ2_80_1.mp4/2024-04-25_XRAISE_NSZ2_80_1_00000750.jpg,annots/2024-04-25_TUEV_Elchingen/NSZ2_80_1.mp4/2024-04-25_XRAISE_NSZ2_80_1_00000750.xml,2024-04-25_TUEV_Elchingen/NSZ2_80_1.mp4,750,train,2.45,1,0,normal,pending,,,
imgs/2024-04-25_TUEV_Elchingen/NSZ2_80_1.mp4/2024-04-25_XRAISE_NSZ2_80_1_00000900.jpg,annots/2024-04-25_TUEV_Elchingen/NSZ2_80_1.mp4/2024-04-25_XRAISE_NSZ2_80_1_00000900.xml,2024-04-25_TUEV_Elchingen/NSZ2_80_1.mp4,900,train,2.45,1,0,normal,pending,,,
imgs/2024-04-25_TUEV_Elchingen/NSZ2_80_1.mp4/2024-04-25_XRAISE_NSZ2_80_1_00001035.jpg,annots/2024-04-25_TUEV_Elchingen/NSZ2_80_1.mp4/2024-04-25_XRAISE_NSZ2_80_1_00001035.xml,2024-04-25_TUEV_Elchingen/NSZ2_80_1.mp4,1035,train,2.45,0,0,normal,pending,,,
imgs/2024-04-25_TUEV_Elchingen/NSZ2_80_2.mp4/2024-04-25_XRAISE_NSZ2_80_2_00000330.jpg,annots/2024-04-25_TUEV_Elchingen/NSZ2_80_2.mp4/2024-04-25_XRAISE_NSZ2_80_2_00000330.xml,2024-04-25_TUEV_Elchingen/NSZ2_80_2.mp4,330,train,2.45,1,0,normal,pending,,,
imgs/2024-04-25_TUEV_Elchingen/NSZ2_80_2.mp4/2024-04-25_XRAISE_NSZ2_80_2_00001005.jpg,annots/2024-04-25_TUEV_Elchingen/NSZ2_80_2.mp4/2024-04-25_XRAISE_NSZ2_80_2_00001005.xml,2024-04-25_TUEV_Elchingen/NSZ2_80_2.mp4,1005,train,2.45,1,0,normal,pending,,,
imgs/2024-04-25_TUEV_Elchingen/NSZ2_80_2.mp4/2024-04-25_XRAISE_NSZ2_80_2_00001665.jpg,annots/2024-04-25_TUEV_Elchingen/NSZ2_80_2.mp4/2024-04-25_XRAISE_NSZ2_80_2_00001665.xml,2024-04-25_TUEV_Elchingen/NSZ2_80_2.mp4,1665,train,2.45,1,0,normal,pending,,,
imgs/2024-04-25_TUEV_Elchingen/NSZ2_80_2.mp4/2024-04-25_XRAISE_NSZ2_80_2_00002340.jpg,annots/2024-04-25_TUEV_Elchingen/NSZ2_80_2.mp4/2024-04-25_XRAISE_NSZ2_80_2_00002340.xml,2024-04-25_TUEV_Elchingen/NSZ2_80_2.mp4,2340,train,2.45,1,0,normal,pending,,,
imgs/2024-04-25_TUEV_Elchingen/NSZ2_80_2.mp4/2024-04-25_XRAISE_NSZ2_80_2_00003015.jpg,annots/2024-04-25_TUEV_Elchingen/NSZ2_80_2.mp4/2024-04-25_XRAISE_NSZ2_80_2_00003015.xml,2024-04-25_TUEV_Elchingen/NSZ2_80_2.mp4,3015,train,2.45,1,0,normal,pending,,,
imgs/2024-04-25_TUEV_Elchingen/NSZ2_80_2.mp4/2024-04-25_XRAISE_NSZ2_80_2_00003690.jpg,annots/2024-04-25_TUEV_Elchingen/NSZ2_80_2.mp4/2024-04-25_XRAISE_NSZ2_80_2_00003690.xml,2024-04-25_TUEV_Elchingen/NSZ2_80_2.mp4,3690,train,2.45,0,0,normal,pending,,,
imgs/2024-04-25_TUEV_Elchingen/NSZ2_80_2.mp4/2024-04-25_XRAISE_NSZ2_80_2_00004350.jpg,annots/2024-04-25_TUEV_Elchingen/NSZ2_80_2.mp4/2024-04-25_XRAISE_NSZ2_80_2_00004350.xml,2024-04-25_TUEV_Elchingen/NSZ2_80_2.mp4,4350,train,2.45,1,0,normal,pending,,,
imgs/2024-04-25_TUEV_Elchingen/NSZ2_80_2.mp4/2024-04-25_XRAISE_NSZ2_80_2_00005025.jpg,annots/2024-04-25_TUEV_Elchingen/NSZ2_80_2.mp4/2024-04-25_XRAISE_NSZ2_80_2_00005025.xml,2024-04-25_TUEV_Elchingen/NSZ2_80_2.mp4,5025,train,2.45,1,0,normal,pending,,,
imgs/2024-04-25_TUEV_Elchingen/NSZ40_1.mp4/2024-04-25_XRAISE_NSZ40_1_00000075.jpg,annots/2024-04-25_TUEV_Elchingen/NSZ40_1.mp4/2024-04-25_XRAISE_NSZ40_1_00000075.xml,2024-04-25_TUEV_Elchingen/NSZ40_1.mp4,75,train,2.45,1,0,normal,pending,,,
imgs/2024-04-25_TUEV_Elchingen/NSZ40_1.mp4/2024-04-25_XRAISE_NSZ40_1_00000255.jpg,annots/2024-04-25_TUEV_Elchingen/NSZ40_1.mp4/2024-04-25_XRAISE_NSZ40_1_00000255.xml,2024-04-25_TUEV_Elchingen/NSZ40_1.mp4,255,train,2.45,3,0,normal,pending,,,
imgs/2024-04-25_TUEV_Elchingen/NSZ40_1.mp4/2024-04-25_XRAISE_NSZ40_1_00000420.jpg,annots/2024-04-25_TUEV_Elchingen/NSZ40_1.mp4/2024-04-25_XRAISE_NSZ40_1_00000420.xml,2024-04-25_TUEV_Elchingen/NSZ40_1.mp4,420,train,2.45,3,0,normal,pending,,,
imgs/2024-04-25_TUEV_Elchingen/NSZ40_1.mp4/2024-04-25_XRAISE_NSZ40_1_00000585.jpg,annots/2024-04-25_TUEV_Elchingen/NSZ40_1.mp4/2024-04-25_XRAISE_NSZ40_1_00000585.xml,2024-04-25_TUEV_Elchingen/NSZ40_1.mp4,585,train,2.45,2,0,normal,pending,,,
imgs/2024-04-25_TUEV_Elchingen/NSZ40_1.mp4/2024-04-25_XRAISE_NSZ40_1_00000765.jpg,annots/2024-04-25_TUEV_Elchingen/NSZ40_1.mp4/2024-04-25_XRAISE_NSZ40_1_00000765.xml,2024-04-25_TUEV_Elchingen/NSZ40_1.mp4,765,train,2.45,2,0,normal,pending,,,
imgs/2024-04-25_TUEV_Elchingen/NSZ40_1.mp4/2024-04-25_XRAISE_NSZ40_1_00000930.jpg,annots/2024-04-25_TUEV_Elchingen/NSZ40_1.mp4/2024-04-25_XRAISE_NSZ40_1_00000930.xml,2024-04-25_TUEV_Elchingen/NSZ40_1.mp4,930,train,2.45,2,0,normal,pending,,,
imgs/2024-04-25_TUEV_Elchingen/NSZ40_1.mp4/2024-04-25_XRAISE_NSZ40_1_00001095.jpg,annots/2024-04-25_TUEV_Elchingen/NSZ40_1.mp4/2024-04-25_XRAISE_NSZ40_1_00001095.xml,2024-04-25_TUEV_Elchingen/NSZ40_1.mp4,1095,train,2.45,2,0,normal,pending,,,
imgs/2024-04-25_TUEV_Elchingen/NSZ40_1.mp4/2024-04-25_XRAISE_NSZ40_1_00001275.jpg,annots/2024-04-25_TUEV_Elchingen/NSZ40_1.mp4/2024-04-25_XRAISE_NSZ40_1_00001275.xml,2024-04-25_TUEV_Elchingen/NSZ40_1.mp4,1275,train,2.45,4,0,normal,pending,,,
imgs/2024-04-25_TUEV_Elchingen/NSZ40_2.mp4/2024-04-25_XRAISE_NSZ40_2_00000240.jpg,annots/2024-04-25_TUEV_Elchingen/NSZ40_2.mp4/2024-04-25_XRAISE_NSZ40_2_00000240.xml,2024-04-25_TUEV_Elchingen/NSZ40_2.mp4,240,train,2.45,5,0,normal,pending,,,
imgs/2024-04-25_TUEV_Elchingen/NSZ40_2.mp4/2024-04-25_XRAISE_NSZ40_2_00000750.jpg,annots/2024-04-25_TUEV_Elchingen/NSZ40_2.mp4/2024-04-25_XRAISE_NSZ40_2_00000750.xml,2024-04-25_TUEV_Elchingen/NSZ40_2.mp4,750,train,2.45,5,0,normal,pending,,,
imgs/2024-04-25_TUEV_Elchingen/NSZ40_2.mp4/2024-04-25_XRAISE_NSZ40_2_00001245.jpg,annots/2024-04-25_TUEV_Elchingen/NSZ40_2.mp4/2024-04-25_XRAISE_NSZ40_2_00001245.xml,2024-04-25_TUEV_Elchingen/NSZ40_2.mp4,1245,train,2.45,4,0,normal,pending,,,
imgs/2024-04-25_TUEV_Elchingen/NSZ40_2.mp4/2024-04-25_XRAISE_NSZ40_2_00001740.jpg,annots/2024-04-25_TUEV_Elchingen/NSZ40_2.mp4/2024-04-25_XRAISE_NSZ40_2_00001740.xml,2024-04-25_TUEV_Elchingen/NSZ40_2.mp4,1740,train,2.45,2,0,normal,pending,,,
imgs/2024-04-25_TUEV_Elchingen/NSZ40_2.mp4/2024-04-25_XRAISE_NSZ40_2_00002250.jpg,annots/2024-04-25_TUEV_Elchingen/NSZ40_2.mp4/2024-04-25_XRAISE_NSZ40_2_00002250.xml,2024-04-25_TUEV_Elchingen/NSZ40_2.mp4,2250,train,2.45,3,0,normal,pending,,,
imgs/2024-04-25_TUEV_Elchingen/NSZ40_2.mp4/2024-04-25_XRAISE_NSZ40_2_00002745.jpg,annots/2024-04-25_TUEV_Elchingen/NSZ40_2.mp4/2024-04-25_XRAISE_NSZ40_2_00002745.xml,2024-04-25_TUEV_Elchingen/NSZ40_2.mp4,2745,train,2.45,3,0,normal,pending,,,
imgs/2024-04-25_TUEV_Elchingen/NSZ40_2.mp4/2024-04-25_XRAISE_NSZ40_2_00003240.jpg,annots/2024-04-25_TUEV_Elchingen/NSZ40_2.mp4/2024-04-25_XRAISE_NSZ40_2_00003240.xml,2024-04-25_TUEV_Elchingen/NSZ40_2.mp4,3240,train,2.45,3,0,normal,pending,,,
imgs/2024-04-25_TUEV_Elchingen/NSZ40_2.mp4/2024-04-25_XRAISE_NSZ40_2_00003750.jpg,annots/2024-04-25_TUEV_Elchingen/NSZ40_2.mp4/2024-04-25_XRAISE_NSZ40_2_00003750.xml,2024-04-25_TUEV_Elchingen/NSZ40_2.mp4,3750,train,2.45,3,0,normal,pending,,,
imgs/2024-04-25_TUEV_Elchingen/NSZ40_3.mp4/2024-04-25_XRAISE_NSZ40_3_00000240.jpg,annots/2024-04-25_TUEV_Elchingen/NSZ40_3.mp4/2024-04-25_XRAISE_NSZ40_3_00000240.xml,2024-04-25_TUEV_Elchingen/NSZ40_3.mp4,240,train,2.45,3,0,normal,pending,,,
imgs/2024-04-25_TUEV_Elchingen/NSZ40_3.mp4/2024-04-25_XRAISE_NSZ40_3_00000750.jpg,annots/2024-04-25_TUEV_Elchingen/NSZ40_3.mp4/2024-04-25_XRAISE_NSZ40_3_00000750.xml,2024-04-25_TUEV_Elchingen/NSZ40_3.mp4,750,train,2.45,3,0,normal,pending,,,
imgs/2024-04-25_TUEV_Elchingen/NSZ40_3.mp4/2024-04-25_XRAISE_NSZ40_3_00001260.jpg,annots/2024-04-25_TUEV_Elchingen/NSZ40_3.mp4/2024-04-25_XRAISE_NSZ40_3_00001260.xml,2024-04-25_TUEV_Elchingen/NSZ40_3.mp4,1260,train,2.45,3,0,normal,pending,,,
imgs/2024-04-25_TUEV_Elchingen/NSZ40_3.mp4/2024-04-25_XRAISE_NSZ40_3_00001770.jpg,annots/2024-04-25_TUEV_Elchingen/NSZ40_3.mp4/2024-04-25_XRAISE_NSZ40_3_00001770.xml,2024-04-25_TUEV_Elchingen/NSZ40_3.mp4,1770,train,2.45,3,0,normal,pending,,,
imgs/2024-04-25_TUEV_Elchingen/NSZ40_3.mp4/2024-04-25_XRAISE_NSZ40_3_00002280.jpg,annots/2024-04-25_TUEV_Elchingen/NSZ40_3.mp4/2024-04-25_XRAISE_NSZ40_3_00002280.xml,2024-04-25_TUEV_Elchingen/NSZ40_3.mp4,2280,train,2.45,3,0,normal,pending,,,
imgs/2024-04-25_TUEV_Elchingen/NSZ40_3.mp4/2024-04-25_XRAISE_NSZ40_3_00002790.jpg,annots/2024-04-25_TUEV_Elchingen/NSZ40_3.mp4/2024-04-25_XRAISE_NSZ40_3_00002790.xml,2024-04-25_TUEV_Elchingen/NSZ40_3.mp4,2790,train,2.45,2,0,normal,pending,,,
imgs/2024-04-25_TUEV_Elchingen/NSZ40_3.mp4/2024-04-25_XRAISE_NSZ40_3_00003300.jpg,annots/2024-04-25_TUEV_Elchingen/NSZ40_3.mp4/2024-04-25_XRAISE_NSZ40_3_00003300.xml,2024-04-25_TUEV_Elchingen/NSZ40_3.mp4,3300,train,2.45,2,0,normal,pending,,,
imgs/2024-04-25_TUEV_Elchingen/NSZ40_3.mp4/2024-04-25_XRAISE_NSZ40_3_00003810.jpg,annots/2024-04-25_TUEV_Elchingen/NSZ40_3.mp4/2024-04-25_XRAISE_NSZ40_3_00003810.xml,2024-04-25_TUEV_Elchingen/NSZ40_3.mp4,3810,train,2.45,2,0,normal,pending,,,
imgs/2024-04-25_TUEV_Elchingen/NSZ80_1.mp4/2024-04-25_XRAISE_NSZ80_1_00000075.jpg,annots/2024-04-25_TUEV_Elchingen/NSZ80_1.mp4/2024-04-25_XRAISE_NSZ80_1_00000075.xml,2024-04-25_TUEV_Elchingen/NSZ80_1.mp4,75,train,2.45,2,0,normal,pending,,,
imgs/2024-04-25_TUEV_Elchingen/NSZ80_1.mp4/2024-04-25_XRAISE_NSZ80_1_00000240.jpg,annots/2024-04-25_TUEV_Elchingen/NSZ80_1.mp4/2024-04-25_XRAISE_NSZ80_1_00000240.xml,2024-04-25_TUEV_Elchingen/NSZ80_1.mp4,240,train,2.45,2,0,normal,pending,,,
imgs/2024-04-25_TUEV_Elchingen/NSZ80_1.mp4/2024-04-25_XRAISE_NSZ80_1_00000390.jpg,annots/2024-04-25_TUEV_Elchingen/NSZ80_1.mp4/2024-04-25_XRAISE_NSZ80_1_00000390.xml,2024-04-25_TUEV_Elchingen/NSZ80_1.mp4,390,train,2.45,1,0,normal,pending,,,
imgs/2024-04-25_TUEV_Elchingen/NSZ80_1.mp4/2024-04-25_XRAISE_NSZ80_1_00000555.jpg,annots/2024-04-25_TUEV_Elchingen/NSZ80_1.mp4/2024-04-25_XRAISE_NSZ80_1_00000555.xml,2024-04-25_TUEV_Elchingen/NSZ80_1.mp4,555,train,2.45,1,0,normal,pending,,,
imgs/2024-04-25_TUEV_Elchingen/NSZ80_1.mp4/2024-04-25_XRAISE_NSZ80_1_00000720.jpg,annots/2024-04-25_TUEV_Elchingen/NSZ80_1.mp4/2024-04-25_XRAISE_NSZ80_1_00000720.xml,2024-04-25_TUEV_Elchingen/NSZ80_1.mp4,720,train,2.45,1,0,normal,pending,,,
imgs/2024-04-25_TUEV_Elchingen/NSZ80_1.mp4/2024-04-25_XRAISE_NSZ80_1_00000885.jpg,annots/2024-04-25_TUEV_Elchingen/NSZ80_1.mp4/2024-04-25_XRAISE_NSZ80_1_00000885.xml,2024-04-25_TUEV_Elchingen/NSZ80_1.mp4,885,train,2.45,1,0,normal,pending,,,
imgs/2024-04-25_TUEV_Elchingen/NSZ80_1.mp4/2024-04-25_XRAISE_NSZ80_1_00001035.jpg,annots/2024-04-25_TUEV_Elchingen/NSZ80_1.mp4/2024-04-25_XRAISE_NSZ80_1_00001035.xml,2024-04-25_TUEV_Elchingen/NSZ80_1.mp4,1035,train,2.45,1,0,normal,pending,,,
imgs/2024-04-25_TUEV_Elchingen/NSZ80_1.mp4/2024-04-25_XRAISE_NSZ80_1_00001200.jpg,annots/2024-04-25_TUEV_Elchingen/NSZ80_1.mp4/2024-04-25_XRAISE_NSZ80_1_00001200.xml,2024-04-25_TUEV_Elchingen/NSZ80_1.mp4,1200,train,2.45,2,0,normal,pending,,,
imgs/2024-04-25_TUEV_Elchingen/NSZ80_2.mp4/2024-04-25_XRAISE_NSZ80_2_00000060.jpg,annots/2024-04-25_TUEV_Elchingen/NSZ80_2.mp4/2024-04-25_XRAISE_NSZ80_2_00000060.xml,2024-04-25_TUEV_Elchingen/NSZ80_2.mp4,60,train,2.45,2,0,normal,pending,,,
imgs/2024-04-25_TUEV_Elchingen/NSZ80_2.mp4/2024-04-25_XRAISE_NSZ80_2_00000195.jpg,annots/2024-04-25_TUEV_Elchingen/NSZ80_2.mp4/2024-04-25_XRAISE_NSZ80_2_00000195.xml,2024-04-25_TUEV_Elchingen/NSZ80_2.mp4,195,train,2.45,2,0,normal,pending,,,
imgs/2024-04-25_TUEV_Elchingen/NSZ80_2.mp4/2024-04-25_XRAISE_NSZ80_2_00000330.jpg,annots/2024-04-25_TUEV_Elchingen/NSZ80_2.mp4/2024-04-25_XRAISE_NSZ80_2_00000330.xml,2024-04-25_TUEV_Elchingen/NSZ80_2.mp4,330,train,2.45,2,0,normal,pending,,,
imgs/2024-04-25_TUEV_Elchingen/NSZ80_2.mp4/2024-04-25_XRAISE_NSZ80_2_00000465.jpg,annots/2024-04-25_TUEV_Elchingen/NSZ80_2.mp4/2024-04-25_XRAISE_NSZ80_2_00000465.xml,2024-04-25_TUEV_Elchingen/NSZ80_2.mp4,465,train,2.45,2,0,normal,pending,,,
imgs/2024-04-25_TUEV_Elchingen/NSZ80_2.mp4/2024-04-25_XRAISE_NSZ80_2_00000615.jpg,annots/2024-04-25_TUEV_Elchingen/NSZ80_2.mp4/2024-04-25_XRAISE_NSZ80_2_00000615.xml,2024-04-25_TUEV_Elchingen/NSZ80_2.mp4,615,train,2.45,2,0,normal,pending,,,
imgs/2024-04-25_TUEV_Elchingen/NSZ80_2.mp4/2024-04-25_XRAISE_NSZ80_2_00000750.jpg,annots/2024-04-25_TUEV_Elchingen/NSZ80_2.mp4/2024-04-25_XRAISE_NSZ80_2_00000750.xml,2024-04-25_TUEV_Elchingen/NSZ80_2.mp4,750,train,2.45,2,0,normal,pending,,,
imgs/2024-04-25_TUEV_Elchingen/NSZ80_2.mp4/2024-04-25_XRAISE_NSZ80_2_00000885.jpg,annots/2024-04-25_TUEV_Elchingen/NSZ80_2.mp4/2024-04-25_XRAISE_NSZ80_2_00000885.xml,2024-04-25_TUEV_Elchingen/NSZ80_2.mp4,885,train,2.45,2,0,normal,pending,,,
imgs/2024-04-25_TUEV_Elchingen/NSZ80_2.mp4/2024-04-25_XRAISE_NSZ80_2_00001020.jpg,annots/2024-04-25_TUEV_Elchingen/NSZ80_2.mp4/2024-04-25_XRAISE_NSZ80_2_00001020.xml,2024-04-25_TUEV_Elchingen/NSZ80_2.mp4,1020,train,2.45,1,0,normal,pending,,,
imgs/2024-04-25_TUEV_Elchingen/NSZ80_3.mp4/2024-04-25_XRAISE_NSZ80_3_00000120.jpg,annots/2024-04-25_TUEV_Elchingen/NSZ80_3.mp4/2024-04-25_XRAISE_NSZ80_3_00000120.xml,2024-04-25_TUEV_Elchingen/NSZ80_3.mp4,120,train,2.45,3,0,normal,pending,,,
imgs/2024-04-25_TUEV_Elchingen/NSZ80_3.mp4/2024-04-25_XRAISE_NSZ80_3_00000360.jpg,annots/2024-04-25_TUEV_Elchingen/NSZ80_3.mp4/2024-04-25_XRAISE_NSZ80_3_00000360.xml,2024-04-25_TUEV_Elchingen/NSZ80_3.mp4,360,train,2.45,3,0,normal,pending,,,
imgs/2024-04-25_TUEV_Elchingen/NSZ80_3.mp4/2024-04-25_XRAISE_NSZ80_3_00000600.jpg,annots/2024-04-25_TUEV_Elchingen/NSZ80_3.mp4/2024-04-25_XRAISE_NSZ80_3_00000600.xml,2024-04-25_TUEV_Elchingen/NSZ80_3.mp4,600,train,2.45,2,0,normal,pending,,,
imgs/2024-04-25_TUEV_Elchingen/NSZ80_3.mp4/2024-04-25_XRAISE_NSZ80_3_00000840.jpg,annots/2024-04-25_TUEV_Elchingen/NSZ80_3.mp4/2024-04-25_XRAISE_NSZ80_3_00000840.xml,2024-04-25_TUEV_Elchingen/NSZ80_3.mp4,840,train,2.45,2,0,normal,pending,,,
imgs/2024-04-25_TUEV_Elchingen/NSZ80_3.mp4/2024-04-25_XRAISE_NSZ80_3_00001080.jpg,annots/2024-04-25_TUEV_Elchingen/NSZ80_3.mp4/2024-04-25_XRAISE_NSZ80_3_00001080.xml,2024-04-25_TUEV_Elchingen/NSZ80_3.mp4,1080,train,2.45,2,0,normal,pending,,,
imgs/2024-04-25_TUEV_Elchingen/NSZ80_3.mp4/2024-04-25_XRAISE_NSZ80_3_00001320.jpg,annots/2024-04-25_TUEV_Elchingen/NSZ80_3.mp4/2024-04-25_XRAISE_NSZ80_3_00001320.xml,2024-04-25_TUEV_Elchingen/NSZ80_3.mp4,1320,train,2.45,2,0,normal,pending,,,
imgs/2024-04-25_TUEV_Elchingen/NSZ80_3.mp4/2024-04-25_XRAISE_NSZ80_3_00001560.jpg,annots/2024-04-25_TUEV_Elchingen/NSZ80_3.mp4/2024-04-25_XRAISE_NSZ80_3_00001560.xml,2024-04-25_TUEV_Elchingen/NSZ80_3.mp4,1560,train,2.45,1,0,normal,pending,,,
imgs/2024-04-25_TUEV_Elchingen/NSZ80_3.mp4/2024-04-25_XRAISE_NSZ80_3_00001800.jpg,annots/2024-04-25_TUEV_Elchingen/NSZ80_3.mp4/2024-04-25_XRAISE_NSZ80_3_00001800.xml,2024-04-25_TUEV_Elchingen/NSZ80_3.mp4,1800,train,2.45,1,0,normal,pending,,,
imgs/2024-04-25_TUEV_Elchingen/NSZ80_4.mp4/2024-04-25_XRAISE_NSZ80_4_00000090.jpg,annots/2024-04-25_TUEV_Elchingen/NSZ80_4.mp4/2024-04-25_XRAISE_NSZ80_4_00000090.xml,2024-04-25_TUEV_Elchingen/NSZ80_4.mp4,90,train,2.45,2,0,normal,pending,,,
imgs/2024-04-25_TUEV_Elchingen/NSZ80_4.mp4/2024-04-25_XRAISE_NSZ80_4_00000270.jpg,annots/2024-04-25_TUEV_Elchingen/NSZ80_4.mp4/2024-04-25_XRAISE_NSZ80_4_00000270.xml,2024-04-25_TUEV_Elchingen/NSZ80_4.mp4,270,train,2.45,1,0,normal,pending,,,
imgs/2024-04-25_TUEV_Elchingen/NSZ80_4.mp4/2024-04-25_XRAISE_NSZ80_4_00000465.jpg,annots/2024-04-25_TUEV_Elchingen/NSZ80_4.mp4/2024-04-25_XRAISE_NSZ80_4_00000465.xml,2024-04-25_TUEV_Elchingen/NSZ80_4.mp4,465,train,2.45,1,0,normal,pending,,,
imgs/2024-04-25_TUEV_Elchingen/NSZ80_4.mp4/2024-04-25_XRAISE_NSZ80_4_00000660.jpg,annots/2024-04-25_TUEV_Elchingen/NSZ80_4.mp4/2024-04-25_XRAISE_NSZ80_4_00000660.xml,2024-04-25_TUEV_Elchingen/NSZ80_4.mp4,660,train,2.45,1,0,normal,pending,,,
imgs/2024-04-25_TUEV_Elchingen/NSZ80_4.mp4/2024-04-25_XRAISE_NSZ80_4_00000840.jpg,annots/2024-04-25_TUEV_Elchingen/NSZ80_4.mp4/2024-04-25_XRAISE_NSZ80_4_00000840.xml,2024-04-25_TUEV_Elchingen/NSZ80_4.mp4,840,train,2.45,1,0,normal,pending,,,
imgs/2024-04-25_TUEV_Elchingen/NSZ80_4.mp4/2024-04-25_XRAISE_NSZ80_4_00001035.jpg,annots/2024-04-25_TUEV_Elchingen/NSZ80_4.mp4/2024-04-25_XRAISE_NSZ80_4_00001035.xml,2024-04-25_TUEV_Elchingen/NSZ80_4.mp4,1035,train,2.45,1,0,normal,pending,,,
imgs/2024-04-25_TUEV_Elchingen/NSZ80_4.mp4/2024-04-25_XRAISE_NSZ80_4_00001230.jpg,annots/2024-04-25_TUEV_Elchingen/NSZ80_4.mp4/2024-04-25_XRAISE_NSZ80_4_00001230.xml,2024-04-25_TUEV_Elchingen/NSZ80_4.mp4,1230,train,2.45,1,0,normal,pending,,,
imgs/2024-04-25_TUEV_Elchingen/NSZ80_4.mp4/2024-04-25_XRAISE_NSZ80_4_00001410.jpg,annots/2024-04-25_TUEV_Elchingen/NSZ80_4.mp4/2024-04-25_XRAISE_NSZ80_4_00001410.xml,2024-04-25_TUEV_Elchingen/NSZ80_4.mp4,1410,train,2.45,1,0,normal,pending,,,
imgs/2024-04-25_TUEV_Elchingen/NSZ_10und40-Kinder.mp4/2024-04-25_XRAISE_NSZ_10und40-Kinder_00000120.jpg,annots/2024-04-25_TUEV_Elchingen/NSZ_10und40-Kinder.mp4/2024-04-25_XRAISE_NSZ_10und40-Kinder_00000120.xml,2024-04-25_TUEV_Elchingen/NSZ_10und40-Kinder.mp4,120,train,2.45,1,0,normal,pending,,,
imgs/2024-04-25_TUEV_Elchingen/NSZ_10und40-Kinder.mp4/2024-04-25_XRAISE_NSZ_10und40-Kinder_00000375.jpg,annots/2024-04-25_TUEV_Elchingen/NSZ_10und40-Kinder.mp4/2024-04-25_XRAISE_NSZ_10und40-Kinder_00000375.xml,2024-04-25_TUEV_Elchingen/NSZ_10und40-Kinder.mp4,375,train,2.45,1,0,normal,pending,,,
imgs/2024-04-25_TUEV_Elchingen/NSZ_10und40-Kinder.mp4/2024-04-25_XRAISE_NSZ_10und40-Kinder_00000630.jpg,annots/2024-04-25_TUEV_Elchingen/NSZ_10und40-Kinder.mp4/2024-04-25_XRAISE_NSZ_10und40-Kinder_00000630.xml,2024-04-25_TUEV_Elchingen/NSZ_10und40-Kinder.mp4,630,train,2.45,1,0,normal,pending,,,
imgs/2024-04-25_TUEV_Elchingen/NSZ_10und40-Kinder.mp4/2024-04-25_XRAISE_NSZ_10und40-Kinder_00000885.jpg,annots/2024-04-25_TUEV_Elchingen/NSZ_10und40-Kinder.mp4/2024-04-25_XRAISE_NSZ_10und40-Kinder_00000885.xml,2024-04-25_TUEV_Elchingen/NSZ_10und40-Kinder.mp4,885,train,2.45,1,0,normal,pending,,,
imgs/2024-04-25_TUEV_Elchingen/NSZ_10und40-Kinder.mp4/2024-04-25_XRAISE_NSZ_10und40-Kinder_00001125.jpg,annots/2024-04-25_TUEV_Elchingen/NSZ_10und40-Kinder.mp4/2024-04-25_XRAISE_NSZ_10und40-Kinder_00001125.xml,2024-04-25_TUEV_Elchingen/NSZ_10und40-Kinder.mp4,1125,train,2.45,1,0,normal,pending,,,
imgs/2024-04-25_TUEV_Elchingen/NSZ_10und40-Kinder.mp4/2024-04-25_XRAISE_NSZ_10und40-Kinder_00001380.jpg,annots/2024-04-25_TUEV_Elchingen/NSZ_10und40-Kinder.mp4/2024-04-25_XRAISE_NSZ_10und40-Kinder_00001380.xml,2024-04-25_TUEV_Elchingen/NSZ_10und40-Kinder.mp4,1380,train,2.45,1,0,normal,pending,,,
imgs/2024-04-25_TUEV_Elchingen/NSZ_10und40-Kinder.mp4/2024-04-25_XRAISE_NSZ_10und40-Kinder_00001635.jpg,annots/2024-04-25_TUEV_Elchingen/NSZ_10und40-Kinder.mp4/2024-04-25_XRAISE_NSZ_10und40-Kinder_00001635.xml,2024-04-25_TUEV_Elchingen/NSZ_10und40-Kinder.mp4,1635,train,2.45,1,0,normal,pending,,,
imgs/2024-04-25_TUEV_Elchingen/NSZ_10und40-Kinder.mp4/2024-04-25_XRAISE_NSZ_10und40-Kinder_00001890.jpg,annots/2024-04-25_TUEV_Elchingen/NSZ_10und40-Kinder.mp4/2024-04-25_XRAISE_NSZ_10und40-Kinder_00001890.xml,2024-04-25_TUEV_Elchingen/NSZ_10und40-Kinder.mp4,1890,train,2.45,1,0,normal,pending,,,
imgs/2024-04-25_TUEV_Elchingen/NSZ_10und40und80-Kinder.mp4/2024-04-25_XRAISE_NSZ_10und40und80-Kinder_00000165.jpg,annots/2024-04-25_TUEV_Elchingen/NSZ_10und40und80-Kinder.mp4/2024-04-25_XRAISE_NSZ_10und40und80-Kinder_00000165.xml,2024-04-25_TUEV_Elchingen/NSZ_10und40und80-Kinder.mp4,165,train,2.45,1,0,normal,pending,,,
imgs/2024-04-25_TUEV_Elchingen/NSZ_10und40und80-Kinder.mp4/2024-04-25_XRAISE_NSZ_10und40und80-Kinder_00000510.jpg,annots/2024-04-25_TUEV_Elchingen/NSZ_10und40und80-Kinder.mp4/2024-04-25_XRAISE_NSZ_10und40und80-Kinder_00000510.xml,2024-04-25_TUEV_Elchingen/NSZ_10und40und80-Kinder.mp4,510,train,2.45,1,0,normal,pending,,,
imgs/2024-04-25_TUEV_Elchingen/NSZ_10und40und80-Kinder.mp4/2024-04-25_XRAISE_NSZ_10und40und80-Kinder_00000840.jpg,annots/2024-04-25_TUEV_Elchingen/NSZ_10und40und80-Kinder.mp4/2024-04-25_XRAISE_NSZ_10und40und80-Kinder_00000840.xml,2024-04-25_TUEV_Elchingen/NSZ_10und40und80-Kinder.mp4,840,train,2.45,1,0,normal,pending,,,
imgs/2024-04-25_TUEV_Elchingen/NSZ_10und40und80-Kinder.mp4/2024-04-25_XRAISE_NSZ_10und40und80-Kinder_00001185.jpg,annots/2024-04-25_TUEV_Elchingen/NSZ_10und40und80-Kinder.mp4/2024-04-25_XRAISE_NSZ_10und40und80-Kinder_00001185.xml,2024-04-25_TUEV_Elchingen/NSZ_10und40und80-Kinder.mp4,1185,train,2.45,1,0,normal,pending,,,
imgs/2024-04-25_TUEV_Elchingen/NSZ_10und40und80-Kinder.mp4/2024-04-25_XRAISE_NSZ_10und40und80-Kinder_00001530.jpg,annots/2024-04-25_TUEV_Elchingen/NSZ_10und40und80-Kinder.mp4/2024-04-25_XRAISE_NSZ_10und40und80-Kinder_00001530.xml,2024-04-25_TUEV_Elchingen/NSZ_10und40und80-Kinder.mp4,1530,train,2.45,1,0,normal,pending,,,
imgs/2024-04-25_TUEV_Elchingen/NSZ_10und40und80-Kinder.mp4/2024-04-25_XRAISE_NSZ_10und40und80-Kinder_00001875.jpg,annots/2024-04-25_TUEV_Elchingen/NSZ_10und40und80-Kinder.mp4/2024-04-25_XRAISE_NSZ_10und40und80-Kinder_00001875.xml,2024-04-25_TUEV_Elchingen/NSZ_10und40und80-Kinder.mp4,1875,train,2.45,1,0,normal,pending,,,
imgs/2024-04-25_TUEV_Elchingen/NSZ_10und40und80-Kinder.mp4/2024-04-25_XRAISE_NSZ_10und40und80-Kinder_00002205.jpg,annots/2024-04-25_TUEV_Elchingen/NSZ_10und40und80-Kinder.mp4/2024-04-25_XRAISE_NSZ_10und40und80-Kinder_00002205.xml,2024-04-25_TUEV_Elchingen/NSZ_10und40und80-Kinder.mp4,2205,train,2.45,1,0,normal,pending,,,
imgs/2024-04-25_TUEV_Elchingen/NSZ_10und40und80-Kinder.mp4/2024-04-25_XRAISE_NSZ_10und40und80-Kinder_00002550.jpg,annots/2024-04-25_TUEV_Elchingen/NSZ_10und40und80-Kinder.mp4/2024-04-25_XRAISE_NSZ_10und40und80-Kinder_00002550.xml,2024-04-25_TUEV_Elchingen/NSZ_10und40und80-Kinder.mp4,2550,train,2.45,0,0,normal,pending,,,
imgs/2024-04-25_TUEV_Elchingen/NSZ_10und40und80-Kleinkind.mp4/2024-04-25_XRAISE_NSZ_10und40und80-Kleinkind_00000240.jpg,annots/2024-04-25_TUEV_Elchingen/NSZ_10und40und80-Kleinkind.mp4/2024-04-25_XRAISE_NSZ_10und40und80-Kleinkind_00000240.xml,2024-04-25_TUEV_Elchingen/NSZ_10und40und80-Kleinkind.mp4,240,train,2.45,2,0,normal,pending,,,
imgs/2024-04-25_TUEV_Elchingen/NSZ_10und40und80-Kleinkind.mp4/2024-04-25_XRAISE_NSZ_10und40und80-Kleinkind_00000720.jpg,annots/2024-04-25_TUEV_Elchingen/NSZ_10und40und80-Kleinkind.mp4/2024-04-25_XRAISE_NSZ_10und40und80-Kleinkind_00000720.xml,2024-04-25_TUEV_Elchingen/NSZ_10und40und80-Kleinkind.mp4,720,train,2.45,2,0,normal,pending,,,
imgs/2024-04-25_TUEV_Elchingen/NSZ_10und40und80-Kleinkind.mp4/2024-04-25_XRAISE_NSZ_10und40und80-Kleinkind_00001200.jpg,annots/2024-04-25_TUEV_Elchingen/NSZ_10und40und80-Kleinkind.mp4/2024-04-25_XRAISE_NSZ_10und40und80-Kleinkind_00001200.xml,2024-04-25_TUEV_Elchingen/NSZ_10und40und80-Kleinkind.mp4,1200,train,2.45,2,0,normal,pending,,,
imgs/2024-04-25_TUEV_Elchingen/NSZ_10und40und80-Kleinkind.mp4/2024-04-25_XRAISE_NSZ_10und40und80-Kleinkind_00001680.jpg,annots/2024-04-25_TUEV_Elchingen/NSZ_10und40und80-Kleinkind.mp4/2024-04-25_XRAISE_NSZ_10und40und80-Kleinkind_00001680.xml,2024-04-25_TUEV_Elchingen/NSZ_10und40und80-Kleinkind.mp4,1680,train,2.45,2,0,normal,pending,,,
imgs/2024-04-25_TUEV_Elchingen/NSZ_10und40und80-Kleinkind.mp4/2024-04-25_XRAISE_NSZ_10und40und80-Kleinkind_00002160.jpg,annots/2024-04-25_TUEV_Elchingen/NSZ_10und40und80-Kleinkind.mp4/2024-04-25_XRAISE_NSZ_10und40und80-Kleinkind_00002160.xml,2024-04-25_TUEV_Elchingen/NSZ_10und40und80-Kleinkind.mp4,2160,train,2.45,2,0,normal,pending,,,
imgs/2024-04-25_TUEV_Elchingen/NSZ_10und40und80-Kleinkind.mp4/2024-04-25_XRAISE_NSZ_10und40und80-Kleinkind_00002640.jpg,annots/2024-04-25_TUEV_Elchingen/NSZ_10und40und80-Kleinkind.mp4/2024-04-25_XRAISE_NSZ_10und40und80-Kleinkind_00002640.xml,2024-04-25_TUEV_Elchingen/NSZ_10und40und80-Kleinkind.mp4,2640,train,2.45,1,0,normal,pending,,,
imgs/2024-04-25_TUEV_Elchingen/NSZ_10und40und80-Kleinkind.mp4/2024-04-25_XRAISE_NSZ_10und40und80-Kleinkind_00003120.jpg,annots/2024-04-25_TUEV_Elchingen/NSZ_10und40und80-Kleinkind.mp4/2024-04-25_XRAISE_NSZ_10und40und80-Kleinkind_00003120.xml,2024-04-25_TUEV_Elchingen/NSZ_10und40und80-Kleinkind.mp4,3120,train,2.45,2,0,normal,pending,,,
imgs/2024-04-25_TUEV_Elchingen/NSZ_10und40und80-Kleinkind.mp4/2024-04-25_XRAISE_NSZ_10und40und80-Kleinkind_00003600.jpg,annots/2024-04-25_TUEV_Elchingen/NSZ_10und40und80-Kleinkind.mp4/2024-04-25_XRAISE_NSZ_10und40und80-Kleinkind_00003600.xml,2024-04-25_TUEV_Elchingen/NSZ_10und40und80-Kleinkind.mp4,3600,train,2.45,2,0,normal,pending,,,
imgs/2024-04-25_TUEV_Elchingen/NSZ_80-Kinder.mp4/2024-04-25_XRAISE_NSZ_80-Kinder_00000030.jpg,annots/2024-04-25_TUEV_Elchingen/NSZ_80-Kinder.mp4/2024-04-25_XRAISE_NSZ_80-Kinder_00000030.xml,2024-04-25_TUEV_Elchingen/NSZ_80-Kinder.mp4,30,train,2.45,1,0,normal,pending,,,
imgs/2024-04-25_TUEV_Elchingen/NSZ_80-Kinder.mp4/2024-04-25_XRAISE_NSZ_80-Kinder_00000090.jpg,annots/2024-04-25_TUEV_Elchingen/NSZ_80-Kinder.mp4/2024-04-25_XRAISE_NSZ_80-Kinder_00000090.xml,2024-04-25_TUEV_Elchingen/NSZ_80-Kinder.mp4,90,train,2.45,1,0,normal,pending,,,
imgs/2024-04-25_TUEV_Elchingen/NSZ_80-Kinder.mp4/2024-04-25_XRAISE_NSZ_80-Kinder_00000165.jpg,annots/2024-04-25_TUEV_Elchingen/NSZ_80-Kinder.mp4/2024-04-25_XRAISE_NSZ_80-Kinder_00000165.xml,2024-04-25_TUEV_Elchingen/NSZ_80-Kinder.mp4,165,train,2.45,1,0,normal,pending,,,
imgs/2024-04-25_TUEV_Elchingen/NSZ_80-Kinder.mp4/2024-04-25_XRAISE_NSZ_80-Kinder_00000240.jpg,annots/2024-04-25_TUEV_Elchingen/NSZ_80-Kinder.mp4/2024-04-25_XRAISE_NSZ_80-Kinder_00000240.xml,2024-04-25_TUEV_Elchingen/NSZ_80-Kinder.mp4,240,train,2.45,1,0,normal,pending,,,
imgs/2024-04-25_TUEV_Elchingen/NSZ_80-Kinder.mp4/2024-04-25_XRAISE_NSZ_80-Kinder_00000300.jpg,annots/2024-04-25_TUEV_Elchingen/NSZ_80-Kinder.mp4/2024-04-25_XRAISE_NSZ_80-Kinder_00000300.xml,2024-04-25_TUEV_Elchingen/NSZ_80-Kinder.mp4,300,train,2.45,1,0,normal,pending,,,
imgs/2024-04-25_TUEV_Elchingen/NSZ_80-Kinder.mp4/2024-04-25_XRAISE_NSZ_80-Kinder_00000375.jpg,annots/2024-04-25_TUEV_Elchingen/NSZ_80-Kinder.mp4/2024-04-25_XRAISE_NSZ_80-Kinder_00000375.xml,2024-04-25_TUEV_Elchingen/NSZ_80-Kinder.mp4,375,train,2.45,1,0,normal,pending,,,
imgs/2024-04-25_TUEV_Elchingen/NSZ_80-Kinder.mp4/2024-04-25_XRAISE_NSZ_80-Kinder_00000450.jpg,annots/2024-04-25_TUEV_Elchingen/NSZ_80-Kinder.mp4/2024-04-25_XRAISE_NSZ_80-Kinder_00000450.xml,2024-04-25_TUEV_Elchingen/NSZ_80-Kinder.mp4,450,train,2.45,1,0,normal,pending,,,
imgs/2024-04-25_TUEV_Elchingen/NSZ_80-Kinder.mp4/2024-04-25_XRAISE_NSZ_80-Kinder_00000510.jpg,annots/2024-04-25_TUEV_Elchingen/NSZ_80-Kinder.mp4/2024-04-25_XRAISE_NSZ_80-Kinder_00000510.xml,2024-04-25_TUEV_Elchingen/NSZ_80-Kinder.mp4,510,train,2.45,1,0,normal,pending,,,
imgs/2024-04-25_TUEV_Elchingen/NSZ_Romy_liegend_statisch.mp4/2024-04-25_XRAISE_NSZ_Romy_liegend_statisch_00000120.jpg,annots/2024-04-25_TUEV_Elchingen/NSZ_Romy_liegend_statisch.mp4/2024-04-25_XRAISE_NSZ_Romy_liegend_statisch_00000120.xml,2024-04-25_TUEV_Elchingen/NSZ_Romy_liegend_statisch.mp4,120,train,2.45,5,0,normal,pending,,,
imgs/2024-04-25_TUEV_Elchingen/NSZ_Romy_liegend_statisch.mp4/2024-04-25_XRAISE_NSZ_Romy_liegend_statisch_00000375.jpg,annots/2024-04-25_TUEV_Elchingen/NSZ_Romy_liegend_statisch.mp4/2024-04-25_XRAISE_NSZ_Romy_liegend_statisch_00000375.xml,2024-04-25_TUEV_Elchingen/NSZ_Romy_liegend_statisch.mp4,375,train,2.45,5,0,normal,pending,,,
imgs/2024-04-25_TUEV_Elchingen/NSZ_Romy_liegend_statisch.mp4/2024-04-25_XRAISE_NSZ_Romy_liegend_statisch_00000615.jpg,annots/2024-04-25_TUEV_Elchingen/NSZ_Romy_liegend_statisch.mp4/2024-04-25_XRAISE_NSZ_Romy_liegend_statisch_00000615.xml,2024-04-25_TUEV_Elchingen/NSZ_Romy_liegend_statisch.mp4,615,train,2.45,3,0,normal,pending,,,
imgs/2024-04-25_TUEV_Elchingen/NSZ_Romy_liegend_statisch.mp4/2024-04-25_XRAISE_NSZ_Romy_liegend_statisch_00000870.jpg,annots/2024-04-25_TUEV_Elchingen/NSZ_Romy_liegend_statisch.mp4/2024-04-25_XRAISE_NSZ_Romy_liegend_statisch_00000870.xml,2024-04-25_TUEV_Elchingen/NSZ_Romy_liegend_statisch.mp4,870,train,2.45,1,0,normal,pending,,,
imgs/2024-04-25_TUEV_Elchingen/NSZ_Romy_liegend_statisch.mp4/2024-04-25_XRAISE_NSZ_Romy_liegend_statisch_00001125.jpg,annots/2024-04-25_TUEV_Elchingen/NSZ_Romy_liegend_statisch.mp4/2024-04-25_XRAISE_NSZ_Romy_liegend_statisch_00001125.xml,2024-04-25_TUEV_Elchingen/NSZ_Romy_liegend_statisch.mp4,1125,train,2.45,1,0,normal,pending,,,
imgs/2024-04-25_TUEV_Elchingen/NSZ_Romy_liegend_statisch.mp4/2024-04-25_XRAISE_NSZ_Romy_liegend_statisch_00001380.jpg,annots/2024-04-25_TUEV_Elchingen/NSZ_Romy_liegend_statisch.mp4/2024-04-25_XRAISE_NSZ_Romy_liegend_statisch_00001380.xml,2024-04-25_TUEV_Elchingen/NSZ_Romy_liegend_statisch.mp4,1380,train,2.45,1,0,normal,pending,,,
imgs/2024-04-25_TUEV_Elchingen/NSZ_Romy_liegend_statisch.mp4/2024-04-25_XRAISE_NSZ_Romy_liegend_statisch_00001620.jpg,annots/2024-04-25_TUEV_Elchingen/NSZ_Romy_liegend_statisch.mp4/2024-04-25_XRAISE_NSZ_Romy_liegend_statisch_00001620.xml,2024-04-25_TUEV_Elchingen/NSZ_Romy_liegend_statisch.mp4,1620,train,2.45,1,0,normal,pending,,,
imgs/2024-04-25_TUEV_Elchingen/NSZ_Romy_liegend_statisch.mp4/2024-04-25_XRAISE_NSZ_Romy_liegend_statisch_00001875.jpg,annots/2024-04-25_TUEV_Elchingen/NSZ_Romy_liegend_statisch.mp4/2024-04-25_XRAISE_NSZ_Romy_liegend_statisch_00001875.xml,2024-04-25_TUEV_Elchingen/NSZ_Romy_liegend_statisch.mp4,1875,train,2.45,0,0,normal,pending,,,
imgs/2024-04-25_TUEV_Elchingen/Person-Liegend2_laengs.mp4/2024-04-25_XRAISE_Person-Liegend2_laengs_00000150.jpg,annots/2024-04-25_TUEV_Elchingen/Person-Liegend2_laengs.mp4/2024-04-25_XRAISE_Person-Liegend2_laengs_00000150.xml,2024-04-25_TUEV_Elchingen/Person-Liegend2_laengs.mp4,150,train,2.45,0,0,normal,pending,,,
imgs/2024-04-25_TUEV_Elchingen/Person-Liegend2_laengs.mp4/2024-04-25_XRAISE_Person-Liegend2_laengs_00000480.jpg,annots/2024-04-25_TUEV_Elchingen/Person-Liegend2_laengs.mp4/2024-04-25_XRAISE_Person-Liegend2_laengs_00000480.xml,2024-04-25_TUEV_Elchingen/Person-Liegend2_laengs.mp4,480,train,2.45,0,0,normal,pending,,,
imgs/2024-04-25_TUEV_Elchingen/Person-Liegend2_laengs.mp4/2024-04-25_XRAISE_Person-Liegend2_laengs_00000810.jpg,annots/2024-04-25_TUEV_Elchingen/Person-Liegend2_laengs.mp4/2024-04-25_XRAISE_Person-Liegend2_laengs_00000810.xml,2024-04-25_TUEV_Elchingen/Person-Liegend2_laengs.mp4,810,train,2.45,1,0,normal,pending,,,
imgs/2024-04-25_TUEV_Elchingen/Person-Liegend2_laengs.mp4/2024-04-25_XRAISE_Person-Liegend2_laengs_00001140.jpg,annots/2024-04-25_TUEV_Elchingen/Person-Liegend2_laengs.mp4/2024-04-25_XRAISE_Person-Liegend2_laengs_00001140.xml,2024-04-25_TUEV_Elchingen/Person-Liegend2_laengs.mp4,1140,train,2.45,1,0,normal,pending,,,
imgs/2024-04-25_TUEV_Elchingen/Person-Liegend2_laengs.mp4/2024-04-25_XRAISE_Person-Liegend2_laengs_00001455.jpg,annots/2024-04-25_TUEV_Elchingen/Person-Liegend2_laengs.mp4/2024-04-25_XRAISE_Person-Liegend2_laengs_00001455.xml,2024-04-25_TUEV_Elchingen/Person-Liegend2_laengs.mp4,1455,train,2.45,1,0,normal,pending,,,
imgs/2024-04-25_TUEV_Elchingen/Person-Liegend2_laengs.mp4/2024-04-25_XRAISE_Person-Liegend2_laengs_00001785.jpg,annots/2024-04-25_TUEV_Elchingen/Person-Liegend2_laengs.mp4/2024-04-25_XRAISE_Person-Liegend2_laengs_00001785.xml,2024-04-25_TUEV_Elchingen/Person-Liegend2_laengs.mp4,1785,train,2.45,4,0,normal,pending,,,
imgs/2024-04-25_TUEV_Elchingen/Person-Liegend2_laengs.mp4/2024-04-25_XRAISE_Person-Liegend2_laengs_00002115.jpg,annots/2024-04-25_TUEV_Elchingen/Person-Liegend2_laengs.mp4/2024-04-25_XRAISE_Person-Liegend2_laengs_00002115.xml,2024-04-25_TUEV_Elchingen/Person-Liegend2_laengs.mp4,2115,train,2.45,5,0,normal,pending,,,
imgs/2024-04-25_TUEV_Elchingen/Person-Liegend2_laengs.mp4/2024-04-25_XRAISE_Person-Liegend2_laengs_00002445.jpg,annots/2024-04-25_TUEV_Elchingen/Person-Liegend2_laengs.mp4/2024-04-25_XRAISE_Person-Liegend2_laengs_00002445.xml,2024-04-25_TUEV_Elchingen/Person-Liegend2_laengs.mp4,2445,train,2.45,5,0,normal,pending,,,
imgs/2024-04-25_TUEV_Elchingen/Person-Liegend_gestuerzt.mp4/2024-04-25_XRAISE_Person-Liegend_gestuerzt_00000150.jpg,annots/2024-04-25_TUEV_Elchingen/Person-Liegend_gestuerzt.mp4/2024-04-25_XRAISE_Person-Liegend_gestuerzt_00000150.xml,2024-04-25_TUEV_Elchingen/Person-Liegend_gestuerzt.mp4,150,train,2.45,0,0,normal,pending,,,
imgs/2024-04-25_TUEV_Elchingen/Person-Liegend_gestuerzt.mp4/2024-04-25_XRAISE_Person-Liegend_gestuerzt_00000480.jpg,annots/2024-04-25_TUEV_Elchingen/Person-Liegend_gestuerzt.mp4/2024-04-25_XRAISE_Person-Liegend_gestuerzt_00000480.xml,2024-04-25_TUEV_Elchingen/Person-Liegend_gestuerzt.mp4,480,train,2.45,1,0,normal,pending,,,
imgs/2024-04-25_TUEV_Elchingen/Person-Liegend_gestuerzt.mp4/2024-04-25_XRAISE_Person-Liegend_gestuerzt_00000810.jpg,annots/2024-04-25_TUEV_Elchingen/Person-Liegend_gestuerzt.mp4/2024-04-25_XRAISE_Person-Liegend_gestuerzt_00000810.xml,2024-04-25_TUEV_Elchingen/Person-Liegend_gestuerzt.mp4,810,train,2.45,1,0,normal,pending,,,
imgs/2024-04-25_TUEV_Elchingen/Person-Liegend_gestuerzt.mp4/2024-04-25_XRAISE_Person-Liegend_gestuerzt_00001140.jpg,annots/2024-04-25_TUEV_Elchingen/Person-Liegend_gestuerzt.mp4/2024-04-25_XRAISE_Person-Liegend_gestuerzt_00001140.xml,2024-04-25_TUEV_Elchingen/Person-Liegend_gestuerzt.mp4,1140,train,2.45,5,0,normal,pending,,,
imgs/2024-04-25_TUEV_Elchingen/Person-Liegend_gestuerzt.mp4/2024-04-25_XRAISE_Person-Liegend_gestuerzt_00001470.jpg,annots/2024-04-25_TUEV_Elchingen/Person-Liegend_gestuerzt.mp4/2024-04-25_XRAISE_Person-Liegend_gestuerzt_00001470.xml,2024-04-25_TUEV_Elchingen/Person-Liegend_gestuerzt.mp4,1470,train,2.45,2,0,normal,pending,,,
imgs/2024-04-25_TUEV_Elchingen/Person-Liegend_gestuerzt.mp4/2024-04-25_XRAISE_Person-Liegend_gestuerzt_00001800.jpg,annots/2024-04-25_TUEV_Elchingen/Person-Liegend_gestuerzt.mp4/2024-04-25_XRAISE_Person-Liegend_gestuerzt_00001800.xml,2024-04-25_TUEV_Elchingen/Person-Liegend_gestuerzt.mp4,1800,train,2.45,3,0,normal,pending,,,
imgs/2024-04-25_TUEV_Elchingen/Person-Liegend_gestuerzt.mp4/2024-04-25_XRAISE_Person-Liegend_gestuerzt_00002130.jpg,annots/2024-04-25_TUEV_Elchingen/Person-Liegend_gestuerzt.mp4/2024-04-25_XRAISE_Person-Liegend_gestuerzt_00002130.xml,2024-04-25_TUEV_Elchingen/Person-Liegend_gestuerzt.mp4,2130,train,2.45,6,0,normal,pending,,,
imgs/2024-04-25_TUEV_Elchingen/Person-Liegend_gestuerzt.mp4/2024-04-25_XRAISE_Person-Liegend_gestuerzt_00002460.jpg,annots/2024-04-25_TUEV_Elchingen/Person-Liegend_gestuerzt.mp4/2024-04-25_XRAISE_Person-Liegend_gestuerzt_00002460.xml,2024-04-25_TUEV_Elchingen/Person-Liegend_gestuerzt.mp4,2460,train,2.45,5,0,normal,pending,,,
imgs/2024-04-25_TUEV_Elchingen/Person-Liegend_gestuerzt2.mp4/2024-04-25_XRAISE_Person-Liegend_gestuerzt2_00000075.jpg,annots/2024-04-25_TUEV_Elchingen/Person-Liegend_gestuerzt2.mp4/2024-04-25_XRAISE_Person-Liegend_gestuerzt2_00000075.xml,2024-04-25_TUEV_Elchingen/Person-Liegend_gestuerzt2.mp4,75,train,2.45,1,0,normal,pending,,,
imgs/2024-04-25_TUEV_Elchingen/Person-Liegend_gestuerzt2.mp4/2024-04-25_XRAISE_Person-Liegend_gestuerzt2_00000240.jpg,annots/2024-04-25_TUEV_Elchingen/Person-Liegend_gestuerzt2.mp4/2024-04-25_XRAISE_Person-Liegend_gestuerzt2_00000240.xml,2024-04-25_TUEV_Elchingen/Person-Liegend_gestuerzt2.mp4,240,train,2.45,1,0,normal,pending,,,
imgs/2024-04-25_TUEV_Elchingen/Person-Liegend_gestuerzt2.mp4/2024-04-25_XRAISE_Person-Liegend_gestuerzt2_00000405.jpg,annots/2024-04-25_TUEV_Elchingen/Person-Liegend_gestuerzt2.mp4/2024-04-25_XRAISE_Person-Liegend_gestuerzt2_00000405.xml,2024-04-25_TUEV_Elchingen/Person-Liegend_gestuerzt2.mp4,405,train,2.45,1,0,normal,pending,,,
imgs/2024-04-25_TUEV_Elchingen/Person-Liegend_gestuerzt2.mp4/2024-04-25_XRAISE_Person-Liegend_gestuerzt2_00000570.jpg,annots/2024-04-25_TUEV_Elchingen/Person-Liegend_gestuerzt2.mp4/2024-04-25_XRAISE_Person-Liegend_gestuerzt2_00000570.xml,2024-04-25_TUEV_Elchingen/Person-Liegend_gestuerzt2.mp4,570,train,2.45,1,0,normal,pending,,,
imgs/2024-04-25_TUEV_Elchingen/Person-Liegend_gestuerzt2.mp4/2024-04-25_XRAISE_Person-Liegend_gestuerzt2_00000720.jpg,annots/2024-04-25_TUEV_Elchingen/Person-Liegend_gestuerzt2.mp4/2024-04-25_XRAISE_Person-Liegend_gestuerzt2_00000720.xml,2024-04-25_TUEV_Elchingen/Person-Liegend_gestuerzt2.mp4,720,train,2.45,1,0,normal,pending,,,
imgs/2024-04-25_TUEV_Elchingen/Person-Liegend_gestuerzt2.mp4/2024-04-25_XRAISE_Person-Liegend_gestuerzt2_00000885.jpg,annots/2024-04-25_TUEV_Elchingen/Person-Liegend_gestuerzt2.mp4/2024-04-25_XRAISE_Person-Liegend_gestuerzt2_00000885.xml,2024-04-25_TUEV_Elchingen/Person-Liegend_gestuerzt2.mp4,885,train,2.45,1,0,normal,pending,,,
imgs/2024-04-25_TUEV_Elchingen/Person-Liegend_gestuerzt2.mp4/2024-04-25_XRAISE_Person-Liegend_gestuerzt2_00001050.jpg,annots/2024-04-25_TUEV_Elchingen/Person-Liegend_gestuerzt2.mp4/2024-04-25_XRAISE_Person-Liegend_gestuerzt2_00001050.xml,2024-04-25_TUEV_Elchingen/Person-Liegend_gestuerzt2.mp4,1050,train,2.45,8,0,normal,pending,,,
imgs/2024-04-25_TUEV_Elchingen/Person-Liegend_gestuerzt2.mp4/2024-04-25_XRAISE_Person-Liegend_gestuerzt2_00001215.jpg,annots/2024-04-25_TUEV_Elchingen/Person-Liegend_gestuerzt2.mp4/2024-04-25_XRAISE_Person-Liegend_gestuerzt2_00001215.xml,2024-04-25_TUEV_Elchingen/Person-Liegend_gestuerzt2.mp4,1215,train,2.45,6,0,normal,pending,,,
imgs/2024-04-25_TUEV_Elchingen/Person-Liegend_laengs.mp4/2024-04-25_XRAISE_Person-Liegend_laengs_00000135.jpg,annots/2024-04-25_TUEV_Elchingen/Person-Liegend_laengs.mp4/2024-04-25_XRAISE_Person-Liegend_laengs_00000135.xml,2024-04-25_TUEV_Elchingen/Person-Liegend_laengs.mp4,135,val,2.45,1,0,normal,pending,,,
imgs/2024-04-25_TUEV_Elchingen/Person-Liegend_laengs.mp4/2024-04-25_XRAISE_Person-Liegend_laengs_00000405.jpg,annots/2024-04-25_TUEV_Elchingen/Person-Liegend_laengs.mp4/2024-04-25_XRAISE_Person-Liegend_laengs_00000405.xml,2024-04-25_TUEV_Elchingen/Person-Liegend_laengs.mp4,405,val,2.45,1,0,normal,pending,,,
imgs/2024-04-25_TUEV_Elchingen/Person-Liegend_laengs.mp4/2024-04-25_XRAISE_Person-Liegend_laengs_00000675.jpg,annots/2024-04-25_TUEV_Elchingen/Person-Liegend_laengs.mp4/2024-04-25_XRAISE_Person-Liegend_laengs_00000675.xml,2024-04-25_TUEV_Elchingen/Person-Liegend_laengs.mp4,675,val,2.45,1,0,normal,pending,,,
imgs/2024-04-25_TUEV_Elchingen/Person-Liegend_laengs.mp4/2024-04-25_XRAISE_Person-Liegend_laengs_00000960.jpg,annots/2024-04-25_TUEV_Elchingen/Person-Liegend_laengs.mp4/2024-04-25_XRAISE_Person-Liegend_laengs_00000960.xml,2024-04-25_TUEV_Elchingen/Person-Liegend_laengs.mp4,960,val,2.45,1,0,normal,pending,,,
imgs/2024-04-25_TUEV_Elchingen/Person-Liegend_laengs.mp4/2024-04-25_XRAISE_Person-Liegend_laengs_00001230.jpg,annots/2024-04-25_TUEV_Elchingen/Person-Liegend_laengs.mp4/2024-04-25_XRAISE_Person-Liegend_laengs_00001230.xml,2024-04-25_TUEV_Elchingen/Person-Liegend_laengs.mp4,1230,val,2.45,1,0,normal,pending,,,
imgs/2024-04-25_TUEV_Elchingen/Person-Liegend_laengs.mp4/2024-04-25_XRAISE_Person-Liegend_laengs_00001515.jpg,annots/2024-04-25_TUEV_Elchingen/Person-Liegend_laengs.mp4/2024-04-25_XRAISE_Person-Liegend_laengs_00001515.xml,2024-04-25_TUEV_Elchingen/Person-Liegend_laengs.mp4,1515,val,2.45,1,0,normal,pending,,,
imgs/2024-04-25_TUEV_Elchingen/Person-Liegend_laengs.mp4/2024-04-25_XRAISE_Person-Liegend_laengs_00001785.jpg,annots/2024-04-25_TUEV_Elchingen/Person-Liegend_laengs.mp4/2024-04-25_XRAISE_Person-Liegend_laengs_00001785.xml,2024-04-25_TUEV_Elchingen/Person-Liegend_laengs.mp4,1785,val,2.45,2,0,normal,pending,,,
imgs/2024-04-25_TUEV_Elchingen/Person-Liegend_laengs.mp4/2024-04-25_XRAISE_Person-Liegend_laengs_00002055.jpg,annots/2024-04-25_TUEV_Elchingen/Person-Liegend_laengs.mp4/2024-04-25_XRAISE_Person-Liegend_laengs_00002055.xml,2024-04-25_TUEV_Elchingen/Person-Liegend_laengs.mp4,2055,val,2.45,7,0,normal,pending,,,
imgs/2024-04-25_TUEV_Elchingen/Person-Liegend_nebenGleis.mp4/2024-04-25_XRAISE_Person-Liegend_nebenGleis_00000090.jpg,annots/2024-04-25_TUEV_Elchingen/Person-Liegend_nebenGleis.mp4/2024-04-25_XRAISE_Person-Liegend_nebenGleis_00000090.xml,2024-04-25_TUEV_Elchingen/Person-Liegend_nebenGleis.mp4,90,train,2.45,1,0,normal,pending,,,
imgs/2024-04-25_TUEV_Elchingen/Person-Liegend_nebenGleis.mp4/2024-04-25_XRAISE_Person-Liegend_nebenGleis_00000285.jpg,annots/2024-04-25_TUEV_Elchingen/Person-Liegend_nebenGleis.mp4/2024-04-25_XRAISE_Person-Liegend_nebenGleis_00000285.xml,2024-04-25_TUEV_Elchingen/Person-Liegend_nebenGleis.mp4,285,train,2.45,1,0,normal,pending,,,
imgs/2024-04-25_TUEV_Elchingen/Person-Liegend_nebenGleis.mp4/2024-04-25_XRAISE_Person-Liegend_nebenGleis_00000480.jpg,annots/2024-04-25_TUEV_Elchingen/Person-Liegend_nebenGleis.mp4/2024-04-25_XRAISE_Person-Liegend_nebenGleis_00000480.xml,2024-04-25_TUEV_Elchingen/Person-Liegend_nebenGleis.mp4,480,train,2.45,1,0,normal,pending,,,
imgs/2024-04-25_TUEV_Elchingen/Person-Liegend_nebenGleis.mp4/2024-04-25_XRAISE_Person-Liegend_nebenGleis_00000675.jpg,annots/2024-04-25_TUEV_Elchingen/Person-Liegend_nebenGleis.mp4/2024-04-25_XRAISE_Person-Liegend_nebenGleis_00000675.xml,2024-04-25_TUEV_Elchingen/Person-Liegend_nebenGleis.mp4,675,train,2.45,1,0,normal,pending,,,
imgs/2024-04-25_TUEV_Elchingen/Person-Liegend_nebenGleis.mp4/2024-04-25_XRAISE_Person-Liegend_nebenGleis_00000870.jpg,annots/2024-04-25_TUEV_Elchingen/Person-Liegend_nebenGleis.mp4/2024-04-25_XRAISE_Person-Liegend_nebenGleis_00000870.xml,2024-04-25_TUEV_Elchingen/Person-Liegend_nebenGleis.mp4,870,train,2.45,0,0,normal,pending,,,
imgs/2024-04-25_TUEV_Elchingen/Person-Liegend_nebenGleis.mp4/2024-04-25_XRAISE_Person-Liegend_nebenGleis_00001065.jpg,annots/2024-04-25_TUEV_Elchingen/Person-Liegend_nebenGleis.mp4/2024-04-25_XRAISE_Person-Liegend_nebenGleis_00001065.xml,2024-04-25_TUEV_Elchingen/Person-Liegend_nebenGleis.mp4,1065,train,2.45,0,0,normal,pending,,,
imgs/2024-04-25_TUEV_Elchingen/Person-Liegend_nebenGleis.mp4/2024-04-25_XRAISE_Person-Liegend_nebenGleis_00001260.jpg,annots/2024-04-25_TUEV_Elchingen/Person-Liegend_nebenGleis.mp4/2024-04-25_XRAISE_Person-Liegend_nebenGleis_00001260.xml,2024-04-25_TUEV_Elchingen/Person-Liegend_nebenGleis.mp4,1260,train,2.45,5,0,normal,pending,,,
imgs/2024-04-25_TUEV_Elchingen/Person-Liegend_nebenGleis.mp4/2024-04-25_XRAISE_Person-Liegend_nebenGleis_00001455.jpg,annots/2024-04-25_TUEV_Elchingen/Person-Liegend_nebenGleis.mp4/2024-04-25_XRAISE_Person-Liegend_nebenGleis_00001455.xml,2024-04-25_TUEV_Elchingen/Person-Liegend_nebenGleis.mp4,1455,train,2.45,2,0,normal,pending,,,
imgs/2024-04-25_TUEV_Elchingen/Person-Liegend_quer.mp4/2024-04-25_XRAISE_Person-Liegend_quer_00000090.jpg,annots/2024-04-25_TUEV_Elchingen/Person-Liegend_quer.mp4/2024-04-25_XRAISE_Person-Liegend_quer_00000090.xml,2024-04-25_TUEV_Elchingen/Person-Liegend_quer.mp4,90,train,2.45,0,0,normal,pending,,,
imgs/2024-04-25_TUEV_Elchingen/Person-Liegend_quer.mp4/2024-04-25_XRAISE_Person-Liegend_quer_00000285.jpg,annots/2024-04-25_TUEV_Elchingen/Person-Liegend_quer.mp4/2024-04-25_XRAISE_Person-Liegend_quer_00000285.xml,2024-04-25_TUEV_Elchingen/Person-Liegend_quer.mp4,285,train,2.45,1,0,normal,pending,,,
imgs/2024-04-25_TUEV_Elchingen/Person-Liegend_quer.mp4/2024-04-25_XRAISE_Person-Liegend_quer_00000480.jpg,annots/2024-04-25_TUEV_Elchingen/Person-Liegend_quer.mp4/2024-04-25_XRAISE_Person-Liegend_quer_00000480.xml,2024-04-25_TUEV_Elchingen/Person-Liegend_quer.mp4,480,train,2.45,1,0,normal,pending,,,
imgs/2024-04-25_TUEV_Elchingen/Person-Liegend_quer.mp4/2024-04-25_XRAISE_Person-Liegend_quer_00000675.jpg,annots/2024-04-25_TUEV_Elchingen/Person-Liegend_quer.mp4/2024-04-25_XRAISE_Person-Liegend_quer_00000675.xml,2024-04-25_TUEV_Elchingen/Person-Liegend_quer.mp4,675,train,2.45,1,0,normal,pending,,,
imgs/2024-04-25_TUEV_Elchingen/Person-Liegend_quer.mp4/2024-04-25_XRAISE_Person-Liegend_quer_00000855.jpg,annots/2024-04-25_TUEV_Elchingen/Person-Liegend_quer.mp4/2024-04-25_XRAISE_Person-Liegend_quer_00000855.xml,2024-04-25_TUEV_Elchingen/Person-Liegend_quer.mp4,855,train,2.45,1,0,normal,pending,,,
imgs/2024-04-25_TUEV_Elchingen/Person-Liegend_quer.mp4/2024-04-25_XRAISE_Person-Liegend_quer_00001050.jpg,annots/2024-04-25_TUEV_Elchingen/Person-Liegend_quer.mp4/2024-04-25_XRAISE_Person-Liegend_quer_00001050.xml,2024-04-25_TUEV_Elchingen/Person-Liegend_quer.mp4,1050,train,2.45,1,0,normal,pending,,,
imgs/2024-04-25_TUEV_Elchingen/Person-Liegend_quer.mp4/2024-04-25_XRAISE_Person-Liegend_quer_00001245.jpg,annots/2024-04-25_TUEV_Elchingen/Person-Liegend_quer.mp4/2024-04-25_XRAISE_Person-Liegend_quer_00001245.xml,2024-04-25_TUEV_Elchingen/Person-Liegend_quer.mp4,1245,train,2.45,6,0,normal,pending,,,
imgs/2024-04-25_TUEV_Elchingen/Person-Liegend_quer.mp4/2024-04-25_XRAISE_Person-Liegend_quer_00001440.jpg,annots/2024-04-25_TUEV_Elchingen/Person-Liegend_quer.mp4/2024-04-25_XRAISE_Person-Liegend_quer_00001440.xml,2024-04-25_TUEV_Elchingen/Person-Liegend_quer.mp4,1440,train,2.45,3,0,normal,pending,,,
imgs/2024-04-25_TUEV_Elchingen/Person-hockend_10.mp4/2024-04-25_XRAISE_Person-hockend_10_00000255.jpg,annots/2024-04-25_TUEV_Elchingen/Person-hockend_10.mp4/2024-04-25_XRAISE_Person-hockend_10_00000255.xml,2024-04-25_TUEV_Elchingen/Person-hockend_10.mp4,255,train,2.45,1,0,normal,pending,,,
imgs/2024-04-25_TUEV_Elchingen/Person-hockend_10.mp4/2024-04-25_XRAISE_Person-hockend_10_00000780.jpg,annots/2024-04-25_TUEV_Elchingen/Person-hockend_10.mp4/2024-04-25_XRAISE_Person-hockend_10_00000780.xml,2024-04-25_TUEV_Elchingen/Person-hockend_10.mp4,780,train,2.45,1,0,normal,pending,,,
imgs/2024-04-25_TUEV_Elchingen/Person-hockend_10.mp4/2024-04-25_XRAISE_Person-hockend_10_00001320.jpg,annots/2024-04-25_TUEV_Elchingen/Person-hockend_10.mp4/2024-04-25_XRAISE_Person-hockend_10_00001320.xml,2024-04-25_TUEV_Elchingen/Person-hockend_10.mp4,1320,train,2.45,0,0,normal,pending,,,
imgs/2024-04-25_TUEV_Elchingen/Person-hockend_10.mp4/2024-04-25_XRAISE_Person-hockend_10_00001845.jpg,annots/2024-04-25_TUEV_Elchingen/Person-hockend_10.mp4/2024-04-25_XRAISE_Person-hockend_10_00001845.xml,2024-04-25_TUEV_Elchingen/Person-hockend_10.mp4,1845,train,2.45,2,0,normal,pending,,,
imgs/2024-04-25_TUEV_Elchingen/Person-hockend_10.mp4/2024-04-25_XRAISE_Person-hockend_10_00002370.jpg,annots/2024-04-25_TUEV_Elchingen/Person-hockend_10.mp4/2024-04-25_XRAISE_Person-hockend_10_00002370.xml,2024-04-25_TUEV_Elchingen/Person-hockend_10.mp4,2370,train,2.45,1,0,normal,pending,,,
imgs/2024-04-25_TUEV_Elchingen/Person-hockend_10.mp4/2024-04-25_XRAISE_Person-hockend_10_00002895.jpg,annots/2024-04-25_TUEV_Elchingen/Person-hockend_10.mp4/2024-04-25_XRAISE_Person-hockend_10_00002895.xml,2024-04-25_TUEV_Elchingen/Person-hockend_10.mp4,2895,train,2.45,1,0,normal,pending,,,
imgs/2024-04-25_TUEV_Elchingen/Person-hockend_10.mp4/2024-04-25_XRAISE_Person-hockend_10_00003435.jpg,annots/2024-04-25_TUEV_Elchingen/Person-hockend_10.mp4/2024-04-25_XRAISE_Person-hockend_10_00003435.xml,2024-04-25_TUEV_Elchingen/Person-hockend_10.mp4,3435,train,2.45,1,0,normal,pending,,,
imgs/2024-04-25_TUEV_Elchingen/Person-hockend_10.mp4/2024-04-25_XRAISE_Person-hockend_10_00003960.jpg,annots/2024-04-25_TUEV_Elchingen/Person-hockend_10.mp4/2024-04-25_XRAISE_Person-hockend_10_00003960.xml,2024-04-25_TUEV_Elchingen/Person-hockend_10.mp4,3960,train,2.45,1,0,normal,pending,,,
imgs/2024-04-25_TUEV_Elchingen/Person-hockend_40.mp4/2024-04-25_XRAISE_Person-hockend_40_00000255.jpg,annots/2024-04-25_TUEV_Elchingen/Person-hockend_40.mp4/2024-04-25_XRAISE_Person-hockend_40_00000255.xml,2024-04-25_TUEV_Elchingen/Person-hockend_40.mp4,255,train,2.45,1,0,normal,pending,,,
imgs/2024-04-25_TUEV_Elchingen/Person-hockend_40.mp4/2024-04-25_XRAISE_Person-hockend_40_00000795.jpg,annots/2024-04-25_TUEV_Elchingen/Person-hockend_40.mp4/2024-04-25_XRAISE_Person-hockend_40_00000795.xml,2024-04-25_TUEV_Elchingen/Person-hockend_40.mp4,795,train,2.45,1,0,normal,pending,,,
imgs/2024-04-25_TUEV_Elchingen/Person-hockend_40.mp4/2024-04-25_XRAISE_Person-hockend_40_00001335.jpg,annots/2024-04-25_TUEV_Elchingen/Person-hockend_40.mp4/2024-04-25_XRAISE_Person-hockend_40_00001335.xml,2024-04-25_TUEV_Elchingen/Person-hockend_40.mp4,1335,train,2.45,1,0,normal,pending,,,
imgs/2024-04-25_TUEV_Elchingen/Person-hockend_40.mp4/2024-04-25_XRAISE_Person-hockend_40_00001875.jpg,annots/2024-04-25_TUEV_Elchingen/Person-hockend_40.mp4/2024-04-25_XRAISE_Person-hockend_40_00001875.xml,2024-04-25_TUEV_Elchingen/Person-hockend_40.mp4,1875,train,2.45,1,0,normal,pending,,,
imgs/2024-04-25_TUEV_Elchingen/Person-hockend_40.mp4/2024-04-25_XRAISE_Person-hockend_40_00002400.jpg,annots/2024-04-25_TUEV_Elchingen/Person-hockend_40.mp4/2024-04-25_XRAISE_Person-hockend_40_00002400.xml,2024-04-25_TUEV_Elchingen/Person-hockend_40.mp4,2400,train,2.45,1,0,normal,pending,,,
imgs/2024-04-25_TUEV_Elchingen/Person-hockend_40.mp4/2024-04-25_XRAISE_Person-hockend_40_00002940.jpg,annots/2024-04-25_TUEV_Elchingen/Person-hockend_40.mp4/2024-04-25_XRAISE_Person-hockend_40_00002940.xml,2024-04-25_TUEV_Elchingen/Person-hockend_40.mp4,2940,train,2.45,1,0,normal,pending,,,
imgs/2024-04-25_TUEV_Elchingen/Person-hockend_40.mp4/2024-04-25_XRAISE_Person-hockend_40_00003480.jpg,annots/2024-04-25_TUEV_Elchingen/Person-hockend_40.mp4/2024-04-25_XRAISE_Person-hockend_40_00003480.xml,2024-04-25_TUEV_Elchingen/Person-hockend_40.mp4,3480,train,2.45,1,0,normal,pending,,,
imgs/2024-04-25_TUEV_Elchingen/Person-hockend_40.mp4/2024-04-25_XRAISE_Person-hockend_40_00004020.jpg,annots/2024-04-25_TUEV_Elchingen/Person-hockend_40.mp4/2024-04-25_XRAISE_Person-hockend_40_00004020.xml,2024-04-25_TUEV_Elchingen/Person-hockend_40.mp4,4020,train,2.45,1,0,normal,pending,,,
imgs/2024-04-25_TUEV_Elchingen/Person-hockend_80.mp4/2024-04-25_XRAISE_Person-hockend_80_00000465.jpg,annots/2024-04-25_TUEV_Elchingen/Person-hockend_80.mp4/2024-04-25_XRAISE_Person-hockend_80_00000465.xml,2024-04-25_TUEV_Elchingen/Person-hockend_80.mp4,465,val,2.45,1,0,normal,pending,,,
imgs/2024-04-25_TUEV_Elchingen/Person-hockend_80.mp4/2024-04-25_XRAISE_Person-hockend_80_00001395.jpg,annots/2024-04-25_TUEV_Elchingen/Person-hockend_80.mp4/2024-04-25_XRAISE_Person-hockend_80_00001395.xml,2024-04-25_TUEV_Elchingen/Person-hockend_80.mp4,1395,val,2.45,1,0,normal,pending,,,
imgs/2024-04-25_TUEV_Elchingen/Person-hockend_80.mp4/2024-04-25_XRAISE_Person-hockend_80_00002340.jpg,annots/2024-04-25_TUEV_Elchingen/Person-hockend_80.mp4/2024-04-25_XRAISE_Person-hockend_80_00002340.xml,2024-04-25_TUEV_Elchingen/Person-hockend_80.mp4,2340,val,2.45,1,0,normal,pending,,,
imgs/2024-04-25_TUEV_Elchingen/Person-hockend_80.mp4/2024-04-25_XRAISE_Person-hockend_80_00003270.jpg,annots/2024-04-25_TUEV_Elchingen/Person-hockend_80.mp4/2024-04-25_XRAISE_Person-hockend_80_00003270.xml,2024-04-25_TUEV_Elchingen/Person-hockend_80.mp4,3270,val,2.45,1,0,normal,pending,,,
imgs/2024-04-25_TUEV_Elchingen/Person-hockend_80.mp4/2024-04-25_XRAISE_Person-hockend_80_00004215.jpg,annots/2024-04-25_TUEV_Elchingen/Person-hockend_80.mp4/2024-04-25_XRAISE_Person-hockend_80_00004215.xml,2024-04-25_TUEV_Elchingen/Person-hockend_80.mp4,4215,val,2.45,1,0,normal,pending,,,
imgs/2024-04-25_TUEV_Elchingen/Person-hockend_80.mp4/2024-04-25_XRAISE_Person-hockend_80_00005145.jpg,annots/2024-04-25_TUEV_Elchingen/Person-hockend_80.mp4/2024-04-25_XRAISE_Person-hockend_80_00005145.xml,2024-04-25_TUEV_Elchingen/Person-hockend_80.mp4,5145,val,2.45,1,0,normal,pending,,,
imgs/2024-04-25_TUEV_Elchingen/Person-hockend_80.mp4/2024-04-25_XRAISE_Person-hockend_80_00006090.jpg,annots/2024-04-25_TUEV_Elchingen/Person-hockend_80.mp4/2024-04-25_XRAISE_Person-hockend_80_00006090.xml,2024-04-25_TUEV_Elchingen/Person-hockend_80.mp4,6090,val,2.45,1,0,normal,pending,,,
imgs/2024-04-25_TUEV_Elchingen/Person-hockend_80.mp4/2024-04-25_XRAISE_Person-hockend_80_00007020.jpg,annots/2024-04-25_TUEV_Elchingen/Person-hockend_80.mp4/2024-04-25_XRAISE_Person-hockend_80_00007020.xml,2024-04-25_TUEV_Elchingen/Person-hockend_80.mp4,7020,val,2.45,1,0,normal,pending,,,
imgs/2024-04-25_TUEV_Elchingen/Random Gegenlicht.mp4/2024-04-25_XRAISE_Random Gegenlicht_00000060.jpg,annots/2024-04-25_TUEV_Elchingen/Random Gegenlicht.mp4/2024-04-25_XRAISE_Random Gegenlicht_00000060.xml,2024-04-25_TUEV_Elchingen/Random Gegenlicht.mp4,60,train,2.45,3,0,normal,pending,,,
imgs/2024-04-25_TUEV_Elchingen/Random Gegenlicht.mp4/2024-04-25_XRAISE_Random Gegenlicht_00000195.jpg,annots/2024-04-25_TUEV_Elchingen/Random Gegenlicht.mp4/2024-04-25_XRAISE_Random Gegenlicht_00000195.xml,2024-04-25_TUEV_Elchingen/Random Gegenlicht.mp4,195,train,2.45,3,0,normal,pending,,,
imgs/2024-04-25_TUEV_Elchingen/Random Gegenlicht.mp4/2024-04-25_XRAISE_Random Gegenlicht_00000345.jpg,annots/2024-04-25_TUEV_Elchingen/Random Gegenlicht.mp4/2024-04-25_XRAISE_Random Gegenlicht_00000345.xml,2024-04-25_TUEV_Elchingen/Random Gegenlicht.mp4,345,train,2.45,4,0,normal,pending,,,
imgs/2024-04-25_TUEV_Elchingen/Random Gegenlicht.mp4/2024-04-25_XRAISE_Random Gegenlicht_00000480.jpg,annots/2024-04-25_TUEV_Elchingen/Random Gegenlicht.mp4/2024-04-25_XRAISE_Random Gegenlicht_00000480.xml,2024-04-25_TUEV_Elchingen/Random Gegenlicht.mp4,480,train,2.45,5,0,normal,pending,,,
imgs/2024-04-25_TUEV_Elchingen/Random Gegenlicht.mp4/2024-04-25_XRAISE_Random Gegenlicht_00000615.jpg,annots/2024-04-25_TUEV_Elchingen/Random Gegenlicht.mp4/2024-04-25_XRAISE_Random Gegenlicht_00000615.xml,2024-04-25_TUEV_Elchingen/Random Gegenlicht.mp4,615,train,2.45,4,0,normal,pending,,,
imgs/2024-04-25_TUEV_Elchingen/Random Gegenlicht.mp4/2024-04-25_XRAISE_Random Gegenlicht_00000750.jpg,annots/2024-04-25_TUEV_Elchingen/Random Gegenlicht.mp4/2024-04-25_XRAISE_Random Gegenlicht_00000750.xml,2024-04-25_TUEV_Elchingen/Random Gegenlicht.mp4,750,train,2.45,5,0,normal,pending,,,
imgs/2024-04-25_TUEV_Elchingen/Random Gegenlicht.mp4/2024-04-25_XRAISE_Random Gegenlicht_00000900.jpg,annots/2024-04-25_TUEV_Elchingen/Random Gegenlicht.mp4/2024-04-25_XRAISE_Random Gegenlicht_00000900.xml,2024-04-25_TUEV_Elchingen/Random Gegenlicht.mp4,900,train,2.45,6,0,normal,pending,,,
imgs/2024-04-25_TUEV_Elchingen/Random Gegenlicht.mp4/2024-04-25_XRAISE_Random Gegenlicht_00001035.jpg,annots/2024-04-25_TUEV_Elchingen/Random Gegenlicht.mp4/2024-04-25_XRAISE_Random Gegenlicht_00001035.xml,2024-04-25_TUEV_Elchingen/Random Gegenlicht.mp4,1035,train,2.45,6,0,normal,pending,,,
imgs/2024-04-25_TUEV_Elchingen/Random1.mp4/2024-04-25_XRAISE_Random1_00000030.jpg,annots/2024-04-25_TUEV_Elchingen/Random1.mp4/2024-04-25_XRAISE_Random1_00000030.xml,2024-04-25_TUEV_Elchingen/Random1.mp4,30,train,2.45,11,0,normal,pending,,,
imgs/2024-04-25_TUEV_Elchingen/Random1.mp4/2024-04-25_XRAISE_Random1_00000120.jpg,annots/2024-04-25_TUEV_Elchingen/Random1.mp4/2024-04-25_XRAISE_Random1_00000120.xml,2024-04-25_TUEV_Elchingen/Random1.mp4,120,train,2.45,11,0,normal,pending,,,
imgs/2024-04-25_TUEV_Elchingen/Random1.mp4/2024-04-25_XRAISE_Random1_00000210.jpg,annots/2024-04-25_TUEV_Elchingen/Random1.mp4/2024-04-25_XRAISE_Random1_00000210.xml,2024-04-25_TUEV_Elchingen/Random1.mp4,210,train,2.45,9,0,normal,pending,,,
imgs/2024-04-25_TUEV_Elchingen/Random1.mp4/2024-04-25_XRAISE_Random1_00000285.jpg,annots/2024-04-25_TUEV_Elchingen/Random1.mp4/2024-04-25_XRAISE_Random1_00000285.xml,2024-04-25_TUEV_Elchingen/Random1.mp4,285,train,2.45,10,0,normal,pending,,,
imgs/2024-04-25_TUEV_Elchingen/Random1.mp4/2024-04-25_XRAISE_Random1_00000375.jpg,annots/2024-04-25_TUEV_Elchingen/Random1.mp4/2024-04-25_XRAISE_Random1_00000375.xml,2024-04-25_TUEV_Elchingen/Random1.mp4,375,train,2.45,10,0,normal,pending,,,
imgs/2024-04-25_TUEV_Elchingen/Random1.mp4/2024-04-25_XRAISE_Random1_00000450.jpg,annots/2024-04-25_TUEV_Elchingen/Random1.mp4/2024-04-25_XRAISE_Random1_00000450.xml,2024-04-25_TUEV_Elchingen/Random1.mp4,450,train,2.45,10,0,normal,pending,,,
imgs/2024-04-25_TUEV_Elchingen/Random1.mp4/2024-04-25_XRAISE_Random1_00000540.jpg,annots/2024-04-25_TUEV_Elchingen/Random1.mp4/2024-04-25_XRAISE_Random1_00000540.xml,2024-04-25_TUEV_Elchingen/Random1.mp4,540,train,2.45,7,0,normal,pending,,,
imgs/2024-04-25_TUEV_Elchingen/Random1.mp4/2024-04-25_XRAISE_Random1_00000630.jpg,annots/2024-04-25_TUEV_Elchingen/Random1.mp4/2024-04-25_XRAISE_Random1_00000630.xml,2024-04-25_TUEV_Elchingen/Random1.mp4,630,train,2.45,5,0,normal,pending,,,
imgs/2024-04-25_TUEV_Elchingen/Random_Fahrt mit Zug_Umpositionierung.mp4/2024-04-25_XRAISE_Random_Fahrt mit Zug_Umpositionierung_00000300.jpg,annots/2024-04-25_TUEV_Elchingen/Random_Fahrt mit Zug_Umpositionierung.mp4/2024-04-25_XRAISE_Random_Fahrt mit Zug_Umpositionierung_00000300.xml,2024-04-25_TUEV_Elchingen/Random_Fahrt mit Zug_Umpositionierung.mp4,300,train,2.45,0,0,normal,pending,,,
imgs/2024-04-25_TUEV_Elchingen/Random_Fahrt mit Zug_Umpositionierung.mp4/2024-04-25_XRAISE_Random_Fahrt mit Zug_Umpositionierung_00000915.jpg,annots/2024-04-25_TUEV_Elchingen/Random_Fahrt mit Zug_Umpositionierung.mp4/2024-04-25_XRAISE_Random_Fahrt mit Zug_Umpositionierung_00000915.xml,2024-04-25_TUEV_Elchingen/Random_Fahrt mit Zug_Umpositionierung.mp4,915,train,2.45,0,0,normal,pending,,,
imgs/2024-04-25_TUEV_Elchingen/Random_Fahrt mit Zug_Umpositionierung.mp4/2024-04-25_XRAISE_Random_Fahrt mit Zug_Umpositionierung_00001515.jpg,annots/2024-04-25_TUEV_Elchingen/Random_Fahrt mit Zug_Umpositionierung.mp4/2024-04-25_XRAISE_Random_Fahrt mit Zug_Umpositionierung_00001515.xml,2024-04-25_TUEV_Elchingen/Random_Fahrt mit Zug_Umpositionierung.mp4,1515,train,2.45,0,0,normal,pending,,,
imgs/2024-04-25_TUEV_Elchingen/Random_Fahrt mit Zug_Umpositionierung.mp4/2024-04-25_XRAISE_Random_Fahrt mit Zug_Umpositionierung_00002130.jpg,annots/2024-04-25_TUEV_Elchingen/Random_Fahrt mit Zug_Umpositionierung.mp4/2024-04-25_XRAISE_Random_Fahrt mit Zug_Umpositionierung_00002130.xml,2024-04-25_TUEV_Elchingen/Random_Fahrt mit Zug_Umpositionierung.mp4,2130,train,2.45,0,0,normal,pending,,,
imgs/2024-04-25_TUEV_Elchingen/Random_Fahrt mit Zug_Umpositionierung.mp4/2024-04-25_XRAISE_Random_Fahrt mit Zug_Umpositionierung_00002745.jpg,annots/2024-04-25_TUEV_Elchingen/Random_Fahrt mit Zug_Umpositionierung.mp4/2024-04-25_XRAISE_Random_Fahrt mit Zug_Umpositionierung_00002745.xml,2024-04-25_TUEV_Elchingen/Random_Fahrt mit Zug_Umpositionierung.mp4,2745,train,2.45,0,0,normal,pending,,,
imgs/2024-04-25_TUEV_Elchingen/Random_Fahrt mit Zug_Umpositionierung.mp4/2024-04-25_XRAISE_Random_Fahrt mit Zug_Umpositionierung_00003360.jpg,annots/2024-04-25_TUEV_Elchingen/Random_Fahrt mit Zug_Umpositionierung.mp4/2024-04-25_XRAISE_Random_Fahrt mit Zug_Umpositionierung_00003360.xml,2024-04-25_TUEV_Elchingen/Random_Fahrt mit Zug_Umpositionierung.mp4,3360,train,2.45,1,0,normal,pending,,,
imgs/2024-04-25_TUEV_Elchingen/Random_Fahrt mit Zug_Umpositionierung.mp4/2024-04-25_XRAISE_Random_Fahrt mit Zug_Umpositionierung_00003960.jpg,annots/2024-04-25_TUEV_Elchingen/Random_Fahrt mit Zug_Umpositionierung.mp4/2024-04-25_XRAISE_Random_Fahrt mit Zug_Umpositionierung_00003960.xml,2024-04-25_TUEV_Elchingen/Random_Fahrt mit Zug_Umpositionierung.mp4,3960,train,2.45,1,0,normal,pending,,,
imgs/2024-04-25_TUEV_Elchingen/Random_Fahrt mit Zug_Umpositionierung.mp4/2024-04-25_XRAISE_Random_Fahrt mit Zug_Umpositionierung_00004575.jpg,annots/2024-04-25_TUEV_Elchingen/Random_Fahrt mit Zug_Umpositionierung.mp4/2024-04-25_XRAISE_Random_Fahrt mit Zug_Umpositionierung_00004575.xml,2024-04-25_TUEV_Elchingen/Random_Fahrt mit Zug_Umpositionierung.mp4,4575,train,2.45,1,0,normal,pending,,,
imgs/2024-04-25_TUEV_Elchingen/Random_Fahrt.mp4/2024-04-25_XRAISE_Random_Fahrt_00000150.jpg,annots/2024-04-25_TUEV_Elchingen/Random_Fahrt.mp4/2024-04-25_XRAISE_Random_Fahrt_00000150.xml,2024-04-25_TUEV_Elchingen/Random_Fahrt.mp4,150,test,2.45,4,0,normal,pending,,,
imgs/2024-04-25_TUEV_Elchingen/Random_Fahrt.mp4/2024-04-25_XRAISE_Random_Fahrt_00000465.jpg,annots/2024-04-25_TUEV_Elchingen/Random_Fahrt.mp4/2024-04-25_XRAISE_Random_Fahrt_00000465.xml,2024-04-25_TUEV_Elchingen/Random_Fahrt.mp4,465,test,2.45,2,0,normal,pending,,,
imgs/2024-04-25_TUEV_Elchingen/Random_Fahrt.mp4/2024-04-25_XRAISE_Random_Fahrt_00000780.jpg,annots/2024-04-25_TUEV_Elchingen/Random_Fahrt.mp4/2024-04-25_XRAISE_Random_Fahrt_00000780.xml,2024-04-25_TUEV_Elchingen/Random_Fahrt.mp4,780,test,2.45,0,0,normal,pending,,,
imgs/2024-04-25_TUEV_Elchingen/Random_Fahrt.mp4/2024-04-25_XRAISE_Random_Fahrt_00001095.jpg,annots/2024-04-25_TUEV_Elchingen/Random_Fahrt.mp4/2024-04-25_XRAISE_Random_Fahrt_00001095.xml,2024-04-25_TUEV_Elchingen/Random_Fahrt.mp4,1095,test,2.45,1,0,normal,pending,,,
imgs/2024-04-25_TUEV_Elchingen/Random_Fahrt.mp4/2024-04-25_XRAISE_Random_Fahrt_00001395.jpg,annots/2024-04-25_TUEV_Elchingen/Random_Fahrt.mp4/2024-04-25_XRAISE_Random_Fahrt_00001395.xml,2024-04-25_TUEV_Elchingen/Random_Fahrt.mp4,1395,test,2.45,2,0,normal,pending,,,
imgs/2024-04-25_TUEV_Elchingen/Random_Fahrt.mp4/2024-04-25_XRAISE_Random_Fahrt_00001710.jpg,annots/2024-04-25_TUEV_Elchingen/Random_Fahrt.mp4/2024-04-25_XRAISE_Random_Fahrt_00001710.xml,2024-04-25_TUEV_Elchingen/Random_Fahrt.mp4,1710,test,2.45,2,0,normal,pending,,,
imgs/2024-04-25_TUEV_Elchingen/Random_Fahrt.mp4/2024-04-25_XRAISE_Random_Fahrt_00002025.jpg,annots/2024-04-25_TUEV_Elchingen/Random_Fahrt.mp4/2024-04-25_XRAISE_Random_Fahrt_00002025.xml,2024-04-25_TUEV_Elchingen/Random_Fahrt.mp4,2025,test,2.45,4,0,normal,pending,,,
imgs/2024-04-25_TUEV_Elchingen/Random_Fahrt.mp4/2024-04-25_XRAISE_Random_Fahrt_00002340.jpg,annots/2024-04-25_TUEV_Elchingen/Random_Fahrt.mp4/2024-04-25_XRAISE_Random_Fahrt_00002340.xml,2024-04-25_TUEV_Elchingen/Random_Fahrt.mp4,2340,test,2.45,0,0,normal,pending,,,
imgs/2024-04-25_TUEV_Elchingen/Schwanger-plus-Umhang.mp4/2024-04-25_XRAISE_Schwanger-plus-Umhang_00000195.jpg,annots/2024-04-25_TUEV_Elchingen/Schwanger-plus-Umhang.mp4/2024-04-25_XRAISE_Schwanger-plus-Umhang_00000195.xml,2024-04-25_TUEV_Elchingen/Schwanger-plus-Umhang.mp4,195,train,2.45,1,0,normal,pending,,,
imgs/2024-04-25_TUEV_Elchingen/Schwanger-plus-Umhang.mp4/2024-04-25_XRAISE_Schwanger-plus-Umhang_00000615.jpg,annots/2024-04-25_TUEV_Elchingen/Schwanger-plus-Umhang.mp4/2024-04-25_XRAISE_Schwanger-plus-Umhang_00000615.xml,2024-04-25_TUEV_Elchingen/Schwanger-plus-Umhang.mp4,615,train,2.45,1,0,normal,pending,,,
imgs/2024-04-25_TUEV_Elchingen/Schwanger-plus-Umhang.mp4/2024-04-25_XRAISE_Schwanger-plus-Umhang_00001035.jpg,annots/2024-04-25_TUEV_Elchingen/Schwanger-plus-Umhang.mp4/2024-04-25_XRAISE_Schwanger-plus-Umhang_00001035.xml,2024-04-25_TUEV_Elchingen/Schwanger-plus-Umhang.mp4,1035,train,2.45,1,0,normal,pending,,,
imgs/2024-04-25_TUEV_Elchingen/Schwanger-plus-Umhang.mp4/2024-04-25_XRAISE_Schwanger-plus-Umhang_00001440.jpg,annots/2024-04-25_TUEV_Elchingen/Schwanger-plus-Umhang.mp4/2024-04-25_XRAISE_Schwanger-plus-Umhang_00001440.xml,2024-04-25_TUEV_Elchingen/Schwanger-plus-Umhang.mp4,1440,train,2.45,1,0,normal,pending,,,
imgs/2024-04-25_TUEV_Elchingen/Schwanger-plus-Umhang.mp4/2024-04-25_XRAISE_Schwanger-plus-Umhang_00001860.jpg,annots/2024-04-25_TUEV_Elchingen/Schwanger-plus-Umhang.mp4/2024-04-25_XRAISE_Schwanger-plus-Umhang_00001860.xml,2024-04-25_TUEV_Elchingen/Schwanger-plus-Umhang.mp4,1860,train,2.45,1,0,normal,pending,,,
imgs/2024-04-25_TUEV_Elchingen/Schwanger-plus-Umhang.mp4/2024-04-25_XRAISE_Schwanger-plus-Umhang_00002265.jpg,annots/2024-04-25_TUEV_Elchingen/Schwanger-plus-Umhang.mp4/2024-04-25_XRAISE_Schwanger-plus-Umhang_00002265.xml,2024-04-25_TUEV_Elchingen/Schwanger-plus-Umhang.mp4,2265,train,2.45,0,0,normal,pending,,,
imgs/2024-04-25_TUEV_Elchingen/Schwanger-plus-Umhang.mp4/2024-04-25_XRAISE_Schwanger-plus-Umhang_00002685.jpg,annots/2024-04-25_TUEV_Elchingen/Schwanger-plus-Umhang.mp4/2024-04-25_XRAISE_Schwanger-plus-Umhang_00002685.xml,2024-04-25_TUEV_Elchingen/Schwanger-plus-Umhang.mp4,2685,train,2.45,1,0,normal,pending,,,
imgs/2024-04-25_TUEV_Elchingen/Schwanger-plus-Umhang.mp4/2024-04-25_XRAISE_Schwanger-plus-Umhang_00003105.jpg,annots/2024-04-25_TUEV_Elchingen/Schwanger-plus-Umhang.mp4/2024-04-25_XRAISE_Schwanger-plus-Umhang_00003105.xml,2024-04-25_TUEV_Elchingen/Schwanger-plus-Umhang.mp4,3105,train,2.45,1,0,normal,pending,,,
imgs/2024-04-25_TUEV_Elchingen/Vorbeifahren-bei-Gruppen.mp4/2024-04-25_XRAISE_Vorbeifahren-bei-Gruppen_00000705.jpg,annots/2024-04-25_TUEV_Elchingen/Vorbeifahren-bei-Gruppen.mp4/2024-04-25_XRAISE_Vorbeifahren-bei-Gruppen_00000705.xml,2024-04-25_TUEV_Elchingen/Vorbeifahren-bei-Gruppen.mp4,705,test,2.45,3,0,normal,pending,,,
imgs/2024-04-25_TUEV_Elchingen/Vorbeifahren-bei-Gruppen.mp4/2024-04-25_XRAISE_Vorbeifahren-bei-Gruppen_00002145.jpg,annots/2024-04-25_TUEV_Elchingen/Vorbeifahren-bei-Gruppen.mp4/2024-04-25_XRAISE_Vorbeifahren-bei-Gruppen_00002145.xml,2024-04-25_TUEV_Elchingen/Vorbeifahren-bei-Gruppen.mp4,2145,test,2.45,2,0,normal,pending,,,
imgs/2024-04-25_TUEV_Elchingen/Vorbeifahren-bei-Gruppen.mp4/2024-04-25_XRAISE_Vorbeifahren-bei-Gruppen_00003585.jpg,annots/2024-04-25_TUEV_Elchingen/Vorbeifahren-bei-Gruppen.mp4/2024-04-25_XRAISE_Vorbeifahren-bei-Gruppen_00003585.xml,2024-04-25_TUEV_Elchingen/Vorbeifahren-bei-Gruppen.mp4,3585,test,2.45,0,0,normal,pending,,,
imgs/2024-04-25_TUEV_Elchingen/Vorbeifahren-bei-Gruppen.mp4/2024-04-25_XRAISE_Vorbeifahren-bei-Gruppen_00005025.jpg,annots/2024-04-25_TUEV_Elchingen/Vorbeifahren-bei-Gruppen.mp4/2024-04-25_XRAISE_Vorbeifahren-bei-Gruppen_00005025.xml,2024-04-25_TUEV_Elchingen/Vorbeifahren-bei-Gruppen.mp4,5025,test,2.45,0,0,normal,pending,,,
imgs/2024-04-25_TUEV_Elchingen/Vorbeifahren-bei-Gruppen.mp4/2024-04-25_XRAISE_Vorbeifahren-bei-Gruppen_00006450.jpg,annots/2024-04-25_TUEV_Elchingen/Vorbeifahren-bei-Gruppen.mp4/2024-04-25_XRAISE_Vorbeifahren-bei-Gruppen_00006450.xml,2024-04-25_TUEV_Elchingen/Vorbeifahren-bei-Gruppen.mp4,6450,test,2.45,0,0,normal,pending,,,
imgs/2024-04-25_TUEV_Elchingen/Vorbeifahren-bei-Gruppen.mp4/2024-04-25_XRAISE_Vorbeifahren-bei-Gruppen_00007890.jpg,annots/2024-04-25_TUEV_Elchingen/Vorbeifahren-bei-Gruppen.mp4/2024-04-25_XRAISE_Vorbeifahren-bei-Gruppen_00007890.xml,2024-04-25_TUEV_Elchingen/Vorbeifahren-bei-Gruppen.mp4,7890,test,2.45,0,0,normal,pending,,,
imgs/2024-04-25_TUEV_Elchingen/Vorbeifahren-bei-Gruppen.mp4/2024-04-25_XRAISE_Vorbeifahren-bei-Gruppen_00009330.jpg,annots/2024-04-25_TUEV_Elchingen/Vorbeifahren-bei-Gruppen.mp4/2024-04-25_XRAISE_Vorbeifahren-bei-Gruppen_00009330.xml,2024-04-25_TUEV_Elchingen/Vorbeifahren-bei-Gruppen.mp4,9330,test,2.45,0,0,normal,pending,,,
imgs/2024-04-25_TUEV_Elchingen/Vorbeifahren-bei-Gruppen.mp4/2024-04-25_XRAISE_Vorbeifahren-bei-Gruppen_00010770.jpg,annots/2024-04-25_TUEV_Elchingen/Vorbeifahren-bei-Gruppen.mp4/2024-04-25_XRAISE_Vorbeifahren-bei-Gruppen_00010770.xml,2024-04-25_TUEV_Elchingen/Vorbeifahren-bei-Gruppen.mp4,10770,test,2.45,0,0,normal,pending,,,
imgs/2024-04-25_TUEV_Elchingen/Warnwesten-in-der-Gruppe.mp4/2024-04-25_XRAISE_Warnwesten-in-der-Gruppe_00000375.jpg,annots/2024-04-25_TUEV_Elchingen/Warnwesten-in-der-Gruppe.mp4/2024-04-25_XRAISE_Warnwesten-in-der-Gruppe_00000375.xml,2024-04-25_TUEV_Elchingen/Warnwesten-in-der-Gruppe.mp4,375,val,2.45,7,0,normal,pending,,,
imgs/2024-04-25_TUEV_Elchingen/Warnwesten-in-der-Gruppe.mp4/2024-04-25_XRAISE_Warnwesten-in-der-Gruppe_00001125.jpg,annots/2024-04-25_TUEV_Elchingen/Warnwesten-in-der-Gruppe.mp4/2024-04-25_XRAISE_Warnwesten-in-der-Gruppe_00001125.xml,2024-04-25_TUEV_Elchingen/Warnwesten-in-der-Gruppe.mp4,1125,val,2.45,8,0,normal,pending,,,
imgs/2024-04-25_TUEV_Elchingen/Warnwesten-in-der-Gruppe.mp4/2024-04-25_XRAISE_Warnwesten-in-der-Gruppe_00001875.jpg,annots/2024-04-25_TUEV_Elchingen/Warnwesten-in-der-Gruppe.mp4/2024-04-25_XRAISE_Warnwesten-in-der-Gruppe_00001875.xml,2024-04-25_TUEV_Elchingen/Warnwesten-in-der-Gruppe.mp4,1875,val,2.45,6,0,normal,pending,,,
imgs/2024-04-25_TUEV_Elchingen/Warnwesten-in-der-Gruppe.mp4/2024-04-25_XRAISE_Warnwesten-in-der-Gruppe_00002625.jpg,annots/2024-04-25_TUEV_Elchingen/Warnwesten-in-der-Gruppe.mp4/2024-04-25_XRAISE_Warnwesten-in-der-Gruppe_00002625.xml,2024-04-25_TUEV_Elchingen/Warnwesten-in-der-Gruppe.mp4,2625,val,2.45,7,0,normal,pending,,,
imgs/2024-04-25_TUEV_Elchingen/Warnwesten-in-der-Gruppe.mp4/2024-04-25_XRAISE_Warnwesten-in-der-Gruppe_00003390.jpg,annots/2024-04-25_TUEV_Elchingen/Warnwesten-in-der-Gruppe.mp4/2024-04-25_XRAISE_Warnwesten-in-der-Gruppe_00003390.xml,2024-04-25_TUEV_Elchingen/Warnwesten-in-der-Gruppe.mp4,3390,val,2.45,8,0,normal,pending,,,
imgs/2024-04-25_TUEV_Elchingen/Warnwesten-in-der-Gruppe.mp4/2024-04-25_XRAISE_Warnwesten-in-der-Gruppe_00004140.jpg,annots/2024-04-25_TUEV_Elchingen/Warnwesten-in-der-Gruppe.mp4/2024-04-25_XRAISE_Warnwesten-in-der-Gruppe_00004140.xml,2024-04-25_TUEV_Elchingen/Warnwesten-in-der-Gruppe.mp4,4140,val,2.45,7,0,normal,pending,,,
imgs/2024-04-25_TUEV_Elchingen/Warnwesten-in-der-Gruppe.mp4/2024-04-25_XRAISE_Warnwesten-in-der-Gruppe_00004890.jpg,annots/2024-04-25_TUEV_Elchingen/Warnwesten-in-der-Gruppe.mp4/2024-04-25_XRAISE_Warnwesten-in-der-Gruppe_00004890.xml,2024-04-25_TUEV_Elchingen/Warnwesten-in-der-Gruppe.mp4,4890,val,2.45,8,0,normal,pending,,,
imgs/2024-04-25_TUEV_Elchingen/Warnwesten-in-der-Gruppe.mp4/2024-04-25_XRAISE_Warnwesten-in-der-Gruppe_00005640.jpg,annots/2024-04-25_TUEV_Elchingen/Warnwesten-in-der-Gruppe.mp4/2024-04-25_XRAISE_Warnwesten-in-der-Gruppe_00005640.xml,2024-04-25_TUEV_Elchingen/Warnwesten-in-der-Gruppe.mp4,5640,val,2.45,3,0,normal,pending,,,
imgs/2024-04-25_TUEV_Elchingen/Weichenstellung.mp4/2024-04-25_XRAISE_Weichenstellung_00000090.jpg,annots/2024-04-25_TUEV_Elchingen/Weichenstellung.mp4/2024-04-25_XRAISE_Weichenstellung_00000090.xml,2024-04-25_TUEV_Elchingen/Weichenstellung.mp4,90,train,2.45,3,0,switch_review,pending,,,
imgs/2024-04-25_TUEV_Elchingen/Weichenstellung.mp4/2024-04-25_XRAISE_Weichenstellung_00000270.jpg,annots/2024-04-25_TUEV_Elchingen/Weichenstellung.mp4/2024-04-25_XRAISE_Weichenstellung_00000270.xml,2024-04-25_TUEV_Elchingen/Weichenstellung.mp4,270,train,2.45,2,0,switch_review,pending,,,
imgs/2024-04-25_TUEV_Elchingen/Weichenstellung.mp4/2024-04-25_XRAISE_Weichenstellung_00000450.jpg,annots/2024-04-25_TUEV_Elchingen/Weichenstellung.mp4/2024-04-25_XRAISE_Weichenstellung_00000450.xml,2024-04-25_TUEV_Elchingen/Weichenstellung.mp4,450,train,2.45,3,0,switch_review,pending,,,
imgs/2024-04-25_TUEV_Elchingen/Weichenstellung.mp4/2024-04-25_XRAISE_Weichenstellung_00000630.jpg,annots/2024-04-25_TUEV_Elchingen/Weichenstellung.mp4/2024-04-25_XRAISE_Weichenstellung_00000630.xml,2024-04-25_TUEV_Elchingen/Weichenstellung.mp4,630,train,2.45,3,0,switch_review,pending,,,
imgs/2024-04-25_TUEV_Elchingen/Weichenstellung.mp4/2024-04-25_XRAISE_Weichenstellung_00000810.jpg,annots/2024-04-25_TUEV_Elchingen/Weichenstellung.mp4/2024-04-25_XRAISE_Weichenstellung_00000810.xml,2024-04-25_TUEV_Elchingen/Weichenstellung.mp4,810,train,2.45,2,0,switch_review,pending,,,
imgs/2024-04-25_TUEV_Elchingen/Weichenstellung.mp4/2024-04-25_XRAISE_Weichenstellung_00000990.jpg,annots/2024-04-25_TUEV_Elchingen/Weichenstellung.mp4/2024-04-25_XRAISE_Weichenstellung_00000990.xml,2024-04-25_TUEV_Elchingen/Weichenstellung.mp4,990,train,2.45,2,0,switch_review,pending,,,
imgs/2024-04-25_TUEV_Elchingen/Weichenstellung.mp4/2024-04-25_XRAISE_Weichenstellung_00001170.jpg,annots/2024-04-25_TUEV_Elchingen/Weichenstellung.mp4/2024-04-25_XRAISE_Weichenstellung_00001170.xml,2024-04-25_TUEV_Elchingen/Weichenstellung.mp4,1170,train,2.45,2,0,switch_review,pending,,,
imgs/2024-04-25_TUEV_Elchingen/Weichenstellung.mp4/2024-04-25_XRAISE_Weichenstellung_00001350.jpg,annots/2024-04-25_TUEV_Elchingen/Weichenstellung.mp4/2024-04-25_XRAISE_Weichenstellung_00001350.xml,2024-04-25_TUEV_Elchingen/Weichenstellung.mp4,1350,train,2.45,4,0,switch_review,pending,,,
imgs/2024-04-25_TUEV_Elchingen/ZurueckgehendePersonen.mp4/2024-04-25_XRAISE_ZurueckgehendePersonen_00000120.jpg,annots/2024-04-25_TUEV_Elchingen/ZurueckgehendePersonen.mp4/2024-04-25_XRAISE_ZurueckgehendePersonen_00000120.xml,2024-04-25_TUEV_Elchingen/ZurueckgehendePersonen.mp4,120,train,2.45,4,0,normal,pending,,,
imgs/2024-04-25_TUEV_Elchingen/ZurueckgehendePersonen.mp4/2024-04-25_XRAISE_ZurueckgehendePersonen_00000375.jpg,annots/2024-04-25_TUEV_Elchingen/ZurueckgehendePersonen.mp4/2024-04-25_XRAISE_ZurueckgehendePersonen_00000375.xml,2024-04-25_TUEV_Elchingen/ZurueckgehendePersonen.mp4,375,train,2.45,2,0,normal,pending,,,
imgs/2024-04-25_TUEV_Elchingen/ZurueckgehendePersonen.mp4/2024-04-25_XRAISE_ZurueckgehendePersonen_00000615.jpg,annots/2024-04-25_TUEV_Elchingen/ZurueckgehendePersonen.mp4/2024-04-25_XRAISE_ZurueckgehendePersonen_00000615.xml,2024-04-25_TUEV_Elchingen/ZurueckgehendePersonen.mp4,615,train,2.45,2,0,normal,pending,,,
imgs/2024-04-25_TUEV_Elchingen/ZurueckgehendePersonen.mp4/2024-04-25_XRAISE_ZurueckgehendePersonen_00000870.jpg,annots/2024-04-25_TUEV_Elchingen/ZurueckgehendePersonen.mp4/2024-04-25_XRAISE_ZurueckgehendePersonen_00000870.xml,2024-04-25_TUEV_Elchingen/ZurueckgehendePersonen.mp4,870,train,2.45,2,0,normal,pending,,,
imgs/2024-04-25_TUEV_Elchingen/ZurueckgehendePersonen.mp4/2024-04-25_XRAISE_ZurueckgehendePersonen_00001125.jpg,annots/2024-04-25_TUEV_Elchingen/ZurueckgehendePersonen.mp4/2024-04-25_XRAISE_ZurueckgehendePersonen_00001125.xml,2024-04-25_TUEV_Elchingen/ZurueckgehendePersonen.mp4,1125,train,2.45,2,0,normal,pending,,,
imgs/2024-04-25_TUEV_Elchingen/ZurueckgehendePersonen.mp4/2024-04-25_XRAISE_ZurueckgehendePersonen_00001380.jpg,annots/2024-04-25_TUEV_Elchingen/ZurueckgehendePersonen.mp4/2024-04-25_XRAISE_ZurueckgehendePersonen_00001380.xml,2024-04-25_TUEV_Elchingen/ZurueckgehendePersonen.mp4,1380,train,2.45,3,0,normal,pending,,,
imgs/2024-04-25_TUEV_Elchingen/ZurueckgehendePersonen.mp4/2024-04-25_XRAISE_ZurueckgehendePersonen_00001620.jpg,annots/2024-04-25_TUEV_Elchingen/ZurueckgehendePersonen.mp4/2024-04-25_XRAISE_ZurueckgehendePersonen_00001620.xml,2024-04-25_TUEV_Elchingen/ZurueckgehendePersonen.mp4,1620,train,2.45,4,0,normal,pending,,,
imgs/2024-04-25_TUEV_Elchingen/ZurueckgehendePersonen.mp4/2024-04-25_XRAISE_ZurueckgehendePersonen_00001875.jpg,annots/2024-04-25_TUEV_Elchingen/ZurueckgehendePersonen.mp4/2024-04-25_XRAISE_ZurueckgehendePersonen_00001875.xml,2024-04-25_TUEV_Elchingen/ZurueckgehendePersonen.mp4,1875,train,2.45,1,0,normal,pending,,,
